comment_id,score,uuid,link,question_uuid,user_uuid,creation_date,creation_date_formatted
5943,0,122336972,https://stackoverflow.com/questions/69208813/configuring-and-connect-to-neo4j#comment122336972_69208813,69208813,7371893.0,1631835262.0,2021-09-16 23:34:22
5944,0,122344431,https://stackoverflow.com/questions/69208813/configuring-and-connect-to-neo4j#comment122344431_69208813,69208813,14244437.0,1631869016.0,2021-09-17 08:56:56
5945,0,122318244,https://stackoverflow.com/questions/69199782/neo4j-return-n-to-columns-with-distinct-keysn-as-headers#comment122318244_69199782,69199782,6692895.0,1631785450.0,2021-09-16 09:44:10
5946,0,122324738,https://stackoverflow.com/questions/69199782/neo4j-return-n-to-columns-with-distinct-keysn-as-headers#comment122324738_69199782,69199782,10768865.0,1631799802.0,2021-09-16 13:43:22
5947,1,122267204,https://stackoverflow.com/questions/69177409/how-to-store-knowledge-graph#comment122267204_69177409,69177409,,,
5948,0,122269010,https://stackoverflow.com/questions/69177409/how-to-store-knowledge-graph#comment122269010_69177409,69177409,,,
5949,0,122369050,https://stackoverflow.com/questions/69177409/how-to-store-knowledge-graph#comment122369050_69177409,69177409,,,
5950,1,122315777,https://stackoverflow.com/questions/69163777/connection-closed-accessing-neo4j-in-docker-from-node-js-in-docker-on-mac#comment122315777_69163777,69163777,1814420.0,1631780048.0,2021-09-16 08:14:08
5951,0,122321125,https://stackoverflow.com/questions/69163777/connection-closed-accessing-neo4j-in-docker-from-node-js-in-docker-on-mac#comment122321125_69163777,69163777,214416.0,1631792398.0,2021-09-16 11:39:58
5952,0,122234450,https://stackoverflow.com/questions/69158730/neo4j-apoc-procedure-do-not-import-all-of-my-data#comment122234450_69158730,69158730,6692895.0,1631520557.0,2021-09-13 08:09:17
5953,0,122239749,https://stackoverflow.com/questions/69158730/neo4j-apoc-procedure-do-not-import-all-of-my-data#comment122239749_69158730,69158730,10687857.0,1631534527.0,2021-09-13 12:02:07
5954,0,122215334,https://stackoverflow.com/questions/69147992/not-able-to-create-graph-with-native-projection#comment122215334_69147992,69147992,6692895.0,1631426505.0,2021-09-12 06:01:45
5955,0,122234327,https://stackoverflow.com/questions/69147992/not-able-to-create-graph-with-native-projection#comment122234327_69147992,69147992,16878183.0,1631520243.0,2021-09-13 08:04:03
5956,0,122234368,https://stackoverflow.com/questions/69147992/not-able-to-create-graph-with-native-projection#comment122234368_69147992,69147992,6692895.0,1631520368.0,2021-09-13 08:06:08
5957,0,122234668,https://stackoverflow.com/questions/69147992/not-able-to-create-graph-with-native-projection#comment122234668_69147992,69147992,16878183.0,1631521080.0,2021-09-13 08:18:00
5958,1,122235683,https://stackoverflow.com/questions/69147992/not-able-to-create-graph-with-native-projection#comment122235683_69147992,69147992,16878183.0,1631523819.0,2021-09-13 09:03:39
5959,0,122187069,https://stackoverflow.com/questions/69118543/spring-data-neo4j-field-annotation-validation#comment122187069_69118543,69118543,,,
5960,0,122187325,https://stackoverflow.com/questions/69118543/spring-data-neo4j-field-annotation-validation#comment122187325_69118543,69118543,,,
5961,0,122177158,https://stackoverflow.com/questions/69107479/neo4j-bloom-slows-down-with-increased-number-of-labels#comment122177158_69107479,69107479,,,
5962,1,122138207,https://stackoverflow.com/questions/69104919/py2neo-indexerror-index-out-of-range-on-graph-run-with-gds-alpha-allshortestpat#comment122138207_69104919,69104919,6692895.0,1631115182.0,2021-09-08 15:33:02
5963,0,122127469,https://stackoverflow.com/questions/69098868/shortest-path-between-node-a-and-first-occurance-of-node-b#comment122127469_69098868,69098868,,,
5964,0,122113415,https://stackoverflow.com/questions/69084096/inheritance-of-parent-ontology-attributes-in-neo4j#comment122113415_69084096,69084096,6692895.0,1631035497.0,2021-09-07 17:24:57
5965,0,122264119,https://stackoverflow.com/questions/69084096/inheritance-of-parent-ontology-attributes-in-neo4j#comment122264119_69084096,69084096,-1.0,1631614172.0,2021-09-14 10:09:32
5966,0,121871587,https://stackoverflow.com/questions/68956342/neo4j-load-csv-a-gzip-file-from-ftp#comment121871587_68956342,68956342,,,
5967,0,121892273,https://stackoverflow.com/questions/68956342/neo4j-load-csv-a-gzip-file-from-ftp#comment121892273_68956342,68956342,,,
5968,0,121955804,https://stackoverflow.com/questions/68956342/neo4j-load-csv-a-gzip-file-from-ftp#comment121955804_68956342,68956342,,,
5969,0,121960662,https://stackoverflow.com/questions/68951239/is-there-an-option-or-a-workaround-to-collapse-a-node-in-neo4j-graphxr-view#comment121960662_68951239,68951239,,,
5970,0,121824589,https://stackoverflow.com/questions/68930781/neo4j-install-on-ubuntu-password-not-working#comment121824589_68930781,68930781,2259302.0,1629955465.0,2021-08-26 05:24:25
5971,0,121825152,https://stackoverflow.com/questions/68930781/neo4j-install-on-ubuntu-password-not-working#comment121825152_68930781,68930781,5737950.0,1629957822.0,2021-08-26 06:03:42
5972,0,121832287,https://stackoverflow.com/questions/68930781/neo4j-install-on-ubuntu-password-not-working#comment121832287_68930781,68930781,16705474.0,1629975835.0,2021-08-26 11:03:55
5973,0,121801606,https://stackoverflow.com/questions/68919623/neo4j-4-3-3-apoc-periodic-iterate-uses-only-one-core-how-does-param-concurrenc#comment121801606_68919623,68919623,14244437.0,1629881923.0,2021-08-25 08:58:43
5974,1,121802375,https://stackoverflow.com/questions/68919623/neo4j-4-3-3-apoc-periodic-iterate-uses-only-one-core-how-does-param-concurrenc#comment121802375_68919623,68919623,12438690.0,1629883819.0,2021-08-25 09:30:19
5975,0,121802989,https://stackoverflow.com/questions/68919623/neo4j-4-3-3-apoc-periodic-iterate-uses-only-one-core-how-does-param-concurrenc#comment121802989_68919623,68919623,14244437.0,1629885092.0,2021-08-25 09:51:32
5976,0,121804030,https://stackoverflow.com/questions/68919623/neo4j-4-3-3-apoc-periodic-iterate-uses-only-one-core-how-does-param-concurrenc#comment121804030_68919623,68919623,12438690.0,1629887319.0,2021-08-25 10:28:39
5977,0,121663293,https://stackoverflow.com/questions/68820740/neo4j-what-metrics-to-alert-on#comment121663293_68820740,68820740,,,
5978,0,121576448,https://stackoverflow.com/questions/68792306/neo4j-create-subgraph-java-lang-arrayindexoutofboundsexception#comment121576448_68792306,68792306,6692895.0,1629041130.0,2021-08-15 15:25:30
5979,0,121607170,https://stackoverflow.com/questions/68792306/neo4j-create-subgraph-java-lang-arrayindexoutofboundsexception#comment121607170_68792306,68792306,16672258.0,1629153992.0,2021-08-16 22:46:32
5980,1,121607327,https://stackoverflow.com/questions/68792306/neo4j-create-subgraph-java-lang-arrayindexoutofboundsexception#comment121607327_68792306,68792306,16672258.0,1629154925.0,2021-08-16 23:02:05
5981,1,121560674,https://stackoverflow.com/questions/68784224/graphql-stop-neo4jgraphql-translate-my-models-during-generation#comment121560674_68784224,68784224,6692895.0,1628952022.0,2021-08-14 14:40:22
5982,0,121560789,https://stackoverflow.com/questions/68784224/graphql-stop-neo4jgraphql-translate-my-models-during-generation#comment121560789_68784224,68784224,12507396.0,1628952421.0,2021-08-14 14:47:01
5983,0,121562458,https://stackoverflow.com/questions/68784224/graphql-stop-neo4jgraphql-translate-my-models-during-generation#comment121562458_68784224,68784224,6692895.0,1628959455.0,2021-08-14 16:44:15
5984,1,121563130,https://stackoverflow.com/questions/68784224/graphql-stop-neo4jgraphql-translate-my-models-during-generation#comment121563130_68784224,68784224,12507396.0,1628962347.0,2021-08-14 17:32:27
5985,0,121582416,https://stackoverflow.com/questions/68783594/neo4j-cyper-to-delete-and-upsert-relationship-in-single-query-using-unwind#comment121582416_68783594,68783594,,,
5986,0,121582365,https://stackoverflow.com/questions/68782011/cypher-implement-exists-sub-query-functionality-with-a-call-sub-query#comment121582365_68782011,68782011,7371893.0,1629071778.0,2021-08-15 23:56:18
5987,0,121544331,https://stackoverflow.com/questions/68774632/is-there-a-sql-query-or-procedure-in-oracle-11g-doing-the-same-as-neo4j-cypher-q#comment121544331_68774632,68774632,12642133.0,1628869198.0,2021-08-13 15:39:58
5988,0,121544551,https://stackoverflow.com/questions/68774632/is-there-a-sql-query-or-procedure-in-oracle-11g-doing-the-same-as-neo4j-cypher-q#comment121544551_68774632,68774632,10016991.0,1628869771.0,2021-08-13 15:49:31
5989,0,121551042,https://stackoverflow.com/questions/68774632/is-there-a-sql-query-or-procedure-in-oracle-11g-doing-the-same-as-neo4j-cypher-q#comment121551042_68774632,68774632,1734996.0,1628892530.0,2021-08-13 22:08:50
5990,0,121552594,https://stackoverflow.com/questions/68774632/is-there-a-sql-query-or-procedure-in-oracle-11g-doing-the-same-as-neo4j-cypher-q#comment121552594_68774632,68774632,10016991.0,1628904536.0,2021-08-14 01:28:56
5991,1,121508449,https://stackoverflow.com/questions/68754103/there-is-no-procedure-with-the-name-apoc-refactor-clonesubgraphfrompaths-registe#comment121508449_68754103,68754103,,,
5992,0,121547064,https://stackoverflow.com/questions/68751260/neo4j-cypher-query-error-nolockpipeline2-is-already-locked#comment121547064_68751260,68751260,,,
5993,0,121440704,https://stackoverflow.com/questions/68716327/neo4j-cypher-query-memory-usage-dependent-on-order-by-and-limit-clause#comment121440704_68716327,68716327,,,
5994,0,121433085,https://stackoverflow.com/questions/68711931/longest-path-through-graph#comment121433085_68711931,68711931,277128.0,1628513120.0,2021-08-09 12:45:20
5995,0,121433268,https://stackoverflow.com/questions/68711931/longest-path-through-graph#comment121433268_68711931,68711931,8084623.0,1628513512.0,2021-08-09 12:51:52
5996,0,121435482,https://stackoverflow.com/questions/68711931/longest-path-through-graph#comment121435482_68711931,68711931,277128.0,1628518348.0,2021-08-09 14:12:28
5997,0,121435833,https://stackoverflow.com/questions/68711931/longest-path-through-graph#comment121435833_68711931,68711931,8084623.0,1628519048.0,2021-08-09 14:24:08
5998,0,121436864,https://stackoverflow.com/questions/68711931/longest-path-through-graph#comment121436864_68711931,68711931,277128.0,1628521190.0,2021-08-09 14:59:50
5999,0,121451490,https://stackoverflow.com/questions/68711931/longest-path-through-graph#comment121451490_68711931,68711931,8084623.0,1628579413.0,2021-08-10 07:10:13
6000,0,121453976,https://stackoverflow.com/questions/68711931/longest-path-through-graph#comment121453976_68711931,68711931,8084623.0,1628585932.0,2021-08-10 08:58:52
6001,0,121454535,https://stackoverflow.com/questions/68711931/longest-path-through-graph#comment121454535_68711931,68711931,8084623.0,1628587262.0,2021-08-10 09:21:02
6002,0,121454980,https://stackoverflow.com/questions/68711931/longest-path-through-graph#comment121454980_68711931,68711931,277128.0,1628588229.0,2021-08-10 09:37:09
6003,1,121424136,https://stackoverflow.com/questions/68698141/cypher-the-usage-of-apoc-cypher-runfirstcolumnmany-inside-a-where-clause#comment121424136_68698141,68698141,,,
6004,0,121393296,https://stackoverflow.com/questions/68680466/create-relationships-in-batches-in-the-neo4j-database-using-py2neo-bulk-api-wit#comment121393296_68680466,68680466,,,
6005,0,121388890,https://stackoverflow.com/questions/68671937/regex-on-the-set-statement-in-cypher#comment121388890_68671937,68671937,,,
6006,3,121348037,https://stackoverflow.com/questions/68663948/how-to-create-edge-in-neo4j-of-a-football-match-passes#comment121348037_68663948,68663948,,,
6007,1,121320971,https://stackoverflow.com/questions/68648561/how-to-handle-deadlocks-using-the-javascript-neo4j-driver#comment121320971_68648561,68648561,277128.0,1628069500.0,2021-08-04 09:31:40
6008,0,121321996,https://stackoverflow.com/questions/68648561/how-to-handle-deadlocks-using-the-javascript-neo4j-driver#comment121321996_68648561,68648561,10472149.0,1628071931.0,2021-08-04 10:12:11
6009,0,121325663,https://stackoverflow.com/questions/68648561/how-to-handle-deadlocks-using-the-javascript-neo4j-driver#comment121325663_68648561,68648561,277128.0,1628081504.0,2021-08-04 12:51:44
6010,0,121297689,https://stackoverflow.com/questions/68623325/neo4j-4-3-cluster-creation-always-fail#comment121297689_68623325,68623325,,,
6011,0,121190783,https://stackoverflow.com/questions/68572760/search-unspecific-term-with-specific-answer#comment121190783_68572760,68572760,6692895.0,1627557389.0,2021-07-29 11:16:29
6012,0,121221728,https://stackoverflow.com/questions/68572760/search-unspecific-term-with-specific-answer#comment121221728_68572760,68572760,16552381.0,1627655065.0,2021-07-30 14:24:25
6013,0,121185804,https://stackoverflow.com/questions/68563846/neo4j-how-to-filter-query#comment121185804_68563846,68563846,277128.0,1627545163.0,2021-07-29 07:52:43
6014,0,121186823,https://stackoverflow.com/questions/68563846/neo4j-how-to-filter-query#comment121186823_68563846,68563846,16547593.0,1627547863.0,2021-07-29 08:37:43
6015,0,121649881,https://stackoverflow.com/questions/68563846/neo4j-how-to-filter-query#comment121649881_68563846,68563846,16547593.0,1629296526.0,2021-08-18 14:22:06
6016,0,121668803,https://stackoverflow.com/questions/68563846/neo4j-how-to-filter-query#comment121668803_68563846,68563846,277128.0,1629363680.0,2021-08-19 09:01:20
6017,0,121106846,https://stackoverflow.com/questions/68526769/how-to-implement-datetime-data-in-neo4j#comment121106846_68526769,68526769,277128.0,1627289712.0,2021-07-26 08:55:12
6018,0,121107320,https://stackoverflow.com/questions/68526769/how-to-implement-datetime-data-in-neo4j#comment121107320_68526769,68526769,8547589.0,1627290955.0,2021-07-26 09:15:55
6019,0,121112043,https://stackoverflow.com/questions/68526769/how-to-implement-datetime-data-in-neo4j#comment121112043_68526769,68526769,277128.0,1627303191.0,2021-07-26 12:39:51
6020,0,121046929,https://stackoverflow.com/questions/68489179/connecting-two-nodes-based-on-identical-properties-in-neo4j#comment121046929_68489179,68489179,1379830.0,1626995299.0,2021-07-22 23:08:19
6021,0,121051304,https://stackoverflow.com/questions/68489179/connecting-two-nodes-based-on-identical-properties-in-neo4j#comment121051304_68489179,68489179,6692895.0,1627022320.0,2021-07-23 06:38:40
6022,1,121061903,https://stackoverflow.com/questions/68489179/connecting-two-nodes-based-on-identical-properties-in-neo4j#comment121061903_68489179,68489179,16504736.0,1627051845.0,2021-07-23 14:50:45
6023,0,120990949,https://stackoverflow.com/questions/68454875/neo4j-cypher-shell-create-relationship-too-slow-for-existing-nodes#comment120990949_68454875,68454875,6692895.0,1626809184.0,2021-07-20 19:26:24
6024,0,120999235,https://stackoverflow.com/questions/68454875/neo4j-cypher-shell-create-relationship-too-slow-for-existing-nodes#comment120999235_68454875,68454875,1886562.0,1626851579.0,2021-07-21 07:12:59
6025,1,120947500,https://stackoverflow.com/questions/68430901/is-it-possible-to-implement-schema-modeling-with-neo4j#comment120947500_68430901,68430901,,,
6026,0,120937499,https://stackoverflow.com/questions/68414313/trying-to-create-a-new-node-that-must-have-all-nodes-with-their-labels-and-prope#comment120937499_68414313,68414313,7371893.0,1626623329.0,2021-07-18 15:48:49
6027,0,120963847,https://stackoverflow.com/questions/68414313/trying-to-create-a-new-node-that-must-have-all-nodes-with-their-labels-and-prope#comment120963847_68414313,68414313,272109.0,1626718498.0,2021-07-19 18:14:58
6028,0,120963895,https://stackoverflow.com/questions/68414313/trying-to-create-a-new-node-that-must-have-all-nodes-with-their-labels-and-prope#comment120963895_68414313,68414313,272109.0,1626718633.0,2021-07-19 18:17:13
6029,0,120963989,https://stackoverflow.com/questions/68414313/trying-to-create-a-new-node-that-must-have-all-nodes-with-their-labels-and-prope#comment120963989_68414313,68414313,16465145.0,1626718958.0,2021-07-19 18:22:38
6030,0,120964002,https://stackoverflow.com/questions/68414313/trying-to-create-a-new-node-that-must-have-all-nodes-with-their-labels-and-prope#comment120964002_68414313,68414313,16465145.0,1626718988.0,2021-07-19 18:23:08
6031,0,120964362,https://stackoverflow.com/questions/68414313/trying-to-create-a-new-node-that-must-have-all-nodes-with-their-labels-and-prope#comment120964362_68414313,68414313,272109.0,1626720115.0,2021-07-19 18:41:55
6032,0,120908563,https://stackoverflow.com/questions/68410594/cannot-configure-neo4j-on-ec2-with-classic-load-baancer#comment120908563_68410594,68410594,,,
6033,0,120795619,https://stackoverflow.com/questions/68321790/graph-data-science-error-apoc-metadata-procedure-unavailable#comment120795619_68321790,68321790,6692895.0,1626099185.0,2021-07-12 14:13:05
6034,0,120798657,https://stackoverflow.com/questions/68321790/graph-data-science-error-apoc-metadata-procedure-unavailable#comment120798657_68321790,68321790,16178943.0,1626106002.0,2021-07-12 16:06:42
6035,0,120798767,https://stackoverflow.com/questions/68321790/graph-data-science-error-apoc-metadata-procedure-unavailable#comment120798767_68321790,68321790,6692895.0,1626106300.0,2021-07-12 16:11:40
6036,0,120799629,https://stackoverflow.com/questions/68321790/graph-data-science-error-apoc-metadata-procedure-unavailable#comment120799629_68321790,68321790,16178943.0,1626108446.0,2021-07-12 16:47:26
6037,0,120726030,https://stackoverflow.com/questions/68306241/neo4j-combine-multiple-relationship-and-create-a-new-one-on-the-fly#comment120726030_68306241,68306241,,,
6038,0,120531052,https://stackoverflow.com/questions/68197722/jqassistant-org-neo4j-driver-exceptions-clientexception-unable-to-convert-c-t#comment120531052_68197722,68197722,2912200.0,1625068509.0,2021-06-30 15:55:09
6039,0,120544719,https://stackoverflow.com/questions/68197722/jqassistant-org-neo4j-driver-exceptions-clientexception-unable-to-convert-c-t#comment120544719_68197722,68197722,394071.0,1625123902.0,2021-07-01 07:18:22
6040,0,120545329,https://stackoverflow.com/questions/68197722/jqassistant-org-neo4j-driver-exceptions-clientexception-unable-to-convert-c-t#comment120545329_68197722,68197722,394071.0,1625125502.0,2021-07-01 07:45:02
6041,0,120553216,https://stackoverflow.com/questions/68197722/jqassistant-org-neo4j-driver-exceptions-clientexception-unable-to-convert-c-t#comment120553216_68197722,68197722,2912200.0,1625144079.0,2021-07-01 12:54:39
6042,0,121837258,https://stackoverflow.com/questions/68197722/jqassistant-org-neo4j-driver-exceptions-clientexception-unable-to-convert-c-t#comment121837258_68197722,68197722,2912200.0,1629987027.0,2021-08-26 14:10:27
6043,0,120503198,https://stackoverflow.com/questions/68181849/neo4j-server-is-not-stopping#comment120503198_68181849,68181849,13706114.0,1624981452.0,2021-06-29 15:44:12
6044,0,120778086,https://stackoverflow.com/questions/68181849/neo4j-server-is-not-stopping#comment120778086_68181849,68181849,10482133.0,1626028385.0,2021-07-11 18:33:05
6045,0,120493097,https://stackoverflow.com/questions/68172957/convert-scala-neo4j-write-code-to-pyspark-in-databrick#comment120493097_68172957,68172957,18627.0,1624958426.0,2021-06-29 09:20:26
6046,0,120494660,https://stackoverflow.com/questions/68172957/convert-scala-neo4j-write-code-to-pyspark-in-databrick#comment120494660_68172957,68172957,11350627.0,1624962312.0,2021-06-29 10:25:12
6047,0,120495023,https://stackoverflow.com/questions/68172957/convert-scala-neo4j-write-code-to-pyspark-in-databrick#comment120495023_68172957,68172957,18627.0,1624963253.0,2021-06-29 10:40:53
6048,0,120492550,https://stackoverflow.com/questions/68168131/spring-neo4j-transientexception-brokes-connection-for-the-thread#comment120492550_68168131,68168131,277128.0,1624957051.0,2021-06-29 08:57:31
6049,0,120493291,https://stackoverflow.com/questions/68168131/spring-neo4j-transientexception-brokes-connection-for-the-thread#comment120493291_68168131,68168131,641652.0,1624958891.0,2021-06-29 09:28:11
6050,0,120493381,https://stackoverflow.com/questions/68168131/spring-neo4j-transientexception-brokes-connection-for-the-thread#comment120493381_68168131,68168131,641652.0,1624959077.0,2021-06-29 09:31:17
6051,0,120494081,https://stackoverflow.com/questions/68168131/spring-neo4j-transientexception-brokes-connection-for-the-thread#comment120494081_68168131,68168131,277128.0,1624960746.0,2021-06-29 09:59:06
6052,0,120496385,https://stackoverflow.com/questions/68168131/spring-neo4j-transientexception-brokes-connection-for-the-thread#comment120496385_68168131,68168131,277128.0,1624966668.0,2021-06-29 11:37:48
6053,0,120498203,https://stackoverflow.com/questions/68168131/spring-neo4j-transientexception-brokes-connection-for-the-thread#comment120498203_68168131,68168131,641652.0,1624970892.0,2021-06-29 12:48:12
6054,0,120519690,https://stackoverflow.com/questions/68168131/spring-neo4j-transientexception-brokes-connection-for-the-thread#comment120519690_68168131,68168131,277128.0,1625043725.0,2021-06-30 09:02:05
6055,1,120466549,https://stackoverflow.com/questions/68145389/neo4j-import-where-field-has-multiple-values#comment120466549_68145389,68145389,,,
6056,0,120406084,https://stackoverflow.com/questions/68124416/how-can-i-configure-rails-with-neo4j-in-an-existing-repo#comment120406084_68124416,68124416,12219679.0,1624593712.0,2021-06-25 04:01:52
6057,0,120406751,https://stackoverflow.com/questions/68124416/how-can-i-configure-rails-with-neo4j-in-an-existing-repo#comment120406751_68124416,68124416,895789.0,1624597410.0,2021-06-25 05:03:30
6058,0,120337051,https://stackoverflow.com/questions/68084680/what-is-indexerror-returned-by-py2neo#comment120337051_68084680,68084680,12930958.0,1624371139.0,2021-06-22 14:12:19
6059,0,120337369,https://stackoverflow.com/questions/68084680/what-is-indexerror-returned-by-py2neo#comment120337369_68084680,68084680,12900499.0,1624371742.0,2021-06-22 14:22:22
6060,0,120339487,https://stackoverflow.com/questions/68084680/what-is-indexerror-returned-by-py2neo#comment120339487_68084680,68084680,1379830.0,1624375953.0,2021-06-22 15:32:33
6061,0,120341746,https://stackoverflow.com/questions/68084680/what-is-indexerror-returned-by-py2neo#comment120341746_68084680,68084680,12900499.0,1624381075.0,2021-06-22 16:57:55
6062,0,120341938,https://stackoverflow.com/questions/68084680/what-is-indexerror-returned-by-py2neo#comment120341938_68084680,68084680,1379830.0,1624381623.0,2021-06-22 17:07:03
6063,0,120343535,https://stackoverflow.com/questions/68084680/what-is-indexerror-returned-by-py2neo#comment120343535_68084680,68084680,1379830.0,1624386083.0,2021-06-22 18:21:23
6064,0,120345702,https://stackoverflow.com/questions/68084680/what-is-indexerror-returned-by-py2neo#comment120345702_68084680,68084680,12900499.0,1624392419.0,2021-06-22 20:06:59
6065,0,120321870,https://stackoverflow.com/questions/68065573/neo4j-merge-nodes-by-shared-node-property#comment120321870_68065573,68065573,92359.0,1624323668.0,2021-06-22 01:01:08
6066,0,120332812,https://stackoverflow.com/questions/68065573/neo4j-merge-nodes-by-shared-node-property#comment120332812_68065573,68065573,,,
6067,0,120347945,https://stackoverflow.com/questions/68065573/neo4j-merge-nodes-by-shared-node-property#comment120347945_68065573,68065573,92359.0,1624400688.0,2021-06-22 22:24:48
6068,0,120310428,https://stackoverflow.com/questions/68061442/neo4j-graphsage-model-not-training#comment120310428_68061442,68061442,6692895.0,1624286034.0,2021-06-21 14:33:54
6069,2,120277897,https://stackoverflow.com/questions/68050520/error-type-with-name-long-does-not-exists#comment120277897_68050520,68050520,6124657.0,1624138321.0,2021-06-19 21:32:01
6070,1,120230939,https://stackoverflow.com/questions/68017598/compare-list-in-neo4j-cypher-query#comment120230939_68017598,68017598,,,
6071,0,120253679,https://stackoverflow.com/questions/68014663/error-in-neo4j-desktop-when-creating-a-local-dbms#comment120253679_68014663,68014663,,,
6072,0,120231511,https://stackoverflow.com/questions/68013763/problem-displaying-custom-output-on-in-neo4j#comment120231511_68013763,68013763,,,
6073,0,120205232,https://stackoverflow.com/questions/68005653/graphql-mutation-returns-null-from-neo4j-database-using-neo4j-graphql-js#comment120205232_68005653,68005653,13850427.0,1623873557.0,2021-06-16 19:59:17
6074,0,120248969,https://stackoverflow.com/questions/68005653/graphql-mutation-returns-null-from-neo4j-database-using-neo4j-graphql-js#comment120248969_68005653,68005653,10687857.0,1624017380.0,2021-06-18 11:56:20
6075,0,120193725,https://stackoverflow.com/questions/68000851/spring-data-neo4j-polymorphic-children-collection#comment120193725_68000851,68000851,2650436.0,1623846983.0,2021-06-16 12:36:23
6076,0,120204867,https://stackoverflow.com/questions/68000851/spring-data-neo4j-polymorphic-children-collection#comment120204867_68000851,68000851,2779330.0,1623872513.0,2021-06-16 19:41:53
6077,0,120205202,https://stackoverflow.com/questions/68000851/spring-data-neo4j-polymorphic-children-collection#comment120205202_68000851,68000851,2650436.0,1623873456.0,2021-06-16 19:57:36
6078,0,120340519,https://stackoverflow.com/questions/67988563/dynamic-import-uneven-data-neo4j#comment120340519_67988563,67988563,10693596.0,1624378190.0,2021-06-22 16:09:50
6079,0,120366293,https://stackoverflow.com/questions/67988563/dynamic-import-uneven-data-neo4j#comment120366293_67988563,67988563,2636044.0,1624459942.0,2021-06-23 14:52:22
6080,0,120463807,https://stackoverflow.com/questions/67988563/dynamic-import-uneven-data-neo4j#comment120463807_67988563,67988563,1185961.0,1624865518.0,2021-06-28 07:31:58
6081,0,120492721,https://stackoverflow.com/questions/67988563/dynamic-import-uneven-data-neo4j#comment120492721_67988563,67988563,2636044.0,1624957471.0,2021-06-29 09:04:31
6082,0,120143667,https://stackoverflow.com/questions/67956964/neo4j-how-to-compare-elements-in-different-lists-so-that-each-row-has-different#comment120143667_67956964,67956964,1379830.0,1623686853.0,2021-06-14 16:07:33
6083,0,120147482,https://stackoverflow.com/questions/67956964/neo4j-how-to-compare-elements-in-different-lists-so-that-each-row-has-different#comment120147482_67956964,67956964,4414246.0,1623697277.0,2021-06-14 19:01:17
6084,0,120147513,https://stackoverflow.com/questions/67956964/neo4j-how-to-compare-elements-in-different-lists-so-that-each-row-has-different#comment120147513_67956964,67956964,4414246.0,1623697357.0,2021-06-14 19:02:37
6095,0,122427099,https://stackoverflow.com/questions/69266827/how-to-simplify-neo4j-query-with-multiple-cases#comment122427099_69266827,69266827,1863229.0,1632217986.0,2021-09-21 09:53:06
6097,0,122334374,https://stackoverflow.com/questions/69214441/kubernetes-pod-filelockexception-lock-file-has-been-locked-by-another-process#comment122334374_69214441,69214441,1987838.0,1631824090.0,2021-09-16 20:28:10
6098,0,122335004,https://stackoverflow.com/questions/69214441/kubernetes-pod-filelockexception-lock-file-has-been-locked-by-another-process#comment122335004_69214441,69214441,8598739.0,1631826288.0,2021-09-16 21:04:48
6099,0,122335235,https://stackoverflow.com/questions/69214441/kubernetes-pod-filelockexception-lock-file-has-been-locked-by-another-process#comment122335235_69214441,69214441,1987838.0,1631827010.0,2021-09-16 21:16:50
6100,1,122336780,https://stackoverflow.com/questions/69214441/kubernetes-pod-filelockexception-lock-file-has-been-locked-by-another-process#comment122336780_69214441,69214441,10008173.0,1631834152.0,2021-09-16 23:15:52
6101,0,122337798,https://stackoverflow.com/questions/69214441/kubernetes-pod-filelockexception-lock-file-has-been-locked-by-another-process#comment122337798_69214441,69214441,8598739.0,1631841199.0,2021-09-17 01:13:19
6102,0,122337823,https://stackoverflow.com/questions/69214441/kubernetes-pod-filelockexception-lock-file-has-been-locked-by-another-process#comment122337823_69214441,69214441,8598739.0,1631841364.0,2021-09-17 01:16:04
6103,0,122337850,https://stackoverflow.com/questions/69214441/kubernetes-pod-filelockexception-lock-file-has-been-locked-by-another-process#comment122337850_69214441,69214441,8598739.0,1631841558.0,2021-09-17 01:19:18
6104,0,122337854,https://stackoverflow.com/questions/69214441/kubernetes-pod-filelockexception-lock-file-has-been-locked-by-another-process#comment122337854_69214441,69214441,8598739.0,1631841587.0,2021-09-17 01:19:47
6105,0,122337895,https://stackoverflow.com/questions/69214441/kubernetes-pod-filelockexception-lock-file-has-been-locked-by-another-process#comment122337895_69214441,69214441,8598739.0,1631841937.0,2021-09-17 01:25:37
6107,0,122115375,https://stackoverflow.com/questions/69092539/in-neo4j-is-there-anyway-to-create-a-graph-projection-if-your-graph-is-too-big#comment122115375_69092539,69092539,6692895.0,1631041025.0,2021-09-07 18:57:05
6108,0,122025763,https://stackoverflow.com/questions/69044126/how-do-i-follow-a-specific-pattern-of-multiple-nodes-relationships-any-number-of#comment122025763_69044126,69044126,272109.0,1630668527.0,2021-09-03 11:28:47
6109,0,122021876,https://stackoverflow.com/questions/69041593/cant-query-created-nodes-from-apoc-load-xml#comment122021876_69041593,69041593,1734996.0,1630658676.0,2021-09-03 08:44:36
6110,0,122025139,https://stackoverflow.com/questions/69041593/cant-query-created-nodes-from-apoc-load-xml#comment122025139_69041593,69041593,7897486.0,1630667072.0,2021-09-03 11:04:32
6111,0,122018586,https://stackoverflow.com/questions/69040046/which-version-of-neo4j-does-the-grails-plugin-support#comment122018586_69040046,69040046,14893.0,1630648378.0,2021-09-03 05:52:58
6112,0,122003107,https://stackoverflow.com/questions/69015425/load-csv-mulitple-merge-and-eager-operator#comment122003107_69015425,69015425,7371893.0,1630590434.0,2021-09-02 13:47:14
6113,0,121952787,https://stackoverflow.com/questions/69002213/how-to-get-the-output-of-the-neo4j-query-in-currency-format-with-symbol#comment121952787_69002213,69002213,13448436.0,1630430873.0,2021-08-31 17:27:53
6114,0,121968419,https://stackoverflow.com/questions/69002213/how-to-get-the-output-of-the-neo4j-query-in-currency-format-with-symbol#comment121968419_69002213,69002213,1716038.0,1630491729.0,2021-09-01 10:22:09
6115,0,121956866,https://stackoverflow.com/questions/68998262/get-nodes-having-more-than-x-relationships-and-its-children-in-specific-format#comment121956866_68998262,68998262,6692895.0,1630442968.0,2021-08-31 20:49:28
6116,0,121964736,https://stackoverflow.com/questions/68998262/get-nodes-having-more-than-x-relationships-and-its-children-in-specific-format#comment121964736_68998262,68998262,12334270.0,1630482565.0,2021-09-01 07:49:25
6117,1,121949565,https://stackoverflow.com/questions/68996990/cant-open-neo4j-browser-after-loading-the-newest-db-dump#comment121949565_68996990,68996990,10687857.0,1630422919.0,2021-08-31 15:15:19
6118,0,121930269,https://stackoverflow.com/questions/68989342/neo4j-vector-operations-on-arrays#comment121930269_68989342,68989342,6692895.0,1630359937.0,2021-08-30 21:45:37
6119,0,121934700,https://stackoverflow.com/questions/68989342/neo4j-vector-operations-on-arrays#comment121934700_68989342,68989342,2259302.0,1630387748.0,2021-08-31 05:29:08
6120,0,121911540,https://stackoverflow.com/questions/68979927/jqassistant-cant-reset-external-neo4j-store-why#comment121911540_68979927,68979927,2259302.0,1630309161.0,2021-08-30 07:39:21
6121,0,121937292,https://stackoverflow.com/questions/68979927/jqassistant-cant-reset-external-neo4j-store-why#comment121937292_68979927,68979927,394071.0,1630395827.0,2021-08-31 07:43:47
6122,0,121956334,https://stackoverflow.com/questions/68979927/jqassistant-cant-reset-external-neo4j-store-why#comment121956334_68979927,68979927,2912200.0,1630441332.0,2021-08-31 20:22:12
6123,0,121963382,https://stackoverflow.com/questions/68979927/jqassistant-cant-reset-external-neo4j-store-why#comment121963382_68979927,68979927,394071.0,1630478775.0,2021-09-01 06:46:15
6124,0,121978261,https://stackoverflow.com/questions/68979927/jqassistant-cant-reset-external-neo4j-store-why#comment121978261_68979927,68979927,394071.0,1630512652.0,2021-09-01 16:10:52
6125,0,122241523,https://stackoverflow.com/questions/68979927/jqassistant-cant-reset-external-neo4j-store-why#comment122241523_68979927,68979927,394071.0,1631538727.0,2021-09-13 13:12:07
6126,0,122305751,https://stackoverflow.com/questions/68979927/jqassistant-cant-reset-external-neo4j-store-why#comment122305751_68979927,68979927,2912200.0,1631735466.0,2021-09-15 19:51:06
6127,0,122313360,https://stackoverflow.com/questions/68979927/jqassistant-cant-reset-external-neo4j-store-why#comment122313360_68979927,68979927,394071.0,1631773889.0,2021-09-16 06:31:29
6128,0,121880163,https://stackoverflow.com/questions/68963521/neo4j-find-triplets-with-most-similar-attributes-nodes-and-relationships#comment121880163_68963521,68963521,13448436.0,1630148678.0,2021-08-28 11:04:38
6129,0,121880350,https://stackoverflow.com/questions/68963521/neo4j-find-triplets-with-most-similar-attributes-nodes-and-relationships#comment121880350_68963521,68963521,1030099.0,1630149525.0,2021-08-28 11:18:45
6130,0,121878054,https://stackoverflow.com/questions/68959082/how-to-access-the-browser-interface-to-install-apoc-in-neo4j#comment121878054_68959082,68959082,6692895.0,1630138829.0,2021-08-28 08:20:29
6131,0,121811598,https://stackoverflow.com/questions/68924990/how-to-search-comma-separated-greater-than-or-less-than-values-in-neo4j#comment121811598_68924990,68924990,16460491.0,1629903942.0,2021-08-25 15:05:42
6132,0,121811733,https://stackoverflow.com/questions/68924990/how-to-search-comma-separated-greater-than-or-less-than-values-in-neo4j#comment121811733_68924990,68924990,16460491.0,1629904224.0,2021-08-25 15:10:24
6133,0,121811807,https://stackoverflow.com/questions/68924990/how-to-search-comma-separated-greater-than-or-less-than-values-in-neo4j#comment121811807_68924990,68924990,6692895.0,1629904411.0,2021-08-25 15:13:31
6134,0,121811860,https://stackoverflow.com/questions/68924990/how-to-search-comma-separated-greater-than-or-less-than-values-in-neo4j#comment121811860_68924990,68924990,16460491.0,1629904542.0,2021-08-25 15:15:42
6135,0,121812459,https://stackoverflow.com/questions/68924990/how-to-search-comma-separated-greater-than-or-less-than-values-in-neo4j#comment121812459_68924990,68924990,16460491.0,1629905846.0,2021-08-25 15:37:26
6136,0,121810799,https://stackoverflow.com/questions/68924428/why-does-jqassistent-scanning-fail#comment121810799_68924428,68924428,2912200.0,1629902327.0,2021-08-25 14:38:47
6137,0,121826179,https://stackoverflow.com/questions/68924428/why-does-jqassistent-scanning-fail#comment121826179_68924428,68924428,394071.0,1629960996.0,2021-08-26 06:56:36
6138,0,121837345,https://stackoverflow.com/questions/68924428/why-does-jqassistent-scanning-fail#comment121837345_68924428,68924428,2912200.0,1629987223.0,2021-08-26 14:13:43
6139,0,121852504,https://stackoverflow.com/questions/68924428/why-does-jqassistent-scanning-fail#comment121852504_68924428,68924428,394071.0,1630044103.0,2021-08-27 06:01:43
6140,1,121792042,https://stackoverflow.com/questions/68912858/neo4j-computed-relations#comment121792042_68912858,68912858,1734996.0,1629839895.0,2021-08-24 21:18:15
6141,0,121838723,https://stackoverflow.com/questions/68912858/neo4j-computed-relations#comment121838723_68912858,68912858,3065671.0,1629989936.0,2021-08-26 14:58:56
6142,0,121760168,https://stackoverflow.com/questions/68895694/cypher-avoid-cycle-in-multiple-relationship-paths#comment121760168_68895694,68895694,14244437.0,1629735997.0,2021-08-23 16:26:37
6143,0,121667484,https://stackoverflow.com/questions/68843899/construct-queries-with-a-condition#comment121667484_68843899,68843899,63550.0,1629360174.0,2021-08-19 08:02:54
6144,0,121667728,https://stackoverflow.com/questions/68843899/construct-queries-with-a-condition#comment121667728_68843899,68843899,12688108.0,1629360853.0,2021-08-19 08:14:13
6146,0,121668762,https://stackoverflow.com/questions/68840934/neo4j-yield-statement-within-an-apoc-iterate-call#comment121668762_68840934,68840934,,,
6147,0,121682952,https://stackoverflow.com/questions/68840934/neo4j-yield-statement-within-an-apoc-iterate-call#comment121682952_68840934,68840934,,,
6148,0,121694389,https://stackoverflow.com/questions/68840934/neo4j-yield-statement-within-an-apoc-iterate-call#comment121694389_68840934,68840934,,,
6149,0,121649904,https://stackoverflow.com/questions/68833525/to-get-nodes-and-relationships-between-two-specified-nodes-for-review#comment121649904_68833525,68833525,6692895.0,1629296586.0,2021-08-18 14:23:06
6150,0,121664237,https://stackoverflow.com/questions/68833525/to-get-nodes-and-relationships-between-two-specified-nodes-for-review#comment121664237_68833525,68833525,14123841.0,1629348702.0,2021-08-19 04:51:42
6151,0,121482954,https://stackoverflow.com/questions/68739047/how-to-get-only-unique-node-in-neo4j-query#comment121482954_68739047,68739047,6692895.0,1628676469.0,2021-08-11 10:07:49
6152,0,121483654,https://stackoverflow.com/questions/68739047/how-to-get-only-unique-node-in-neo4j-query#comment121483654_68739047,68739047,7781915.0,1628678378.0,2021-08-11 10:39:38
6153,1,121443669,https://stackoverflow.com/questions/68717863/remove-a-property-keys-from-all-node-in-neo4j#comment121443669_68717863,68717863,6692895.0,1628539904.0,2021-08-09 20:11:44
6154,0,121452853,https://stackoverflow.com/questions/68717863/remove-a-property-keys-from-all-node-in-neo4j#comment121452853_68717863,68717863,14119978.0,1628583182.0,2021-08-10 08:13:02
6155,0,121454938,https://stackoverflow.com/questions/68717863/remove-a-property-keys-from-all-node-in-neo4j#comment121454938_68717863,68717863,277128.0,1628588153.0,2021-08-10 09:35:53
6156,0,121464249,https://stackoverflow.com/questions/68717863/remove-a-property-keys-from-all-node-in-neo4j#comment121464249_68717863,68717863,14119978.0,1628609419.0,2021-08-10 15:30:19
6157,0,121378655,https://stackoverflow.com/questions/68681666/compilation-issues-for-neo4j-graph-api-neo4j-logging-neo4j-procedure-api-with#comment121378655_68681666,68681666,277128.0,1628255683.0,2021-08-06 13:14:43
6158,0,121379142,https://stackoverflow.com/questions/68681666/compilation-issues-for-neo4j-graph-api-neo4j-logging-neo4j-procedure-api-with#comment121379142_68681666,68681666,13382785.0,1628256851.0,2021-08-06 13:34:11
6159,0,121383430,https://stackoverflow.com/questions/68681666/compilation-issues-for-neo4j-graph-api-neo4j-logging-neo4j-procedure-api-with#comment121383430_68681666,68681666,277128.0,1628267174.0,2021-08-06 16:26:14
6160,0,121384064,https://stackoverflow.com/questions/68681666/compilation-issues-for-neo4j-graph-api-neo4j-logging-neo4j-procedure-api-with#comment121384064_68681666,68681666,13382785.0,1628269005.0,2021-08-06 16:56:45
6161,2,121372080,https://stackoverflow.com/questions/68674397/does-neo4j-merge-on-match-on-create-have-a-property-maximum-limit#comment121372080_68674397,68674397,277128.0,1628237958.0,2021-08-06 08:19:18
6162,0,121373444,https://stackoverflow.com/questions/68674397/does-neo4j-merge-on-match-on-create-have-a-property-maximum-limit#comment121373444_68674397,68674397,5444309.0,1628241608.0,2021-08-06 09:20:08
6163,0,121294632,https://stackoverflow.com/questions/68628353/liquigraph-schema-files-missing#comment121294632_68628353,68628353,277128.0,1627983564.0,2021-08-03 09:39:24
6164,0,121275347,https://stackoverflow.com/questions/68619241/neo4j-how-to-order-results-by-attributes-value#comment121275347_68619241,68619241,6692895.0,1627912122.0,2021-08-02 13:48:42
6165,0,121258546,https://stackoverflow.com/questions/68612299/neo4j-index-query-runs-slowly#comment121258546_68612299,68612299,6692895.0,1627842462.0,2021-08-01 18:27:42
6166,0,121215860,https://stackoverflow.com/questions/68588484/count-the-number-of-different-types-of-edges-of-a-node#comment121215860_68588484,68588484,1734996.0,1627640371.0,2021-07-30 10:19:31
6167,0,121223081,https://stackoverflow.com/questions/68588484/count-the-number-of-different-types-of-edges-of-a-node#comment121223081_68588484,68588484,11993080.0,1627658095.0,2021-07-30 15:14:55
6168,0,121210784,https://stackoverflow.com/questions/68586258/cypher-variable-path-condition-filtering#comment121210784_68586258,68586258,6692895.0,1627626469.0,2021-07-30 06:27:49
6169,0,121052603,https://stackoverflow.com/questions/68495608/neo4j-unsupported-administration-command-create-database-demo#comment121052603_68495608,68495608,277128.0,1627026715.0,2021-07-23 07:51:55
6170,0,121060430,https://stackoverflow.com/questions/68495608/neo4j-unsupported-administration-command-create-database-demo#comment121060430_68495608,68495608,13991786.0,1627048218.0,2021-07-23 13:50:18
6171,0,121065104,https://stackoverflow.com/questions/68495608/neo4j-unsupported-administration-command-create-database-demo#comment121065104_68495608,68495608,277128.0,1627060370.0,2021-07-23 17:12:50
6172,0,121074284,https://stackoverflow.com/questions/68495608/neo4j-unsupported-administration-command-create-database-demo#comment121074284_68495608,68495608,13991786.0,1627114560.0,2021-07-24 08:16:00
6173,0,121106750,https://stackoverflow.com/questions/68495608/neo4j-unsupported-administration-command-create-database-demo#comment121106750_68495608,68495608,277128.0,1627289484.0,2021-07-26 08:51:24
6174,0,121051278,https://stackoverflow.com/questions/68490471/adding-a-relationship-leads-to-an-error-in-graph-data-science-library#comment121051278_68490471,68490471,,,
6175,0,121053630,https://stackoverflow.com/questions/68490471/adding-a-relationship-leads-to-an-error-in-graph-data-science-library#comment121053630_68490471,68490471,,,
6176,0,121053822,https://stackoverflow.com/questions/68490471/adding-a-relationship-leads-to-an-error-in-graph-data-science-library#comment121053822_68490471,68490471,,,
6177,0,120917360,https://stackoverflow.com/questions/68418818/jqassistant-maven-plugin-cannot-connect-browser-to-embedded-neo4j#comment120917360_68418818,68418818,2912200.0,1626515249.0,2021-07-17 09:47:29
6178,0,120917370,https://stackoverflow.com/questions/68418818/jqassistant-maven-plugin-cannot-connect-browser-to-embedded-neo4j#comment120917370_68418818,68418818,67015.0,1626515280.0,2021-07-17 09:48:00
6179,0,120917636,https://stackoverflow.com/questions/68418818/jqassistant-maven-plugin-cannot-connect-browser-to-embedded-neo4j#comment120917636_68418818,68418818,67015.0,1626516547.0,2021-07-17 10:09:07
6180,0,120948367,https://stackoverflow.com/questions/68418818/jqassistant-maven-plugin-cannot-connect-browser-to-embedded-neo4j#comment120948367_68418818,68418818,2912200.0,1626680726.0,2021-07-19 07:45:26
6181,0,120948983,https://stackoverflow.com/questions/68418818/jqassistant-maven-plugin-cannot-connect-browser-to-embedded-neo4j#comment120948983_68418818,68418818,67015.0,1626682448.0,2021-07-19 08:14:08
6182,0,121059955,https://stackoverflow.com/questions/68418818/jqassistant-maven-plugin-cannot-connect-browser-to-embedded-neo4j#comment121059955_68418818,68418818,4162178.0,1627047185.0,2021-07-23 13:33:05
6183,0,121166041,https://stackoverflow.com/questions/68418818/jqassistant-maven-plugin-cannot-connect-browser-to-embedded-neo4j#comment121166041_68418818,68418818,67015.0,1627476335.0,2021-07-28 12:45:35
6184,0,121193766,https://stackoverflow.com/questions/68418818/jqassistant-maven-plugin-cannot-connect-browser-to-embedded-neo4j#comment121193766_68418818,68418818,67015.0,1627564443.0,2021-07-29 13:14:03
6186,0,120891738,https://stackoverflow.com/questions/68404421/less-than-operator-issue-in-neo4j#comment120891738_68404421,68404421,10952503.0,1626417126.0,2021-07-16 06:32:06
6187,0,120892103,https://stackoverflow.com/questions/68404421/less-than-operator-issue-in-neo4j#comment120892103_68404421,68404421,16460491.0,1626418324.0,2021-07-16 06:52:04
6188,0,120892228,https://stackoverflow.com/questions/68404421/less-than-operator-issue-in-neo4j#comment120892228_68404421,68404421,10952503.0,1626418748.0,2021-07-16 06:59:08
6189,0,120892299,https://stackoverflow.com/questions/68404421/less-than-operator-issue-in-neo4j#comment120892299_68404421,68404421,16460491.0,1626418977.0,2021-07-16 07:02:57
6190,2,120892358,https://stackoverflow.com/questions/68404421/less-than-operator-issue-in-neo4j#comment120892358_68404421,68404421,5309228.0,1626419125.0,2021-07-16 07:05:25
6191,0,120892359,https://stackoverflow.com/questions/68404421/less-than-operator-issue-in-neo4j#comment120892359_68404421,68404421,10952503.0,1626419130.0,2021-07-16 07:05:30
6192,0,120892552,https://stackoverflow.com/questions/68404421/less-than-operator-issue-in-neo4j#comment120892552_68404421,68404421,16460491.0,1626419770.0,2021-07-16 07:16:10
6195,0,120831878,https://stackoverflow.com/questions/68367909/how-to-query-a-neo4j-relationship-in-r#comment120831878_68367909,68367909,10687857.0,1626211983.0,2021-07-13 21:33:03
6196,1,120853718,https://stackoverflow.com/questions/68367909/how-to-query-a-neo4j-relationship-in-r#comment120853718_68367909,68367909,15001469.0,1626282903.0,2021-07-14 17:15:03
6197,0,120825623,https://stackoverflow.com/questions/68362728/neo4j-how-to-make-graph-with-relationships#comment120825623_68362728,68362728,6692895.0,1626193108.0,2021-07-13 16:18:28
6198,0,120847891,https://stackoverflow.com/questions/68362728/neo4j-how-to-make-graph-with-relationships#comment120847891_68362728,68362728,13954853.0,1626270108.0,2021-07-14 13:41:48
6199,0,120822276,https://stackoverflow.com/questions/68343954/jqassistant-how-does-the-store-reset-work#comment120822276_68343954,68343954,2912200.0,1626185983.0,2021-07-13 14:19:43
6200,0,120986339,https://stackoverflow.com/questions/68343954/jqassistant-how-does-the-store-reset-work#comment120986339_68343954,68343954,394071.0,1626796162.0,2021-07-20 15:49:22
6201,1,120725699,https://stackoverflow.com/questions/68306036/cypher-query-to-find-users-who-are-connected-to-at-least-two-other-user-in-given#comment120725699_68306036,68306036,7371893.0,1625778835.0,2021-07-08 21:13:55
6202,0,120679290,https://stackoverflow.com/questions/68282079/how-to-read-a-simple-graphml-file-in-neo4j#comment120679290_68282079,68282079,277128.0,1625646415.0,2021-07-07 08:26:55
6203,1,120584230,https://stackoverflow.com/questions/68227702/neo4j-how-to-get-mutual-nodes-for-list-of-nodes#comment120584230_68227702,68227702,6077914.0,1625242021.0,2021-07-02 16:07:01
6204,0,120584506,https://stackoverflow.com/questions/68227702/neo4j-how-to-get-mutual-nodes-for-list-of-nodes#comment120584506_68227702,68227702,16366729.0,1625242823.0,2021-07-02 16:20:23
6205,0,120510844,https://stackoverflow.com/questions/68183454/unable-to-connect-to-neo4j-with-rusted-cypher#comment120510844_68183454,68183454,728812.0,1625005721.0,2021-06-29 22:28:41
6206,0,120511544,https://stackoverflow.com/questions/68183454/unable-to-connect-to-neo4j-with-rusted-cypher#comment120511544_68183454,68183454,13638243.0,1625009787.0,2021-06-29 23:36:27
6207,0,120407039,https://stackoverflow.com/questions/68122998/is-apoc-rel-startnode-removed-from-apoc-4-2-0-0#comment120407039_68122998,68122998,728812.0,1624598929.0,2021-06-25 05:28:49
6208,0,120392772,https://stackoverflow.com/questions/68117332/deciding-whether-or-not-to-pass-an-argument-to-a-method-in-a-using-statement#comment120392772_68117332,68117332,8967612.0,1624544118.0,2021-06-24 14:15:18
6209,0,120392895,https://stackoverflow.com/questions/68117332/deciding-whether-or-not-to-pass-an-argument-to-a-method-in-a-using-statement#comment120392895_68117332,68117332,4739488.0,1624544398.0,2021-06-24 14:19:58
6211,0,120377220,https://stackoverflow.com/questions/68082323/return-nodes-together-with-relations#comment120377220_68082323,68082323,92359.0,1624496235.0,2021-06-24 00:57:15
6212,0,120320147,https://stackoverflow.com/questions/68069656/create-follow-relation-between-multiple-users-who-rated-arbitrary-mov#comment120320147_68069656,68069656,92359.0,1624313398.0,2021-06-21 22:09:58
6213,0,120310547,https://stackoverflow.com/questions/68068382/find-all-nodes-where-property-does-not-match-condition#comment120310547_68068382,68068382,6692895.0,1624286277.0,2021-06-21 14:37:57
6214,0,120305223,https://stackoverflow.com/questions/68066681/nestjs-neo4j-cannot-find-module-neo4j-driver-types-integer-or-its-correspond#comment120305223_68066681,68066681,277128.0,1624275062.0,2021-06-21 11:31:02
6215,0,120306901,https://stackoverflow.com/questions/68066681/nestjs-neo4j-cannot-find-module-neo4j-driver-types-integer-or-its-correspond#comment120306901_68066681,68066681,15415070.0,1624278771.0,2021-06-21 12:32:51
6216,0,120262268,https://stackoverflow.com/questions/68011149/a-very-hard-neo4j-question-to-mimic-the-double-for-loop#comment120262268_68011149,68011149,92359.0,1624055452.0,2021-06-18 22:30:52
6217,0,120148492,https://stackoverflow.com/questions/67974073/cypher-query-in-a-neo4j-graph#comment120148492_67974073,67974073,1379830.0,1623700523.0,2021-06-14 19:55:23
6218,0,120150630,https://stackoverflow.com/questions/67974073/cypher-query-in-a-neo4j-graph#comment120150630_67974073,67974073,14287399.0,1623707807.0,2021-06-14 21:56:47
6219,0,120150823,https://stackoverflow.com/questions/67974073/cypher-query-in-a-neo4j-graph#comment120150823_67974073,67974073,1379830.0,1623708559.0,2021-06-14 22:09:19
6220,0,120046556,https://stackoverflow.com/questions/67918138/how-to-convert-a-record-or-list-into-json-format-using-python#comment120046556_67918138,67918138,7030758.0,1623316600.0,2021-06-10 09:16:40
6221,0,120085610,https://stackoverflow.com/questions/67918138/how-to-convert-a-record-or-list-into-json-format-using-python#comment120085610_67918138,67918138,12091293.0,1623429008.0,2021-06-11 16:30:08
6222,0,120214921,https://stackoverflow.com/questions/67918138/how-to-convert-a-record-or-list-into-json-format-using-python#comment120214921_67918138,67918138,2376882.0,1623916748.0,2021-06-17 07:59:08
6223,0,120228185,https://stackoverflow.com/questions/67918138/how-to-convert-a-record-or-list-into-json-format-using-python#comment120228185_67918138,67918138,12091293.0,1623945915.0,2021-06-17 16:05:15
6225,0,119995234,https://stackoverflow.com/questions/67884918/how-to-find-all-maximal-cliques-in-neo4j#comment119995234_67884918,67884918,16582.0,1623161609.0,2021-06-08 14:13:29
6226,0,119996273,https://stackoverflow.com/questions/67884918/how-to-find-all-maximal-cliques-in-neo4j#comment119996273_67884918,67884918,8216204.0,1623163361.0,2021-06-08 14:42:41
6227,0,119996421,https://stackoverflow.com/questions/67884918/how-to-find-all-maximal-cliques-in-neo4j#comment119996421_67884918,67884918,16582.0,1623163602.0,2021-06-08 14:46:42
6228,0,119996768,https://stackoverflow.com/questions/67884918/how-to-find-all-maximal-cliques-in-neo4j#comment119996768_67884918,67884918,8216204.0,1623164181.0,2021-06-08 14:56:21
6229,0,119997298,https://stackoverflow.com/questions/67884918/how-to-find-all-maximal-cliques-in-neo4j#comment119997298_67884918,67884918,16582.0,1623165091.0,2021-06-08 15:11:31
6230,0,119905493,https://stackoverflow.com/questions/67836894/i-can-not-connect-my-springbootapplication-with-neo4j#comment119905493_67836894,67836894,277128.0,1622811199.0,2021-06-04 12:53:19
6231,0,119905647,https://stackoverflow.com/questions/67836894/i-can-not-connect-my-springbootapplication-with-neo4j#comment119905647_67836894,67836894,,1622811524.0,2021-06-04 12:58:44
6232,0,119905859,https://stackoverflow.com/questions/67836894/i-can-not-connect-my-springbootapplication-with-neo4j#comment119905859_67836894,67836894,,1622811975.0,2021-06-04 13:06:15
6233,0,119957420,https://stackoverflow.com/questions/67836894/i-can-not-connect-my-springbootapplication-with-neo4j#comment119957420_67836894,67836894,277128.0,1623050140.0,2021-06-07 07:15:40
6234,0,119871358,https://stackoverflow.com/questions/67818270/neo4j-after-deployment-access#comment119871358_67818270,67818270,3346416.0,1622710146.0,2021-06-03 08:49:06
6235,0,119929248,https://stackoverflow.com/questions/67818270/neo4j-after-deployment-access#comment119929248_67818270,67818270,10081736.0,1622909183.0,2021-06-05 16:06:23
6236,0,119929256,https://stackoverflow.com/questions/67818270/neo4j-after-deployment-access#comment119929256_67818270,67818270,10081736.0,1622909208.0,2021-06-05 16:06:48
6237,0,119860865,https://stackoverflow.com/questions/67811767/cypher-query-using-http-bolt-into-neo4j-hangs-java-thread#comment119860865_67811767,67811767,92359.0,1622665513.0,2021-06-02 20:25:13
6238,0,119861175,https://stackoverflow.com/questions/67811767/cypher-query-using-http-bolt-into-neo4j-hangs-java-thread#comment119861175_67811767,67811767,9204733.0,1622666371.0,2021-06-02 20:39:31
6239,0,119822071,https://stackoverflow.com/questions/67786412/neo4j-constraint-error-constraintcreationfailed#comment119822071_67786412,67786412,6077914.0,1622556444.0,2021-06-01 14:07:24
6240,0,119822337,https://stackoverflow.com/questions/67786412/neo4j-constraint-error-constraintcreationfailed#comment119822337_67786412,67786412,6077914.0,1622557004.0,2021-06-01 14:16:44
6241,0,119822448,https://stackoverflow.com/questions/67786412/neo4j-constraint-error-constraintcreationfailed#comment119822448_67786412,67786412,8701077.0,1622557233.0,2021-06-01 14:20:33
6242,0,119822531,https://stackoverflow.com/questions/67786412/neo4j-constraint-error-constraintcreationfailed#comment119822531_67786412,67786412,6077914.0,1622557387.0,2021-06-01 14:23:07
6243,0,119822579,https://stackoverflow.com/questions/67786412/neo4j-constraint-error-constraintcreationfailed#comment119822579_67786412,67786412,8701077.0,1622557475.0,2021-06-01 14:24:35
6244,0,119822716,https://stackoverflow.com/questions/67786412/neo4j-constraint-error-constraintcreationfailed#comment119822716_67786412,67786412,6077914.0,1622557740.0,2021-06-01 14:29:00
6245,1,119822747,https://stackoverflow.com/questions/67786412/neo4j-constraint-error-constraintcreationfailed#comment119822747_67786412,67786412,6077914.0,1622557806.0,2021-06-01 14:30:06
6246,0,119789509,https://stackoverflow.com/questions/67768889/neo4j-cypher-return-custom-json-structure#comment119789509_67768889,67768889,10687857.0,1622455549.0,2021-05-31 10:05:49
6247,0,119820949,https://stackoverflow.com/questions/67768889/neo4j-cypher-return-custom-json-structure#comment119820949_67768889,67768889,4414246.0,1622554001.0,2021-06-01 13:26:41
6248,0,119736607,https://stackoverflow.com/questions/67740298/cypher-query-trying-to-get-all-nodes-with-3rd-degree-connection-while-all-nodes#comment119736607_67740298,67740298,1379830.0,1622214450.0,2021-05-28 15:07:30
6249,0,119738047,https://stackoverflow.com/questions/67740298/cypher-query-trying-to-get-all-nodes-with-3rd-degree-connection-while-all-nodes#comment119738047_67740298,67740298,15278421.0,1622217887.0,2021-05-28 16:04:47
6250,0,119738408,https://stackoverflow.com/questions/67740298/cypher-query-trying-to-get-all-nodes-with-3rd-degree-connection-while-all-nodes#comment119738408_67740298,67740298,15278421.0,1622218761.0,2021-05-28 16:19:21
6251,0,119742463,https://stackoverflow.com/questions/67740298/cypher-query-trying-to-get-all-nodes-with-3rd-degree-connection-while-all-nodes#comment119742463_67740298,67740298,1379830.0,1622230135.0,2021-05-28 19:28:55
6252,0,119732695,https://stackoverflow.com/questions/67738292/neo4j-python-driver-doesnt-raise-errors-when-ruuning-into-a-docker-container#comment119732695_67738292,67738292,277128.0,1622206461.0,2021-05-28 12:54:21
6253,0,119732803,https://stackoverflow.com/questions/67738292/neo4j-python-driver-doesnt-raise-errors-when-ruuning-into-a-docker-container#comment119732803_67738292,67738292,12107239.0,1622206695.0,2021-05-28 12:58:15
6254,0,119671164,https://stackoverflow.com/questions/67698672/fail-to-restart-neo4j-docker-after-import-data-via-neo4j-admin#comment119671164_67698672,67698672,,,
6255,1,119695545,https://stackoverflow.com/questions/67690520/relationships-always-return-as-empty-on-spring-data-neo4j#comment119695545_67690520,67690520,2650436.0,1622103273.0,2021-05-27 08:14:33
6256,0,119631855,https://stackoverflow.com/questions/67682059/spring-data-neo4j-4-2-query-for-labels-or-node-id-always-return-null#comment119631855_67682059,67682059,3346416.0,1621921802.0,2021-05-25 05:50:02
6257,0,119632450,https://stackoverflow.com/questions/67682059/spring-data-neo4j-4-2-query-for-labels-or-node-id-always-return-null#comment119632450_67682059,67682059,7701803.0,1621923761.0,2021-05-25 06:22:41
6258,0,119632964,https://stackoverflow.com/questions/67682059/spring-data-neo4j-4-2-query-for-labels-or-node-id-always-return-null#comment119632964_67682059,67682059,7701803.0,1621925278.0,2021-05-25 06:47:58
6259,0,119633027,https://stackoverflow.com/questions/67682059/spring-data-neo4j-4-2-query-for-labels-or-node-id-always-return-null#comment119633027_67682059,67682059,3346416.0,1621925476.0,2021-05-25 06:51:16
6260,0,119633237,https://stackoverflow.com/questions/67682059/spring-data-neo4j-4-2-query-for-labels-or-node-id-always-return-null#comment119633237_67682059,67682059,7701803.0,1621925986.0,2021-05-25 06:59:46
6261,0,119661903,https://stackoverflow.com/questions/67682059/spring-data-neo4j-4-2-query-for-labels-or-node-id-always-return-null#comment119661903_67682059,67682059,3346416.0,1622006535.0,2021-05-26 05:22:15
6262,1,119619410,https://stackoverflow.com/questions/67675268/how-to-create-and-perform-data-manipulations-with-neo4j-database-in-php#comment119619410_67675268,67675268,1409772.0,1621872855.0,2021-05-24 16:14:15
6263,0,119643291,https://stackoverflow.com/questions/67675268/how-to-create-and-perform-data-manipulations-with-neo4j-database-in-php#comment119643291_67675268,67675268,10906068.0,1621947975.0,2021-05-25 13:06:15
6264,0,119616429,https://stackoverflow.com/questions/67658260/exporting-neo4j-data-with-more-than-4000000-rows-in-json-file#comment119616429_67658260,67658260,,,
6265,0,119485653,https://stackoverflow.com/questions/67599072/repartition1-makes-loading-very-slow#comment119485653_67599072,67599072,18627.0,1621414109.0,2021-05-19 08:48:29
6266,0,119431371,https://stackoverflow.com/questions/67569373/append-default-prefix-for-all-collections-in-neo4j#comment119431371_67569373,67569373,1409772.0,1621253642.0,2021-05-17 12:14:02
6267,0,119441239,https://stackoverflow.com/questions/67569373/append-default-prefix-for-all-collections-in-neo4j#comment119441239_67569373,67569373,10879339.0,1621274784.0,2021-05-17 18:06:24
6268,0,119441978,https://stackoverflow.com/questions/67569373/append-default-prefix-for-all-collections-in-neo4j#comment119441978_67569373,67569373,1409772.0,1621276665.0,2021-05-17 18:37:45
6269,0,119442017,https://stackoverflow.com/questions/67569373/append-default-prefix-for-all-collections-in-neo4j#comment119442017_67569373,67569373,1409772.0,1621276756.0,2021-05-17 18:39:16
6270,0,119445660,https://stackoverflow.com/questions/67569373/append-default-prefix-for-all-collections-in-neo4j#comment119445660_67569373,67569373,10879339.0,1621287655.0,2021-05-17 21:40:55
6271,0,119452328,https://stackoverflow.com/questions/67569373/append-default-prefix-for-all-collections-in-neo4j#comment119452328_67569373,67569373,1409772.0,1621320220.0,2021-05-18 06:43:40
6272,0,119380780,https://stackoverflow.com/questions/67531870/randomize-relationships-between-nodes#comment119380780_67531870,67531870,,,
6273,0,119324034,https://stackoverflow.com/questions/67508612/does-the-graph-embedding-algorithms-works-for-other-languages-than-english#comment119324034_67508612,67508612,6692895.0,1620843421.0,2021-05-12 18:17:01
6274,0,119325030,https://stackoverflow.com/questions/67508612/does-the-graph-embedding-algorithms-works-for-other-languages-than-english#comment119325030_67508612,67508612,3943868.0,1620845757.0,2021-05-12 18:55:57
6275,0,119325588,https://stackoverflow.com/questions/67508612/does-the-graph-embedding-algorithms-works-for-other-languages-than-english#comment119325588_67508612,67508612,6692895.0,1620847271.0,2021-05-12 19:21:11
6276,0,119326364,https://stackoverflow.com/questions/67508612/does-the-graph-embedding-algorithms-works-for-other-languages-than-english#comment119326364_67508612,67508612,3943868.0,1620849411.0,2021-05-12 19:56:51
6277,0,119316425,https://stackoverflow.com/questions/67500323/loading-22-mil-records-into-neo4j-database-via-databricks-environment#comment119316425_67500323,67500323,7371893.0,1620827415.0,2021-05-12 13:50:15
6278,1,119280937,https://stackoverflow.com/questions/67480332/which-hashing-algorithm-is-used-by-neo4j#comment119280937_67480332,67480332,5646962.0,1620730038.0,2021-05-11 10:47:18
6279,0,119281765,https://stackoverflow.com/questions/67480332/which-hashing-algorithm-is-used-by-neo4j#comment119281765_67480332,67480332,8484783.0,1620731787.0,2021-05-11 11:16:27
6280,1,119289283,https://stackoverflow.com/questions/67480332/which-hashing-algorithm-is-used-by-neo4j#comment119289283_67480332,67480332,5646962.0,1620746462.0,2021-05-11 15:21:02
6281,1,119289307,https://stackoverflow.com/questions/67480332/which-hashing-algorithm-is-used-by-neo4j#comment119289307_67480332,67480332,5646962.0,1620746523.0,2021-05-11 15:22:03
6282,0,119289835,https://stackoverflow.com/questions/67480332/which-hashing-algorithm-is-used-by-neo4j#comment119289835_67480332,67480332,8484783.0,1620747611.0,2021-05-11 15:40:11
6283,0,119290073,https://stackoverflow.com/questions/67480332/which-hashing-algorithm-is-used-by-neo4j#comment119290073_67480332,67480332,8484783.0,1620748143.0,2021-05-11 15:49:03
6284,1,119265330,https://stackoverflow.com/questions/67472663/variable-relationship-properties-in-neo4j#comment119265330_67472663,67472663,6692895.0,1620673815.0,2021-05-10 19:10:15
6285,0,119266404,https://stackoverflow.com/questions/67472663/variable-relationship-properties-in-neo4j#comment119266404_67472663,67472663,2167741.0,1620676637.0,2021-05-10 19:57:17
6286,0,119252209,https://stackoverflow.com/questions/67468253/java-lang-noclassdeffounderror-org-apache-spark-sql-sources-v2-readsupport-er#comment119252209_67468253,67468253,18627.0,1620642938.0,2021-05-10 10:35:38
6287,0,119252869,https://stackoverflow.com/questions/67468253/java-lang-noclassdeffounderror-org-apache-spark-sql-sources-v2-readsupport-er#comment119252869_67468253,67468253,8608603.0,1620644709.0,2021-05-10 11:05:09
6288,0,119102199,https://stackoverflow.com/questions/67383161/nodejs-cannot-read-property-when-running-in-docker#comment119102199_67383161,67383161,6289362.0,1620124845.0,2021-05-04 10:40:45
6289,0,119102205,https://stackoverflow.com/questions/67383161/nodejs-cannot-read-property-when-running-in-docker#comment119102205_67383161,67383161,6289362.0,1620124869.0,2021-05-04 10:41:09
6290,0,119102701,https://stackoverflow.com/questions/67383161/nodejs-cannot-read-property-when-running-in-docker#comment119102701_67383161,67383161,3193861.0,1620126128.0,2021-05-04 11:02:08
6291,0,119102956,https://stackoverflow.com/questions/67383161/nodejs-cannot-read-property-when-running-in-docker#comment119102956_67383161,67383161,6289362.0,1620126766.0,2021-05-04 11:12:46
6292,0,119103324,https://stackoverflow.com/questions/67383161/nodejs-cannot-read-property-when-running-in-docker#comment119103324_67383161,67383161,3193861.0,1620127602.0,2021-05-04 11:26:42
6293,0,119103668,https://stackoverflow.com/questions/67383161/nodejs-cannot-read-property-when-running-in-docker#comment119103668_67383161,67383161,6289362.0,1620128406.0,2021-05-04 11:40:06
6294,0,120199144,https://stackoverflow.com/questions/67383161/nodejs-cannot-read-property-when-running-in-docker#comment120199144_67383161,67383161,2092817.0,1623857625.0,2021-06-16 15:33:45
6295,0,119022554,https://stackoverflow.com/questions/67337219/how-to-create-nodes-constrains-in-neo4j-automatically-for-100-differents-nodes#comment119022554_67337219,67337219,92359.0,1619800175.0,2021-04-30 16:29:35
6296,0,119022579,https://stackoverflow.com/questions/67337219/how-to-create-nodes-constrains-in-neo4j-automatically-for-100-differents-nodes#comment119022579_67337219,67337219,92359.0,1619800240.0,2021-04-30 16:30:40
6297,0,119088374,https://stackoverflow.com/questions/67337219/how-to-create-nodes-constrains-in-neo4j-automatically-for-100-differents-nodes#comment119088374_67337219,67337219,13934618.0,1620072145.0,2021-05-03 20:02:25
6298,0,119024570,https://stackoverflow.com/questions/67331701/unable-to-send-data-from-mongodb-to-neo4j-via-kafka-connect#comment119024570_67331701,67331701,,,
6299,0,118981564,https://stackoverflow.com/questions/67311429/neo4j-java-driver-issue#comment118981564_67311429,67311429,277128.0,1619685998.0,2021-04-29 08:46:38
6300,0,118982320,https://stackoverflow.com/questions/67311429/neo4j-java-driver-issue#comment118982320_67311429,67311429,7449802.0,1619687706.0,2021-04-29 09:15:06
6301,0,118985770,https://stackoverflow.com/questions/67311429/neo4j-java-driver-issue#comment118985770_67311429,67311429,277128.0,1619695303.0,2021-04-29 11:21:43
6302,0,118985798,https://stackoverflow.com/questions/67311429/neo4j-java-driver-issue#comment118985798_67311429,67311429,277128.0,1619695384.0,2021-04-29 11:23:04
6303,0,118985807,https://stackoverflow.com/questions/67311429/neo4j-java-driver-issue#comment118985807_67311429,67311429,277128.0,1619695394.0,2021-04-29 11:23:14
6304,0,118986025,https://stackoverflow.com/questions/67311429/neo4j-java-driver-issue#comment118986025_67311429,67311429,7449802.0,1619695920.0,2021-04-29 11:32:00
6305,0,118991309,https://stackoverflow.com/questions/67311429/neo4j-java-driver-issue#comment118991309_67311429,67311429,277128.0,1619706470.0,2021-04-29 14:27:50
6306,0,118968587,https://stackoverflow.com/questions/67306206/query-optimization-for-parallel-connection-in-neo4j-community-version#comment118968587_67306206,67306206,92359.0,1619637465.0,2021-04-28 19:17:45
6307,0,118969190,https://stackoverflow.com/questions/67306206/query-optimization-for-parallel-connection-in-neo4j-community-version#comment118969190_67306206,67306206,4996534.0,1619638947.0,2021-04-28 19:42:27
6308,1,118978812,https://stackoverflow.com/questions/67306206/query-optimization-for-parallel-connection-in-neo4j-community-version#comment118978812_67306206,67306206,92359.0,1619679647.0,2021-04-29 07:00:47
6309,0,118980125,https://stackoverflow.com/questions/67306206/query-optimization-for-parallel-connection-in-neo4j-community-version#comment118980125_67306206,67306206,4996534.0,1619682829.0,2021-04-29 07:53:49
6310,0,119025361,https://stackoverflow.com/questions/67306206/query-optimization-for-parallel-connection-in-neo4j-community-version#comment119025361_67306206,67306206,4996534.0,1619807664.0,2021-04-30 18:34:24
6311,0,118752590,https://stackoverflow.com/questions/67154719/label-propagation-algorithmlpa-seed-labels-graphframes-spark#comment118752590_67154719,67154719,,,
6312,1,118679597,https://stackoverflow.com/questions/67137410/neo4j-get-friend-posts-with-comments-and-likes#comment118679597_67137410,67137410,,,
6313,1,118679652,https://stackoverflow.com/questions/67137410/neo4j-get-friend-posts-with-comments-and-likes#comment118679652_67137410,67137410,,,
6314,0,118649414,https://stackoverflow.com/questions/67124621/how-to-remove-neo4j-complete#comment118649414_67124621,67124621,7371893.0,1618575425.0,2021-04-16 12:17:05
6315,0,118655551,https://stackoverflow.com/questions/67124621/how-to-remove-neo4j-complete#comment118655551_67124621,67124621,2628048.0,1618587965.0,2021-04-16 15:46:05
6316,0,118716051,https://stackoverflow.com/questions/67113551/neomodel-4-0-bolt-uri-for-multiple-databases#comment118716051_67113551,67113551,8271728.0,1618837811.0,2021-04-19 13:10:11
6317,0,118717006,https://stackoverflow.com/questions/67113551/neomodel-4-0-bolt-uri-for-multiple-databases#comment118717006_67113551,67113551,9424416.0,1618839967.0,2021-04-19 13:46:07
6318,0,118903709,https://stackoverflow.com/questions/67113551/neomodel-4-0-bolt-uri-for-multiple-databases#comment118903709_67113551,67113551,8271728.0,1619450957.0,2021-04-26 15:29:17
6319,0,118591823,https://stackoverflow.com/questions/67089118/best-way-to-rank-order-and-display-posts-based-on-connections-friends-using-neo4#comment118591823_67089118,67089118,7371893.0,1618407142.0,2021-04-14 13:32:22
6320,0,118593034,https://stackoverflow.com/questions/67089118/best-way-to-rank-order-and-display-posts-based-on-connections-friends-using-neo4#comment118593034_67089118,67089118,15081108.0,1618409494.0,2021-04-14 14:11:34
6321,0,118586673,https://stackoverflow.com/questions/67088732/neo4j-spring-boot-with-sealed-classes-in-kotlin#comment118586673_67088732,67088732,277128.0,1618395492.0,2021-04-14 10:18:12
6322,0,118576316,https://stackoverflow.com/questions/67082883/is-there-a-way-to-store-a-value-in-neo4j#comment118576316_67082883,67082883,7371893.0,1618357153.0,2021-04-13 23:39:13
6323,0,118619900,https://stackoverflow.com/questions/67082883/is-there-a-way-to-store-a-value-in-neo4j#comment118619900_67082883,67082883,12678036.0,1618489482.0,2021-04-15 12:24:42
6324,0,118556439,https://stackoverflow.com/questions/67072568/saving-data-back-to-neo4j-using-python#comment118556439_67072568,67072568,,,
6325,1,118552637,https://stackoverflow.com/questions/67070372/spring-boot-command-line-application-doesnt-terminate-with-neo4j-driver#comment118552637_67070372,67070372,2696260.0,1618298984.0,2021-04-13 07:29:44
6326,0,118552874,https://stackoverflow.com/questions/67070372/spring-boot-command-line-application-doesnt-terminate-with-neo4j-driver#comment118552874_67070372,67070372,3127111.0,1618299552.0,2021-04-13 07:39:12
6327,0,118554060,https://stackoverflow.com/questions/67070372/spring-boot-command-line-application-doesnt-terminate-with-neo4j-driver#comment118554060_67070372,67070372,3127111.0,1618302392.0,2021-04-13 08:26:32
6328,0,118554537,https://stackoverflow.com/questions/67070372/spring-boot-command-line-application-doesnt-terminate-with-neo4j-driver#comment118554537_67070372,67070372,2696260.0,1618303587.0,2021-04-13 08:46:27
6329,0,118554757,https://stackoverflow.com/questions/67070372/spring-boot-command-line-application-doesnt-terminate-with-neo4j-driver#comment118554757_67070372,67070372,3127111.0,1618304067.0,2021-04-13 08:54:27
6330,0,118554881,https://stackoverflow.com/questions/67070372/spring-boot-command-line-application-doesnt-terminate-with-neo4j-driver#comment118554881_67070372,67070372,2696260.0,1618304375.0,2021-04-13 08:59:35
6331,0,118555624,https://stackoverflow.com/questions/67070372/spring-boot-command-line-application-doesnt-terminate-with-neo4j-driver#comment118555624_67070372,67070372,3127111.0,1618306095.0,2021-04-13 09:28:15
6332,0,118555769,https://stackoverflow.com/questions/67070372/spring-boot-command-line-application-doesnt-terminate-with-neo4j-driver#comment118555769_67070372,67070372,2696260.0,1618306416.0,2021-04-13 09:33:36
6333,0,118555842,https://stackoverflow.com/questions/67070372/spring-boot-command-line-application-doesnt-terminate-with-neo4j-driver#comment118555842_67070372,67070372,3127111.0,1618306610.0,2021-04-13 09:36:50
6334,0,119087415,https://stackoverflow.com/questions/67070372/spring-boot-command-line-application-doesnt-terminate-with-neo4j-driver#comment119087415_67070372,67070372,3127111.0,1620069300.0,2021-05-03 19:15:00
6335,0,118472735,https://stackoverflow.com/questions/67023272/neo4j-importing-local-database-vs-aura-database#comment118472735_67023272,67023272,132270.0,1617983527.0,2021-04-09 15:52:07
6336,0,118473403,https://stackoverflow.com/questions/67023272/neo4j-importing-local-database-vs-aura-database#comment118473403_67023272,67023272,3644714.0,1617984943.0,2021-04-09 16:15:43
6337,0,118457300,https://stackoverflow.com/questions/67015275/access-remote-neo4j-with-java#comment118457300_67015275,67015275,18157.0,1617945356.0,2021-04-09 05:15:56
6338,0,118457325,https://stackoverflow.com/questions/67015275/access-remote-neo4j-with-java#comment118457325_67015275,67015275,74057.0,1617945446.0,2021-04-09 05:17:26
6339,0,118457396,https://stackoverflow.com/questions/67015275/access-remote-neo4j-with-java#comment118457396_67015275,67015275,4482088.0,1617945757.0,2021-04-09 05:22:37
6340,0,118477473,https://stackoverflow.com/questions/67010354/key-error-when-adding-data-to-a-graph-database-using-neo4j-what-does-this-error#comment118477473_67010354,67010354,,,
6341,0,118477621,https://stackoverflow.com/questions/67007556/extract-the-nodes-in-a-graph-path-ordered-by-a-relation#comment118477621_67007556,67007556,,,
6342,0,118489094,https://stackoverflow.com/questions/67007556/extract-the-nodes-in-a-graph-path-ordered-by-a-relation#comment118489094_67007556,67007556,,,
6343,0,118477696,https://stackoverflow.com/questions/67004204/stop-cypher-traversal-when-link-is-found#comment118477696_67004204,67004204,,,
6344,0,118443936,https://stackoverflow.com/questions/66995814/cypher-query-return-recipes-rated-by-certain-users-containing-specific-ingredi#comment118443936_66995814,66995814,7371893.0,1617897351.0,2021-04-08 15:55:51
6345,0,118443941,https://stackoverflow.com/questions/66995814/cypher-query-return-recipes-rated-by-certain-users-containing-specific-ingredi#comment118443941_66995814,66995814,7371893.0,1617897368.0,2021-04-08 15:56:08
6346,0,118461965,https://stackoverflow.com/questions/66995814/cypher-query-return-recipes-rated-by-certain-users-containing-specific-ingredi#comment118461965_66995814,66995814,15578508.0,1617959081.0,2021-04-09 09:04:41
6347,0,118469090,https://stackoverflow.com/questions/66995814/cypher-query-return-recipes-rated-by-certain-users-containing-specific-ingredi#comment118469090_66995814,66995814,7371893.0,1617976192.0,2021-04-09 13:49:52
6348,0,118402981,https://stackoverflow.com/questions/66983553/how-to-return-the-number-of-occurrences-of-a-word-for-each-row-in-neo4j#comment118402981_66983553,66983553,,,
6349,1,118412236,https://stackoverflow.com/questions/66983553/how-to-return-the-number-of-occurrences-of-a-word-for-each-row-in-neo4j#comment118412236_66983553,66983553,,,
6350,1,118378240,https://stackoverflow.com/questions/66969487/how-can-i-solve-following-query-in-neo4j-list-the-names-of-the-projects-belongi#comment118378240_66969487,66969487,7371893.0,1617717172.0,2021-04-06 13:52:52
6351,2,118383505,https://stackoverflow.com/questions/66969487/how-can-i-solve-following-query-in-neo4j-list-the-names-of-the-projects-belongi#comment118383505_66969487,66969487,92359.0,1617727201.0,2021-04-06 16:40:01
6352,0,118399165,https://stackoverflow.com/questions/66969487/how-can-i-solve-following-query-in-neo4j-list-the-names-of-the-projects-belongi#comment118399165_66969487,66969487,15565701.0,1617782521.0,2021-04-07 08:02:01
6353,0,118399209,https://stackoverflow.com/questions/66969487/how-can-i-solve-following-query-in-neo4j-list-the-names-of-the-projects-belongi#comment118399209_66969487,66969487,15565701.0,1617782621.0,2021-04-07 08:03:41
6354,0,118330580,https://stackoverflow.com/questions/66942700/net-client-neo4j-connection-error-ioexception-encryption-setting-has-chang#comment118330580_66942700,66942700,92359.0,1617550565.0,2021-04-04 15:36:05
6355,0,118331153,https://stackoverflow.com/questions/66942700/net-client-neo4j-connection-error-ioexception-encryption-setting-has-chang#comment118331153_66942700,66942700,6569899.0,1617552631.0,2021-04-04 16:10:31
6356,0,118331337,https://stackoverflow.com/questions/66942700/net-client-neo4j-connection-error-ioexception-encryption-setting-has-chang#comment118331337_66942700,66942700,92359.0,1617553244.0,2021-04-04 16:20:44
6357,0,118331462,https://stackoverflow.com/questions/66942700/net-client-neo4j-connection-error-ioexception-encryption-setting-has-chang#comment118331462_66942700,66942700,92359.0,1617553667.0,2021-04-04 16:27:47
6358,0,118332477,https://stackoverflow.com/questions/66942700/net-client-neo4j-connection-error-ioexception-encryption-setting-has-chang#comment118332477_66942700,66942700,6569899.0,1617557497.0,2021-04-04 17:31:37
6359,0,118332837,https://stackoverflow.com/questions/66942700/net-client-neo4j-connection-error-ioexception-encryption-setting-has-chang#comment118332837_66942700,66942700,6569899.0,1617558754.0,2021-04-04 17:52:34
6360,0,118336229,https://stackoverflow.com/questions/66942700/net-client-neo4j-connection-error-ioexception-encryption-setting-has-chang#comment118336229_66942700,66942700,92359.0,1617572789.0,2021-04-04 21:46:29
6361,0,118336310,https://stackoverflow.com/questions/66942700/net-client-neo4j-connection-error-ioexception-encryption-setting-has-chang#comment118336310_66942700,66942700,6569899.0,1617573158.0,2021-04-04 21:52:38
6362,1,118336537,https://stackoverflow.com/questions/66942700/net-client-neo4j-connection-error-ioexception-encryption-setting-has-chang#comment118336537_66942700,66942700,92359.0,1617574118.0,2021-04-04 22:08:38
6363,0,118282164,https://stackoverflow.com/questions/66907513/kafka-neo4j-connect-using-boltrouting-protocol#comment118282164_66907513,66907513,1589379.0,1617339964.0,2021-04-02 05:06:04
6364,0,118289733,https://stackoverflow.com/questions/66907513/kafka-neo4j-connect-using-boltrouting-protocol#comment118289733_66907513,66907513,5548540.0,1617366689.0,2021-04-02 12:31:29
6365,0,118365031,https://stackoverflow.com/questions/66907513/kafka-neo4j-connect-using-boltrouting-protocol#comment118365031_66907513,66907513,1589379.0,1617683557.0,2021-04-06 04:32:37
6366,0,118394015,https://stackoverflow.com/questions/66907513/kafka-neo4j-connect-using-boltrouting-protocol#comment118394015_66907513,66907513,5548540.0,1617762028.0,2021-04-07 02:20:28
6367,0,118231270,https://stackoverflow.com/questions/66881346/how-to-import-the-json-file-in-neo4j-to-link-the-html-code-to-a-web-page#comment118231270_66881346,66881346,277128.0,1617185120.0,2021-03-31 10:05:20
6368,0,118243568,https://stackoverflow.com/questions/66881346/how-to-import-the-json-file-in-neo4j-to-link-the-html-code-to-a-web-page#comment118243568_66881346,66881346,15127452.0,1617211329.0,2021-03-31 17:22:09
6369,0,118253550,https://stackoverflow.com/questions/66881346/how-to-import-the-json-file-in-neo4j-to-link-the-html-code-to-a-web-page#comment118253550_66881346,66881346,15127452.0,1617249483.0,2021-04-01 03:58:03
6370,0,121672064,https://stackoverflow.com/questions/66782662/error-when-launching-graphql-architect-against-remote-neo4j#comment121672064_66782662,66782662,5773084.0,1629371781.0,2021-08-19 11:16:21
6371,0,118036314,https://stackoverflow.com/questions/66773216/the-old-parameter-syntax-param-is-no-longer-supported#comment118036314_66773216,66773216,6480803.0,1616552218.0,2021-03-24 02:16:58
6372,0,118036999,https://stackoverflow.com/questions/66773216/the-old-parameter-syntax-param-is-no-longer-supported#comment118036999_66773216,66773216,15127452.0,1616556115.0,2021-03-24 03:21:55
6373,0,118037026,https://stackoverflow.com/questions/66773216/the-old-parameter-syntax-param-is-no-longer-supported#comment118037026_66773216,66773216,6480803.0,1616556241.0,2021-03-24 03:24:01
6374,0,118037036,https://stackoverflow.com/questions/66773216/the-old-parameter-syntax-param-is-no-longer-supported#comment118037036_66773216,66773216,6480803.0,1616556322.0,2021-03-24 03:25:22
6375,0,118193439,https://stackoverflow.com/questions/66773216/the-old-parameter-syntax-param-is-no-longer-supported#comment118193439_66773216,66773216,15127452.0,1617068840.0,2021-03-30 01:47:20
6376,0,118193725,https://stackoverflow.com/questions/66773216/the-old-parameter-syntax-param-is-no-longer-supported#comment118193725_66773216,66773216,6480803.0,1617070492.0,2021-03-30 02:14:52
6377,0,118194261,https://stackoverflow.com/questions/66773216/the-old-parameter-syntax-param-is-no-longer-supported#comment118194261_66773216,66773216,15127452.0,1617073683.0,2021-03-30 03:08:03
6378,0,118023209,https://stackoverflow.com/questions/66755491/preventing-cycles-in-a-neo4j-graph-where-relationships-are-dated#comment118023209_66755491,66755491,7371893.0,1616514490.0,2021-03-23 15:48:10
6379,0,118025658,https://stackoverflow.com/questions/66755491/preventing-cycles-in-a-neo4j-graph-where-relationships-are-dated#comment118025658_66755491,66755491,15456036.0,1616519040.0,2021-03-23 17:04:00
6380,0,118026573,https://stackoverflow.com/questions/66755491/preventing-cycles-in-a-neo4j-graph-where-relationships-are-dated#comment118026573_66755491,66755491,15456036.0,1616520853.0,2021-03-23 17:34:13
6381,0,120264140,https://stackoverflow.com/questions/66755491/preventing-cycles-in-a-neo4j-graph-where-relationships-are-dated#comment120264140_66755491,66755491,92359.0,1624070217.0,2021-06-19 02:36:57
6382,0,117930247,https://stackoverflow.com/questions/66695863/how-can-i-map-one-class-to-another-in-spring-boot-w-neo4j#comment117930247_66695863,66695863,,,
6383,0,117930204,https://stackoverflow.com/questions/66695380/using-vertx-with-spring-data-neo4j-outside-spring-container#comment117930204_66695380,66695380,277128.0,1616176515.0,2021-03-19 17:55:15
6384,0,118066051,https://stackoverflow.com/questions/66695380/using-vertx-with-spring-data-neo4j-outside-spring-container#comment118066051_66695380,66695380,875709.0,1616627986.0,2021-03-24 23:19:46
6385,0,117897735,https://stackoverflow.com/questions/66691930/how-can-i-inject-a-node-object-into-a-service-class-in-spring-mvc#comment117897735_66691930,66691930,9592742.0,1616082985.0,2021-03-18 15:56:25
6386,0,117899699,https://stackoverflow.com/questions/66691930/how-can-i-inject-a-node-object-into-a-service-class-in-spring-mvc#comment117899699_66691930,66691930,13606345.0,1616086940.0,2021-03-18 17:02:20
6387,0,118120626,https://stackoverflow.com/questions/66671985/modeling-a-large-multigraph-database-in-neo4j#comment118120626_66671985,66671985,,,
6388,0,117827643,https://stackoverflow.com/questions/66654096/what-is-the-syntax-of-parameters-in-cypher-query-in-prepared-statement-with-neo4#comment117827643_66654096,66654096,277128.0,1615894438.0,2021-03-16 11:33:58
6389,1,117817118,https://stackoverflow.com/questions/66644211/neo4j-cypher-non-symmetric-query-response#comment117817118_66644211,66644211,92359.0,1615860297.0,2021-03-16 02:04:57
6390,0,117834342,https://stackoverflow.com/questions/66644211/neo4j-cypher-non-symmetric-query-response#comment117834342_66644211,66644211,1391376.0,1615907793.0,2021-03-16 15:16:33
6391,0,117834897,https://stackoverflow.com/questions/66644211/neo4j-cypher-non-symmetric-query-response#comment117834897_66644211,66644211,92359.0,1615908865.0,2021-03-16 15:34:25
6392,0,117861844,https://stackoverflow.com/questions/66642374/how-to-check-the-existence-of-a-virtual-node-in-neo4j#comment117861844_66642374,66642374,,,
6393,0,117794246,https://stackoverflow.com/questions/66616206/using-the-compositeproperty-annotation-for-a-mapstring-set-string-in-a-spr#comment117794246_66616206,66616206,277128.0,1615801932.0,2021-03-15 09:52:12
6394,0,117677202,https://stackoverflow.com/questions/66564591/removing-relationship-between-two-nodes-in-spring-boot-2-4-3-neo4j#comment117677202_66564591,66564591,7371893.0,1615391488.0,2021-03-10 15:51:28
6395,0,117678887,https://stackoverflow.com/questions/66564591/removing-relationship-between-two-nodes-in-spring-boot-2-4-3-neo4j#comment117678887_66564591,66564591,989764.0,1615394862.0,2021-03-10 16:47:42
6406,0,119963813,https://stackoverflow.com/questions/67865822/neo4j-two-fulltext-searches-in-one-subquery#comment119963813_67865822,67865822,7371893.0,1623065915.0,2021-06-07 11:38:35
6407,0,119967233,https://stackoverflow.com/questions/67865822/neo4j-two-fulltext-searches-in-one-subquery#comment119967233_67865822,67865822,2821152.0,1623073283.0,2021-06-07 13:41:23
6408,0,119903029,https://stackoverflow.com/questions/67834810/do-not-return-set-of-nodes-from-a-specific-path-in-cypher#comment119903029_67834810,67834810,7371893.0,1622805329.0,2021-06-04 11:15:29
6409,0,119817785,https://stackoverflow.com/questions/67785889/create-relationship-between-existing-nodes-in-py4neo#comment119817785_67785889,67785889,7371893.0,1622546847.0,2021-06-01 11:27:27
6410,0,119830688,https://stackoverflow.com/questions/67785889/create-relationship-between-existing-nodes-in-py4neo#comment119830688_67785889,67785889,16093515.0,1622576878.0,2021-06-01 19:47:58
6411,0,119817867,https://stackoverflow.com/questions/67785379/get-all-nodes-and-relationships-with-propperties-outgoing-from-one-startnode#comment119817867_67785379,67785379,7371893.0,1622547125.0,2021-06-01 11:32:05
6412,1,119797927,https://stackoverflow.com/questions/67776342/what-is-difference-between-any-and-in-clause-in-neo4j#comment119797927_67776342,67776342,277128.0,1622475477.0,2021-05-31 15:37:57
6413,0,119793114,https://stackoverflow.com/questions/67750111/neo4j-liquigraph-datasource-expected-single-matching-bean-but-found-2#comment119793114_67750111,67750111,277128.0,1622464540.0,2021-05-31 12:35:40
6414,0,119742158,https://stackoverflow.com/questions/67743090/related-to-neo4j-and-csv-files#comment119742158_67743090,67743090,7371893.0,1622229179.0,2021-05-28 19:12:59
6415,0,119747939,https://stackoverflow.com/questions/67743090/related-to-neo4j-and-csv-files#comment119747939_67743090,67743090,14022476.0,1622262094.0,2021-05-29 04:21:34
6416,0,119758379,https://stackoverflow.com/questions/67743090/related-to-neo4j-and-csv-files#comment119758379_67743090,67743090,7371893.0,1622308837.0,2021-05-29 17:20:37
6417,0,119766559,https://stackoverflow.com/questions/67743090/related-to-neo4j-and-csv-files#comment119766559_67743090,67743090,14022476.0,1622359313.0,2021-05-30 07:21:53
6418,0,119781370,https://stackoverflow.com/questions/67743090/related-to-neo4j-and-csv-files#comment119781370_67743090,67743090,7371893.0,1622424629.0,2021-05-31 01:30:29
6419,0,119782836,https://stackoverflow.com/questions/67743090/related-to-neo4j-and-csv-files#comment119782836_67743090,67743090,14022476.0,1622434833.0,2021-05-31 04:20:33
6420,0,119800021,https://stackoverflow.com/questions/67743090/related-to-neo4j-and-csv-files#comment119800021_67743090,67743090,7371893.0,1622481407.0,2021-05-31 17:16:47
6421,0,119837359,https://stackoverflow.com/questions/67743090/related-to-neo4j-and-csv-files#comment119837359_67743090,67743090,14022476.0,1622608764.0,2021-06-02 04:39:24
6422,0,119845514,https://stackoverflow.com/questions/67743090/related-to-neo4j-and-csv-files#comment119845514_67743090,67743090,14022476.0,1622630731.0,2021-06-02 10:45:31
6423,0,119849668,https://stackoverflow.com/questions/67743090/related-to-neo4j-and-csv-files#comment119849668_67743090,67743090,7371893.0,1622639852.0,2021-06-02 13:17:32
6424,1,119734019,https://stackoverflow.com/questions/67739239/find-most-suitable-nodes-from-a-starting-node-start-and-end-nodes-are-indirectl#comment119734019_67739239,67739239,16582.0,1622209247.0,2021-05-28 13:40:47
6425,0,119759467,https://stackoverflow.com/questions/67739239/find-most-suitable-nodes-from-a-starting-node-start-and-end-nodes-are-indirectl#comment119759467_67739239,67739239,3852496.0,1622313063.0,2021-05-29 18:31:03
6426,0,119667794,https://stackoverflow.com/questions/67701558/creating-node-and-set-id-for-it-without-duplicating-field#comment119667794_67701558,67701558,1409772.0,1622022034.0,2021-05-26 09:40:34
6427,0,119668597,https://stackoverflow.com/questions/67701558/creating-node-and-set-id-for-it-without-duplicating-field#comment119668597_67701558,67701558,,,
6428,0,119665827,https://stackoverflow.com/questions/67700021/neo4j-matching-two-different-relationships-and-retrieving-count-while-avoiding-c#comment119665827_67700021,67700021,437260.0,1622017679.0,2021-05-26 08:27:59
6429,1,119681188,https://stackoverflow.com/questions/67700021/neo4j-matching-two-different-relationships-and-retrieving-count-while-avoiding-c#comment119681188_67700021,67700021,7371893.0,1622050195.0,2021-05-26 17:29:55
6431,0,119634003,https://stackoverflow.com/questions/67683449/connect-with-service-running-on-host-from-docker-container#comment119634003_67683449,67683449,1409772.0,1621927988.0,2021-05-25 07:33:08
6432,0,119635229,https://stackoverflow.com/questions/67683449/connect-with-service-running-on-host-from-docker-container#comment119635229_67683449,67683449,11447688.0,1621930827.0,2021-05-25 08:20:27
6433,0,119638713,https://stackoverflow.com/questions/67683449/connect-with-service-running-on-host-from-docker-container#comment119638713_67683449,67683449,1409772.0,1621938700.0,2021-05-25 10:31:40
6434,0,119639317,https://stackoverflow.com/questions/67683449/connect-with-service-running-on-host-from-docker-container#comment119639317_67683449,67683449,11447688.0,1621940153.0,2021-05-25 10:55:53
6435,0,119639361,https://stackoverflow.com/questions/67683449/connect-with-service-running-on-host-from-docker-container#comment119639361_67683449,67683449,1409772.0,1621940239.0,2021-05-25 10:57:19
6436,0,119639444,https://stackoverflow.com/questions/67683449/connect-with-service-running-on-host-from-docker-container#comment119639444_67683449,67683449,11447688.0,1621940414.0,2021-05-25 11:00:14
6437,1,119640708,https://stackoverflow.com/questions/67682614/in-neo4j-find-path-from-root-to-a-node-in-a-tree#comment119640708_67682614,67682614,4744359.0,1621943034.0,2021-05-25 11:43:54
6438,0,119687067,https://stackoverflow.com/questions/67682614/in-neo4j-find-path-from-root-to-a-node-in-a-tree#comment119687067_67682614,67682614,1313016.0,1622067009.0,2021-05-26 22:10:09
6439,0,119701235,https://stackoverflow.com/questions/67682614/in-neo4j-find-path-from-root-to-a-node-in-a-tree#comment119701235_67682614,67682614,4744359.0,1622116479.0,2021-05-27 11:54:39
6441,2,119606191,https://stackoverflow.com/questions/67667742/neo4j-query-where-in-a-extremely-long-list#comment119606191_67667742,67667742,1409772.0,1621840604.0,2021-05-24 07:16:44
6442,0,119616367,https://stackoverflow.com/questions/67667742/neo4j-query-where-in-a-extremely-long-list#comment119616367_67667742,67667742,1379830.0,1621866436.0,2021-05-24 14:27:16
6443,0,119713026,https://stackoverflow.com/questions/67667645/neo4j-docker-please-see-the-attached-cause-exception-var-lib-neo4j-certificat#comment119713026_67667645,67667645,5289186.0,1622140361.0,2021-05-27 18:32:41
6444,0,119543642,https://stackoverflow.com/questions/67631544/how-to-write-cypher-query-in-net-core-api#comment119543642_67631544,67631544,1409772.0,1621581520.0,2021-05-21 07:18:40
6445,0,119362405,https://stackoverflow.com/questions/67530710/how-to-set-a-property-if-not-exists-array-in-neo4j#comment119362405_67530710,67530710,1409772.0,1620978464.0,2021-05-14 07:47:44
6446,0,119362572,https://stackoverflow.com/questions/67530710/how-to-set-a-property-if-not-exists-array-in-neo4j#comment119362572_67530710,67530710,6209177.0,1620979041.0,2021-05-14 07:57:21
6447,0,119362651,https://stackoverflow.com/questions/67530710/how-to-set-a-property-if-not-exists-array-in-neo4j#comment119362651_67530710,67530710,1409772.0,1620979230.0,2021-05-14 08:00:30
6448,0,119363506,https://stackoverflow.com/questions/67530710/how-to-set-a-property-if-not-exists-array-in-neo4j#comment119363506_67530710,67530710,6209177.0,1620981598.0,2021-05-14 08:39:58
6449,0,119363519,https://stackoverflow.com/questions/67530710/how-to-set-a-property-if-not-exists-array-in-neo4j#comment119363519_67530710,67530710,1409772.0,1620981644.0,2021-05-14 08:40:44
6450,0,119363848,https://stackoverflow.com/questions/67530710/how-to-set-a-property-if-not-exists-array-in-neo4j#comment119363848_67530710,67530710,6209177.0,1620982559.0,2021-05-14 08:55:59
6451,0,119432011,https://stackoverflow.com/questions/67530710/how-to-set-a-property-if-not-exists-array-in-neo4j#comment119432011_67530710,67530710,7371893.0,1621255048.0,2021-05-17 12:37:28
6452,0,119361724,https://stackoverflow.com/questions/67529460/and-clause-for-matching-3-conditions-in-neo4j#comment119361724_67529460,67529460,1409772.0,1620976210.0,2021-05-14 07:10:10
6453,0,119363917,https://stackoverflow.com/questions/67529460/and-clause-for-matching-3-conditions-in-neo4j#comment119363917_67529460,67529460,15922697.0,1620982746.0,2021-05-14 08:59:06
6454,0,119363933,https://stackoverflow.com/questions/67529460/and-clause-for-matching-3-conditions-in-neo4j#comment119363933_67529460,67529460,15922697.0,1620982798.0,2021-05-14 08:59:58
6455,0,119365769,https://stackoverflow.com/questions/67529460/and-clause-for-matching-3-conditions-in-neo4j#comment119365769_67529460,67529460,1409772.0,1620987852.0,2021-05-14 10:24:12
6456,0,119366934,https://stackoverflow.com/questions/67529460/and-clause-for-matching-3-conditions-in-neo4j#comment119366934_67529460,67529460,15922697.0,1620990962.0,2021-05-14 11:16:02
6457,0,119367098,https://stackoverflow.com/questions/67529460/and-clause-for-matching-3-conditions-in-neo4j#comment119367098_67529460,67529460,1409772.0,1620991440.0,2021-05-14 11:24:00
6458,0,119367172,https://stackoverflow.com/questions/67529460/and-clause-for-matching-3-conditions-in-neo4j#comment119367172_67529460,67529460,15922697.0,1620991601.0,2021-05-14 11:26:41
6459,0,119367338,https://stackoverflow.com/questions/67529460/and-clause-for-matching-3-conditions-in-neo4j#comment119367338_67529460,67529460,1409772.0,1620992093.0,2021-05-14 11:34:53
6460,0,119367396,https://stackoverflow.com/questions/67529460/and-clause-for-matching-3-conditions-in-neo4j#comment119367396_67529460,67529460,15922697.0,1620992252.0,2021-05-14 11:37:32
6461,0,119356512,https://stackoverflow.com/questions/67526375/how-to-make-a-simple-neo4j-graph-from-a-single-csv-file#comment119356512_67526375,67526375,92359.0,1620947004.0,2021-05-13 23:03:24
6462,0,119324693,https://stackoverflow.com/questions/67507411/facing-indexentryconflictexception-while-merging#comment119324693_67507411,67507411,92359.0,1620844949.0,2021-05-12 18:42:29
6463,0,119315796,https://stackoverflow.com/questions/67497553/is-the-neo4j-documentation-inconsistent-regarding-embedding-parameter#comment119315796_67497553,67497553,7371893.0,1620826312.0,2021-05-12 13:31:52
6464,0,119289168,https://stackoverflow.com/questions/67484470/neo4j-neogma-typeerror-cannot-read-property-queryrunner-of-undefined#comment119289168_67484470,67484470,1260068.0,1620746273.0,2021-05-11 15:17:53
6466,0,119278828,https://stackoverflow.com/questions/67477156/neo4j-data-loading-performance-driver-vs-custom-procedure#comment119278828_67477156,67477156,728812.0,1620725035.0,2021-05-11 09:23:55
6467,0,119296789,https://stackoverflow.com/questions/67477156/neo4j-data-loading-performance-driver-vs-custom-procedure#comment119296789_67477156,67477156,10020283.0,1620764320.0,2021-05-11 20:18:40
6468,0,119265288,https://stackoverflow.com/questions/67475628/how-can-i-add-another-match-condition-if-case-is-such-and-such-in-cypher#comment119265288_67475628,67475628,6692895.0,1620673716.0,2021-05-10 19:08:36
6469,0,119254552,https://stackoverflow.com/questions/67469310/replace-a-relationship-node-relationship-construct-with-one-realtionship-contai#comment119254552_67469310,67469310,7371893.0,1620649284.0,2021-05-10 12:21:24
6470,0,119254690,https://stackoverflow.com/questions/67469310/replace-a-relationship-node-relationship-construct-with-one-realtionship-contai#comment119254690_67469310,67469310,15885857.0,1620649590.0,2021-05-10 12:26:30
6471,0,119256820,https://stackoverflow.com/questions/67469310/replace-a-relationship-node-relationship-construct-with-one-realtionship-contai#comment119256820_67469310,67469310,7371893.0,1620654345.0,2021-05-10 13:45:45
6472,0,119207089,https://stackoverflow.com/questions/67421392/updating-neo4j-relationship-properties-without-duplicating-the-existing-relation#comment119207089_67421392,67421392,92359.0,1620429028.0,2021-05-07 23:10:28
6473,0,119641603,https://stackoverflow.com/questions/67416527/how-can-i-create-graphql-apis-with-django-and-neo4j-database#comment119641603_67416527,67416527,14260268.0,1621944986.0,2021-05-25 12:16:26
6474,0,119691135,https://stackoverflow.com/questions/67416527/how-can-i-create-graphql-apis-with-django-and-neo4j-database#comment119691135_67416527,67416527,10362824.0,1622089257.0,2021-05-27 04:20:57
6476,0,119144968,https://stackoverflow.com/questions/67406615/neo4j-find-all-friends-who-posted-something-i-liked#comment119144968_67406615,67406615,92359.0,1620239522.0,2021-05-05 18:32:02
6477,0,119146476,https://stackoverflow.com/questions/67406615/neo4j-find-all-friends-who-posted-something-i-liked#comment119146476_67406615,67406615,10662977.0,1620243511.0,2021-05-05 19:38:31
6478,0,119148510,https://stackoverflow.com/questions/67386445/ontology-populating#comment119148510_67386445,67386445,4414246.0,1620249029.0,2021-05-05 21:10:29
6479,0,119115024,https://stackoverflow.com/questions/67378953/create-a-path-between-two-nodes-through-another-node-using-cypher-command-in-neo#comment119115024_67378953,67378953,92359.0,1620152495.0,2021-05-04 18:21:35
6480,0,120665384,https://stackoverflow.com/questions/67363073/graph-database-or-relational-database-for-tree-structure-data#comment120665384_67363073,67363073,2689973.0,1625590587.0,2021-07-06 16:56:27
6481,0,118966356,https://stackoverflow.com/questions/67304191/neo4j-how-can-i-compare-dates-that-stored-as-strings#comment118966356_67304191,67304191,6692895.0,1619632065.0,2021-04-28 17:47:45
6482,0,118938821,https://stackoverflow.com/questions/67289546/python-asking-me-for-installed-modules#comment118938821_67289546,67289546,13925648.0,1619552169.0,2021-04-27 19:36:09
6483,0,118938860,https://stackoverflow.com/questions/67289546/python-asking-me-for-installed-modules#comment118938860_67289546,67289546,11985743.0,1619552288.0,2021-04-27 19:38:08
6484,0,118938962,https://stackoverflow.com/questions/67289546/python-asking-me-for-installed-modules#comment118938962_67289546,67289546,15697084.0,1619552593.0,2021-04-27 19:43:13
6487,0,118794931,https://stackoverflow.com/questions/67207739/neo4j-query-an-array-field-that-has-at-least-one-item-in-the-list#comment118794931_67207739,67207739,2943218.0,1619072265.0,2021-04-22 06:17:45
6489,0,118781742,https://stackoverflow.com/questions/67199988/how-to-find-a-node-quick-in-neo4j-3-3-9-cypher-query-optimization#comment118781742_67199988,67199988,92359.0,1619023662.0,2021-04-21 16:47:42
6490,0,118783655,https://stackoverflow.com/questions/67199988/how-to-find-a-node-quick-in-neo4j-3-3-9-cypher-query-optimization#comment118783655_67199988,67199988,277128.0,1619028348.0,2021-04-21 18:05:48
6491,0,118725756,https://stackoverflow.com/questions/67165244/neosemantics-linking-ontology-and-label-property-graph#comment118725756_67165244,67165244,4744359.0,1618859986.0,2021-04-19 19:19:46
6492,0,118725882,https://stackoverflow.com/questions/67165244/neosemantics-linking-ontology-and-label-property-graph#comment118725882_67165244,67165244,4744359.0,1618860316.0,2021-04-19 19:25:16
6493,0,118735807,https://stackoverflow.com/questions/67165244/neosemantics-linking-ontology-and-label-property-graph#comment118735807_67165244,67165244,1029926.0,1618901794.0,2021-04-20 06:56:34
6494,0,118690287,https://stackoverflow.com/questions/67148243/create-works-in-this-statement-but-merge-doest-whats-going-on-here#comment118690287_67148243,67148243,272109.0,1618747268.0,2021-04-18 12:01:08
6495,0,118690301,https://stackoverflow.com/questions/67148243/create-works-in-this-statement-but-merge-doest-whats-going-on-here#comment118690301_67148243,67148243,3324298.0,1618747312.0,2021-04-18 12:01:52
6496,0,118633376,https://stackoverflow.com/questions/67112463/unable-to-resolve-connection-to-neo4j-database-from-aws-lambda#comment118633376_67112463,67112463,7371893.0,1618519972.0,2021-04-15 20:52:52
6497,0,118642362,https://stackoverflow.com/questions/67112463/unable-to-resolve-connection-to-neo4j-database-from-aws-lambda#comment118642362_67112463,67112463,9611562.0,1618558583.0,2021-04-16 07:36:23
6498,0,118644397,https://stackoverflow.com/questions/67112463/unable-to-resolve-connection-to-neo4j-database-from-aws-lambda#comment118644397_67112463,67112463,9611562.0,1618563622.0,2021-04-16 09:00:22
6499,0,118649294,https://stackoverflow.com/questions/67112463/unable-to-resolve-connection-to-neo4j-database-from-aws-lambda#comment118649294_67112463,67112463,7371893.0,1618575152.0,2021-04-16 12:12:32
6500,1,118628305,https://stackoverflow.com/questions/67110557/how-to-optimise-neo4j-cypher-query-for-high-size-graph#comment118628305_67110557,67110557,92359.0,1618507086.0,2021-04-15 17:18:06
6501,0,118598903,https://stackoverflow.com/questions/67095100/retreiveing-relationship-in-neoj4client-gives-deserialization-exception#comment118598903_67095100,67095100,541404.0,1618421961.0,2021-04-14 17:39:21
6502,0,118598995,https://stackoverflow.com/questions/67095100/retreiveing-relationship-in-neoj4client-gives-deserialization-exception#comment118598995_67095100,67095100,541404.0,1618422197.0,2021-04-14 17:43:17
6503,0,118621869,https://stackoverflow.com/questions/67095100/retreiveing-relationship-in-neoj4client-gives-deserialization-exception#comment118621869_67095100,67095100,12691078.0,1618493916.0,2021-04-15 13:38:36
6504,0,118577986,https://stackoverflow.com/questions/67084660/neo4j-cypher-match-return-count-return-double-of-the-number-of-the#comment118577986_67084660,67084660,272109.0,1618367073.0,2021-04-14 02:24:33
6505,1,118567144,https://stackoverflow.com/questions/67078202/use-optional-cypher-query-results-in-subsequent-query-and-combine-results#comment118567144_67078202,67078202,92359.0,1618330435.0,2021-04-13 16:13:55
6506,0,118526738,https://stackoverflow.com/questions/67055300/neo4j-cypher-query-doesnt-return-the-results-as-expected-into-pandas-dataframe#comment118526738_67055300,67055300,1320619.0,1618219299.0,2021-04-12 09:21:39
6507,0,118528163,https://stackoverflow.com/questions/67055300/neo4j-cypher-query-doesnt-return-the-results-as-expected-into-pandas-dataframe#comment118528163_67055300,67055300,11019303.0,1618222631.0,2021-04-12 10:17:11
6508,0,118534182,https://stackoverflow.com/questions/67055300/neo4j-cypher-query-doesnt-return-the-results-as-expected-into-pandas-dataframe#comment118534182_67055300,67055300,1320619.0,1618236219.0,2021-04-12 14:03:39
6509,0,118534260,https://stackoverflow.com/questions/67055300/neo4j-cypher-query-doesnt-return-the-results-as-expected-into-pandas-dataframe#comment118534260_67055300,67055300,1320619.0,1618236378.0,2021-04-12 14:06:18
6510,0,118534307,https://stackoverflow.com/questions/67055300/neo4j-cypher-query-doesnt-return-the-results-as-expected-into-pandas-dataframe#comment118534307_67055300,67055300,1320619.0,1618236467.0,2021-04-12 14:07:47
6511,0,118536086,https://stackoverflow.com/questions/67055300/neo4j-cypher-query-doesnt-return-the-results-as-expected-into-pandas-dataframe#comment118536086_67055300,67055300,1320619.0,1618240008.0,2021-04-12 15:06:48
6512,0,118541891,https://stackoverflow.com/questions/67055300/neo4j-cypher-query-doesnt-return-the-results-as-expected-into-pandas-dataframe#comment118541891_67055300,67055300,11019303.0,1618253879.0,2021-04-12 18:57:59
6513,0,118544099,https://stackoverflow.com/questions/67055300/neo4j-cypher-query-doesnt-return-the-results-as-expected-into-pandas-dataframe#comment118544099_67055300,67055300,1320619.0,1618260128.0,2021-04-12 20:42:08
6514,0,118545003,https://stackoverflow.com/questions/67055300/neo4j-cypher-query-doesnt-return-the-results-as-expected-into-pandas-dataframe#comment118545003_67055300,67055300,11019303.0,1618262959.0,2021-04-12 21:29:19
6515,0,118507932,https://stackoverflow.com/questions/67045109/how-to-create-a-chain-of-nodes-depending-on-a-property-in-cypher#comment118507932_67045109,67045109,13182892.0,1618145155.0,2021-04-11 12:45:55
6516,0,118471527,https://stackoverflow.com/questions/67022604/spring-does-not-find-the-symbol-queryresult#comment118471527_67022604,67022604,7199780.0,1617980822.0,2021-04-09 15:07:02
6517,1,118474292,https://stackoverflow.com/questions/67022604/spring-does-not-find-the-symbol-queryresult#comment118474292_67022604,67022604,277128.0,1617986962.0,2021-04-09 16:49:22
6519,0,118472973,https://stackoverflow.com/questions/67014954/neo4j-randomly-high-cpu#comment118472973_67014954,67014954,132270.0,1617984029.0,2021-04-09 16:00:29
6520,0,118639311,https://stackoverflow.com/questions/67014954/neo4j-randomly-high-cpu#comment118639311_67014954,67014954,7412939.0,1618548292.0,2021-04-16 04:44:52
6521,0,118477818,https://stackoverflow.com/questions/67003920/create-relationship-in-cypher-based-on-a-conditions#comment118477818_67003920,67003920,7371893.0,1617996349.0,2021-04-09 19:25:49
6522,0,118431178,https://stackoverflow.com/questions/67000513/how-can-i-fail-neo4j-transaction-if-validation-query-fails#comment118431178_67000513,67000513,10687857.0,1617872105.0,2021-04-08 08:55:05
6523,0,118431220,https://stackoverflow.com/questions/67000513/how-can-i-fail-neo4j-transaction-if-validation-query-fails#comment118431220_67000513,67000513,303114.0,1617872202.0,2021-04-08 08:56:42
6524,0,118396524,https://stackoverflow.com/questions/66979866/cant-use-the-added-function-in-repository#comment118396524_66979866,66979866,1045142.0,1617775329.0,2021-04-07 06:02:09
6525,0,118396672,https://stackoverflow.com/questions/66979866/cant-use-the-added-function-in-repository#comment118396672_66979866,66979866,10211694.0,1617775820.0,2021-04-07 06:10:20
6526,1,118397548,https://stackoverflow.com/questions/66979866/cant-use-the-added-function-in-repository#comment118397548_66979866,66979866,2696260.0,1617778378.0,2021-04-07 06:52:58
6528,0,118343200,https://stackoverflow.com/questions/66948355/graph-regression-detection-in-neo4j#comment118343200_66948355,66948355,92359.0,1617611877.0,2021-04-05 08:37:57
6529,0,118358075,https://stackoverflow.com/questions/66948355/graph-regression-detection-in-neo4j#comment118358075_66948355,66948355,5319625.0,1617651328.0,2021-04-05 19:35:28
6530,0,118358155,https://stackoverflow.com/questions/66948355/graph-regression-detection-in-neo4j#comment118358155_66948355,66948355,92359.0,1617651546.0,2021-04-05 19:39:06
6531,0,118358265,https://stackoverflow.com/questions/66948355/graph-regression-detection-in-neo4j#comment118358265_66948355,66948355,5319625.0,1617651846.0,2021-04-05 19:44:06
6532,0,118358856,https://stackoverflow.com/questions/66948355/graph-regression-detection-in-neo4j#comment118358856_66948355,66948355,92359.0,1617653464.0,2021-04-05 20:11:04
6533,0,118414478,https://stackoverflow.com/questions/66948355/graph-regression-detection-in-neo4j#comment118414478_66948355,66948355,132270.0,1617814570.0,2021-04-07 16:56:10
6534,0,118450957,https://stackoverflow.com/questions/66948355/graph-regression-detection-in-neo4j#comment118450957_66948355,66948355,5319625.0,1617914583.0,2021-04-08 20:43:03
6535,0,118450976,https://stackoverflow.com/questions/66948355/graph-regression-detection-in-neo4j#comment118450976_66948355,66948355,5319625.0,1617914632.0,2021-04-08 20:43:52
6536,0,118282301,https://stackoverflow.com/questions/66914688/label-propagation-algorithm-implementation-in-neo4j#comment118282301_66914688,66914688,1589379.0,1617340706.0,2021-04-02 05:18:26
6537,0,118282773,https://stackoverflow.com/questions/66914688/label-propagation-algorithm-implementation-in-neo4j#comment118282773_66914688,66914688,15127452.0,1617343229.0,2021-04-02 06:00:29
6538,1,118284910,https://stackoverflow.com/questions/66914688/label-propagation-algorithm-implementation-in-neo4j#comment118284910_66914688,66914688,6692895.0,1617351680.0,2021-04-02 08:21:20
6539,0,118277045,https://stackoverflow.com/questions/66911251/cypher-query-for-graph#comment118277045_66911251,66911251,7371893.0,1617312076.0,2021-04-01 21:21:16
6540,0,118277146,https://stackoverflow.com/questions/66911251/cypher-query-for-graph#comment118277146_66911251,66911251,15529337.0,1617312378.0,2021-04-01 21:26:18
6541,0,118284926,https://stackoverflow.com/questions/66911251/cypher-query-for-graph#comment118284926_66911251,66911251,6692895.0,1617351743.0,2021-04-02 08:22:23
6542,0,118272099,https://stackoverflow.com/questions/66901973/how-can-i-check-if-a-neo4j-fulltext-index-exists#comment118272099_66901973,66901973,7371893.0,1617297992.0,2021-04-01 17:26:32
6543,0,118343071,https://stackoverflow.com/questions/66901973/how-can-i-check-if-a-neo4j-fulltext-index-exists#comment118343071_66901973,66901973,1566397.0,1617611424.0,2021-04-05 08:30:24
6544,1,118242235,https://stackoverflow.com/questions/66890820/subprocess-check-output-failing-within-docker#comment118242235_66890820,66890820,10008173.0,1617208375.0,2021-03-31 16:32:55
6545,0,118258135,https://stackoverflow.com/questions/66890820/subprocess-check-output-failing-within-docker#comment118258135_66890820,66890820,5257286.0,1617265805.0,2021-04-01 08:30:05
6546,0,118231250,https://stackoverflow.com/questions/66880653/required-identifier-property-not-found-for-class-person-when-using-neo4j-ogm#comment118231250_66880653,66880653,277128.0,1617185086.0,2021-03-31 10:04:46
6547,0,118229304,https://stackoverflow.com/questions/66877950/neo4j-query-takes-an-eternity-to-execute#comment118229304_66877950,66877950,277128.0,1617180482.0,2021-03-31 08:48:02
6548,0,118232878,https://stackoverflow.com/questions/66877950/neo4j-query-takes-an-eternity-to-execute#comment118232878_66877950,66877950,12678036.0,1617188647.0,2021-03-31 11:04:07
6549,0,118237120,https://stackoverflow.com/questions/66877950/neo4j-query-takes-an-eternity-to-execute#comment118237120_66877950,66877950,7371893.0,1617197997.0,2021-03-31 13:39:57
6550,1,118211387,https://stackoverflow.com/questions/66872423/unable-to-match-and-create-nodes-using-match-and-merge#comment118211387_66872423,66872423,10687857.0,1617118896.0,2021-03-30 15:41:36
6551,0,118408640,https://stackoverflow.com/questions/66872423/unable-to-match-and-create-nodes-using-match-and-merge#comment118408640_66872423,66872423,2237068.0,1617802733.0,2021-04-07 13:38:53
6552,0,118200080,https://stackoverflow.com/questions/66867433/sql-query-year-by-year#comment118200080_66867433,66867433,3706016.0,1617094166.0,2021-03-30 08:49:26
6553,1,118200605,https://stackoverflow.com/questions/66867433/sql-query-year-by-year#comment118200605_66867433,66867433,13399233.0,1617095327.0,2021-03-30 09:08:47
6554,0,118200698,https://stackoverflow.com/questions/66867433/sql-query-year-by-year#comment118200698_66867433,66867433,3706016.0,1617095526.0,2021-03-30 09:12:06
6555,0,118200757,https://stackoverflow.com/questions/66867433/sql-query-year-by-year#comment118200757_66867433,66867433,13399233.0,1617095624.0,2021-03-30 09:13:44
6557,0,118175944,https://stackoverflow.com/questions/66851899/get-all-graph-data-including-nodes-and-relationships-from-neo4j-using-java-into#comment118175944_66851899,66851899,7371893.0,1617021425.0,2021-03-29 12:37:05
6558,0,118183313,https://stackoverflow.com/questions/66851899/get-all-graph-data-including-nodes-and-relationships-from-neo4j-using-java-into#comment118183313_66851899,66851899,4527069.0,1617036303.0,2021-03-29 16:45:03
6559,0,118086179,https://stackoverflow.com/questions/66800073/why-wrong-to-store-a-dictionary-map-in-neo4j-as-a-property#comment118086179_66800073,66800073,277128.0,1616686066.0,2021-03-25 15:27:46
6560,0,118096896,https://stackoverflow.com/questions/66800073/why-wrong-to-store-a-dictionary-map-in-neo4j-as-a-property#comment118096896_66800073,66800073,14831061.0,1616713082.0,2021-03-25 22:58:02
6561,0,117986258,https://stackoverflow.com/questions/66744194/passing-parameters-to-gds-create-graph-in-neo4j#comment117986258_66744194,66744194,,,
6562,0,118037146,https://stackoverflow.com/questions/66744194/passing-parameters-to-gds-create-graph-in-neo4j#comment118037146_66744194,66744194,,,
6563,0,117982910,https://stackoverflow.com/questions/66741099/py2neo-using-cypher-inline-gives-404-error#comment117982910_66741099,66741099,277128.0,1616407479.0,2021-03-22 10:04:39
6564,0,118004902,https://stackoverflow.com/questions/66741099/py2neo-using-cypher-inline-gives-404-error#comment118004902_66741099,66741099,13693027.0,1616463145.0,2021-03-23 01:32:25
6565,0,117975543,https://stackoverflow.com/questions/66738800/code-neo-clienterror-security-unauthorized#comment117975543_66738800,66738800,7371893.0,1616380116.0,2021-03-22 02:28:36
6566,0,117975691,https://stackoverflow.com/questions/66738800/code-neo-clienterror-security-unauthorized#comment117975691_66738800,66738800,15127452.0,1616381257.0,2021-03-22 02:47:37
6567,0,117982832,https://stackoverflow.com/questions/66738800/code-neo-clienterror-security-unauthorized#comment117982832_66738800,66738800,277128.0,1616407338.0,2021-03-22 10:02:18
6568,0,117986219,https://stackoverflow.com/questions/66738800/code-neo-clienterror-security-unauthorized#comment117986219_66738800,66738800,7371893.0,1616415212.0,2021-03-22 12:13:32
6569,0,117921417,https://stackoverflow.com/questions/66707413/how-to-unify-results-of-multiple-neo4j-queries#comment117921417_66707413,66707413,7371893.0,1616158031.0,2021-03-19 12:47:11
6570,0,117922281,https://stackoverflow.com/questions/66703705/cypher-query-collect-two-separate-types-of-nodes-connected-to-a-third-type-of#comment117922281_66703705,66703705,7371893.0,1616159888.0,2021-03-19 13:18:08
6571,0,117928646,https://stackoverflow.com/questions/66703705/cypher-query-collect-two-separate-types-of-nodes-connected-to-a-third-type-of#comment117928646_66703705,66703705,1334067.0,1616173226.0,2021-03-19 17:00:26
6572,0,117941607,https://stackoverflow.com/questions/66703705/cypher-query-collect-two-separate-types-of-nodes-connected-to-a-third-type-of#comment117941607_66703705,66703705,92359.0,1616233123.0,2021-03-20 09:38:43
6573,0,117921336,https://stackoverflow.com/questions/66702971/is-it-possible-to-get-lucene-scoring-as-a-number-between-0-and-1#comment117921336_66702971,66702971,12567365.0,1616157828.0,2021-03-19 12:43:48
6575,0,117906275,https://stackoverflow.com/questions/66699185/connection-unavailable-trying-to-connect-locally-hosted-neo4j-from-docker-app#comment117906275_66699185,66699185,15329869.0,1616103490.0,2021-03-18 21:38:10
6576,0,117906672,https://stackoverflow.com/questions/66699185/connection-unavailable-trying-to-connect-locally-hosted-neo4j-from-docker-app#comment117906672_66699185,66699185,5120817.0,1616104962.0,2021-03-18 22:02:42
6577,0,117906741,https://stackoverflow.com/questions/66699185/connection-unavailable-trying-to-connect-locally-hosted-neo4j-from-docker-app#comment117906741_66699185,66699185,15329869.0,1616105220.0,2021-03-18 22:07:00
6578,0,117906980,https://stackoverflow.com/questions/66699185/connection-unavailable-trying-to-connect-locally-hosted-neo4j-from-docker-app#comment117906980_66699185,66699185,5120817.0,1616106016.0,2021-03-18 22:20:16
6579,0,117907034,https://stackoverflow.com/questions/66699185/connection-unavailable-trying-to-connect-locally-hosted-neo4j-from-docker-app#comment117907034_66699185,66699185,15329869.0,1616106231.0,2021-03-18 22:23:51
6580,0,117907115,https://stackoverflow.com/questions/66699185/connection-unavailable-trying-to-connect-locally-hosted-neo4j-from-docker-app#comment117907115_66699185,66699185,5120817.0,1616106456.0,2021-03-18 22:27:36
6581,0,117907173,https://stackoverflow.com/questions/66699185/connection-unavailable-trying-to-connect-locally-hosted-neo4j-from-docker-app#comment117907173_66699185,66699185,15329869.0,1616106709.0,2021-03-18 22:31:49
6582,0,117907230,https://stackoverflow.com/questions/66699185/connection-unavailable-trying-to-connect-locally-hosted-neo4j-from-docker-app#comment117907230_66699185,66699185,5120817.0,1616106930.0,2021-03-18 22:35:30
6583,0,117907882,https://stackoverflow.com/questions/66699185/connection-unavailable-trying-to-connect-locally-hosted-neo4j-from-docker-app#comment117907882_66699185,66699185,15329869.0,1616109761.0,2021-03-18 23:22:41
6585,0,117892285,https://stackoverflow.com/questions/66691412/unexpected-result-with-apoc-text-sorensendicesimilarity#comment117892285_66691412,66691412,7371893.0,1616072476.0,2021-03-18 13:01:16
6586,0,117892140,https://stackoverflow.com/questions/66691009/how-to-find-node-with-the-most-similarities-neo4j#comment117892140_66691009,66691009,7371893.0,1616072223.0,2021-03-18 12:57:03
6587,0,117892359,https://stackoverflow.com/questions/66691009/how-to-find-node-with-the-most-similarities-neo4j#comment117892359_66691009,66691009,15145256.0,1616072627.0,2021-03-18 13:03:47
6588,0,117894155,https://stackoverflow.com/questions/66691009/how-to-find-node-with-the-most-similarities-neo4j#comment117894155_66691009,66691009,7371893.0,1616076139.0,2021-03-18 14:02:19
6589,0,117881264,https://stackoverflow.com/questions/66684383/database-failed-to-create-error-could-not-change-password-neo4j-desktop-1-4#comment117881264_66684383,66684383,232671.0,1616044863.0,2021-03-18 05:21:03
6590,1,117881272,https://stackoverflow.com/questions/66684383/database-failed-to-create-error-could-not-change-password-neo4j-desktop-1-4#comment117881272_66684383,66684383,232671.0,1616044901.0,2021-03-18 05:21:41
6591,0,117869223,https://stackoverflow.com/questions/66677157/neo4j-optional-query-very-slow#comment117869223_66677157,66677157,7371893.0,1616001937.0,2021-03-17 17:25:37
6592,0,117869385,https://stackoverflow.com/questions/66677157/neo4j-optional-query-very-slow#comment117869385_66677157,66677157,92359.0,1616002271.0,2021-03-17 17:31:11
6593,0,117815781,https://stackoverflow.com/questions/66647249/refactor-cypher-query-for-batchquery-using-apoc#comment117815781_66647249,66647249,10227025.0,1615852991.0,2021-03-16 00:03:11
6594,0,117815892,https://stackoverflow.com/questions/66647249/refactor-cypher-query-for-batchquery-using-apoc#comment117815892_66647249,66647249,10227025.0,1615853517.0,2021-03-16 00:11:57
6595,0,117817209,https://stackoverflow.com/questions/66641805/neo4j-cypher-how-to-optimize-a-not-exists-query-when-cardinality-is-high#comment117817209_66641805,66641805,92359.0,1615860779.0,2021-03-16 02:12:59
6596,0,117818197,https://stackoverflow.com/questions/66641805/neo4j-cypher-how-to-optimize-a-not-exists-query-when-cardinality-is-high#comment117818197_66641805,66641805,1747274.0,1615866222.0,2021-03-16 03:43:42
6597,1,117860307,https://stackoverflow.com/questions/66638955/neo4j-how-to-return-a-single-path-for-each-pair-of-nodes-that-have-multiple-rel#comment117860307_66638955,66638955,7371893.0,1615985202.0,2021-03-17 12:46:42
6598,0,117867117,https://stackoverflow.com/questions/66638955/neo4j-how-to-return-a-single-path-for-each-pair-of-nodes-that-have-multiple-rel#comment117867117_66638955,66638955,2328064.0,1615997850.0,2021-03-17 16:17:30
6599,1,117880289,https://stackoverflow.com/questions/66638955/neo4j-how-to-return-a-single-path-for-each-pair-of-nodes-that-have-multiple-rel#comment117880289_66638955,66638955,92359.0,1616039424.0,2021-03-18 03:50:24
6600,1,117880373,https://stackoverflow.com/questions/66638955/neo4j-how-to-return-a-single-path-for-each-pair-of-nodes-that-have-multiple-rel#comment117880373_66638955,66638955,92359.0,1616039817.0,2021-03-18 03:56:57
6601,0,117893915,https://stackoverflow.com/questions/66638955/neo4j-how-to-return-a-single-path-for-each-pair-of-nodes-that-have-multiple-rel#comment117893915_66638955,66638955,2328064.0,1616075680.0,2021-03-18 13:54:40
6602,1,117843003,https://stackoverflow.com/questions/66634564/how-to-connect-to-neo4j-database-from-android-app-with-java-code#comment117843003_66634564,66634564,15067000.0,1615927245.0,2021-03-16 20:40:45
6603,1,117808374,https://stackoverflow.com/questions/66630739/is-there-a-way-to-store-dynamic-cypher-query-into-python-variable#comment117808374_66630739,66630739,7371893.0,1615831260.0,2021-03-15 18:01:00
6604,0,117783155,https://stackoverflow.com/questions/66626238/can-i-load-in-nodes-and-relationships-from-a-csv-file-using-1-cypher-command#comment117783155_66626238,66626238,92359.0,1615753927.0,2021-03-14 20:32:07
6605,0,117784081,https://stackoverflow.com/questions/66626238/can-i-load-in-nodes-and-relationships-from-a-csv-file-using-1-cypher-command#comment117784081_66626238,66626238,15391054.0,1615757008.0,2021-03-14 21:23:28
6606,0,117784502,https://stackoverflow.com/questions/66626238/can-i-load-in-nodes-and-relationships-from-a-csv-file-using-1-cypher-command#comment117784502_66626238,66626238,92359.0,1615758420.0,2021-03-14 21:47:00
6607,0,117794881,https://stackoverflow.com/questions/66626238/can-i-load-in-nodes-and-relationships-from-a-csv-file-using-1-cypher-command#comment117794881_66626238,66626238,15391054.0,1615803301.0,2021-03-15 10:15:01
6608,0,117744197,https://stackoverflow.com/questions/66604442/having-errors-writing-a-cypher-query-that-gets-the-destination-of-a-bus#comment117744197_66604442,66604442,7371893.0,1615578658.0,2021-03-12 19:50:58
6609,0,117744442,https://stackoverflow.com/questions/66604442/having-errors-writing-a-cypher-query-that-gets-the-destination-of-a-bus#comment117744442_66604442,66604442,1592334.0,1615579355.0,2021-03-12 20:02:35
6610,0,117744650,https://stackoverflow.com/questions/66604442/having-errors-writing-a-cypher-query-that-gets-the-destination-of-a-bus#comment117744650_66604442,66604442,12642133.0,1615579905.0,2021-03-12 20:11:45
6611,0,117729855,https://stackoverflow.com/questions/66597925/im-not-create-neo4j-with-multiple-port#comment117729855_66597925,66597925,277128.0,1615545742.0,2021-03-12 10:42:22
6612,0,117730180,https://stackoverflow.com/questions/66597925/im-not-create-neo4j-with-multiple-port#comment117730180_66597925,66597925,15381808.0,1615546635.0,2021-03-12 10:57:15
6613,0,117730906,https://stackoverflow.com/questions/66597925/im-not-create-neo4j-with-multiple-port#comment117730906_66597925,66597925,277128.0,1615548429.0,2021-03-12 11:27:09
6614,0,117731138,https://stackoverflow.com/questions/66597925/im-not-create-neo4j-with-multiple-port#comment117731138_66597925,66597925,15381808.0,1615549012.0,2021-03-12 11:36:52
6615,1,117707120,https://stackoverflow.com/questions/66584946/how-to-design-a-graph-without-cycles-neo4j#comment117707120_66584946,66584946,7371893.0,1615476221.0,2021-03-11 15:23:41
6616,0,117745355,https://stackoverflow.com/questions/66584946/how-to-design-a-graph-without-cycles-neo4j#comment117745355_66584946,66584946,12642133.0,1615581836.0,2021-03-12 20:43:56
6617,0,117673152,https://stackoverflow.com/questions/66565759/cypher-select-vertices-whose-any-neighbours-do-not-contain-a-property#comment117673152_66565759,66565759,7371893.0,1615383421.0,2021-03-10 13:37:01
6618,0,117673324,https://stackoverflow.com/questions/66565759/cypher-select-vertices-whose-any-neighbours-do-not-contain-a-property#comment117673324_66565759,66565759,10408834.0,1615383773.0,2021-03-10 13:42:53
6619,0,117673586,https://stackoverflow.com/questions/66565759/cypher-select-vertices-whose-any-neighbours-do-not-contain-a-property#comment117673586_66565759,66565759,7371893.0,1615384359.0,2021-03-10 13:52:39
6620,0,117673709,https://stackoverflow.com/questions/66565759/cypher-select-vertices-whose-any-neighbours-do-not-contain-a-property#comment117673709_66565759,66565759,10408834.0,1615384616.0,2021-03-10 13:56:56
6621,1,117633147,https://stackoverflow.com/questions/66542103/match-floating-point-number-with-regular-expression#comment117633147_66542103,66542103,5424988.0,1615273251.0,2021-03-09 07:00:51
6622,0,117633166,https://stackoverflow.com/questions/66542103/match-floating-point-number-with-regular-expression#comment117633166_66542103,66542103,7475450.0,1615273312.0,2021-03-09 07:01:52
6623,0,117633216,https://stackoverflow.com/questions/66542103/match-floating-point-number-with-regular-expression#comment117633216_66542103,66542103,7475450.0,1615273475.0,2021-03-09 07:04:35
6624,0,117633235,https://stackoverflow.com/questions/66542103/match-floating-point-number-with-regular-expression#comment117633235_66542103,66542103,15341187.0,1615273537.0,2021-03-09 07:05:37
6625,0,117633403,https://stackoverflow.com/questions/66542103/match-floating-point-number-with-regular-expression#comment117633403_66542103,66542103,15341187.0,1615274056.0,2021-03-09 07:14:16
6626,0,117633579,https://stackoverflow.com/questions/66542103/match-floating-point-number-with-regular-expression#comment117633579_66542103,66542103,7475450.0,1615274517.0,2021-03-09 07:21:57
6627,0,117633684,https://stackoverflow.com/questions/66542103/match-floating-point-number-with-regular-expression#comment117633684_66542103,66542103,15341187.0,1615274838.0,2021-03-09 07:27:18
6629,0,117632645,https://stackoverflow.com/questions/66541743/run-multiple-neo4j-instances-on-ubuntu-18-4-machine-with-different-ports#comment117632645_66541743,66541743,9126557.0,1615271392.0,2021-03-09 06:29:52
6630,0,117637206,https://stackoverflow.com/questions/66541743/run-multiple-neo4j-instances-on-ubuntu-18-4-machine-with-different-ports#comment117637206_66541743,66541743,92359.0,1615283662.0,2021-03-09 09:54:22
6632,0,117599988,https://stackoverflow.com/questions/66518497/neo4j-assign-the-index-of-items-in-list-to-the-mathcing-items#comment117599988_66518497,66518497,,,
6633,0,117537475,https://stackoverflow.com/questions/66484382/reduce-cost-of-cypher-query#comment117537475_66484382,66484382,,,
6634,0,117507270,https://stackoverflow.com/questions/66465724/how-to-pass-a-datetime-value-as-parameter-in-java-driver-for-neo4j#comment117507270_66465724,66465724,74057.0,1614834841.0,2021-03-04 05:14:01
6635,0,117521250,https://stackoverflow.com/questions/66465724/how-to-pass-a-datetime-value-as-parameter-in-java-driver-for-neo4j#comment117521250_66465724,66465724,2092322.0,1614868402.0,2021-03-04 14:33:22
6636,0,117479563,https://stackoverflow.com/questions/66446134/using-neo4j-to-store-json-data#comment117479563_66446134,66446134,10687857.0,1614758810.0,2021-03-03 08:06:50
6637,0,117693109,https://stackoverflow.com/questions/66446134/using-neo4j-to-store-json-data#comment117693109_66446134,66446134,3361967.0,1615441854.0,2021-03-11 05:50:54
6638,0,117693249,https://stackoverflow.com/questions/66446134/using-neo4j-to-store-json-data#comment117693249_66446134,66446134,3361967.0,1615442361.0,2021-03-11 05:59:21
6639,1,117485695,https://stackoverflow.com/questions/66410140/neo4j-database-will-not-load-in-my-desktop-application-on-windows#comment117485695_66410140,66410140,2949292.0,1614772954.0,2021-03-03 12:02:34
6640,0,117502174,https://stackoverflow.com/questions/66410140/neo4j-database-will-not-load-in-my-desktop-application-on-windows#comment117502174_66410140,66410140,5983006.0,1614810237.0,2021-03-03 22:23:57
6641,0,117410653,https://stackoverflow.com/questions/66402744/neo4j-browser-reports-completely-unrealistic-runtime#comment117410653_66402744,66402744,6692895.0,1614540762.0,2021-02-28 19:32:42
6642,0,117470451,https://stackoverflow.com/questions/66402744/neo4j-browser-reports-completely-unrealistic-runtime#comment117470451_66402744,66402744,92359.0,1614720033.0,2021-03-02 21:20:33
6643,1,117421615,https://stackoverflow.com/questions/66399226/how-to-successfully-access-neo4j-database#comment117421615_66399226,66399226,,,
6644,0,117379977,https://stackoverflow.com/questions/66395144/neo4j-where-causes-duplicates#comment117379977_66395144,66395144,232671.0,1614397446.0,2021-02-27 03:44:06
6645,0,117389029,https://stackoverflow.com/questions/66395144/neo4j-where-causes-duplicates#comment117389029_66395144,66395144,1554448.0,1614441483.0,2021-02-27 15:58:03
6646,0,117402490,https://stackoverflow.com/questions/66395144/neo4j-where-causes-duplicates#comment117402490_66395144,66395144,232671.0,1614511554.0,2021-02-28 11:25:54
6647,1,117443790,https://stackoverflow.com/questions/66395144/neo4j-where-causes-duplicates#comment117443790_66395144,66395144,92359.0,1614647850.0,2021-03-02 01:17:30
6648,0,117460484,https://stackoverflow.com/questions/66395144/neo4j-where-causes-duplicates#comment117460484_66395144,66395144,1554448.0,1614697261.0,2021-03-02 15:01:01
6649,0,117469152,https://stackoverflow.com/questions/66395144/neo4j-where-causes-duplicates#comment117469152_66395144,66395144,92359.0,1614716557.0,2021-03-02 20:22:37
6650,0,117502580,https://stackoverflow.com/questions/66395144/neo4j-where-causes-duplicates#comment117502580_66395144,66395144,1554448.0,1614811643.0,2021-03-03 22:47:23
6651,0,117503377,https://stackoverflow.com/questions/66395144/neo4j-where-causes-duplicates#comment117503377_66395144,66395144,92359.0,1614814843.0,2021-03-03 23:40:43
6652,0,117524538,https://stackoverflow.com/questions/66395144/neo4j-where-causes-duplicates#comment117524538_66395144,66395144,1554448.0,1614874444.0,2021-03-04 16:14:04
6653,0,117537443,https://stackoverflow.com/questions/66395144/neo4j-where-causes-duplicates#comment117537443_66395144,66395144,92359.0,1614917469.0,2021-03-05 04:11:09
6654,0,117453326,https://stackoverflow.com/questions/66367155/recursively-find-all-connected-nodes-and-relationships-between-them-starting-wit#comment117453326_66367155,66367155,,,
6655,0,117218688,https://stackoverflow.com/questions/66279018/color-nodes-based-on-type-attribute#comment117218688_66279018,66279018,6692895.0,1613919028.0,2021-02-21 14:50:28
6656,0,117262512,https://stackoverflow.com/questions/66279018/color-nodes-based-on-type-attribute#comment117262512_66279018,66279018,671013.0,1614062753.0,2021-02-23 06:45:53
6657,0,117746443,https://stackoverflow.com/questions/66279018/color-nodes-based-on-type-attribute#comment117746443_66279018,66279018,8473090.0,1615585148.0,2021-03-12 21:39:08
6658,0,117152890,https://stackoverflow.com/questions/66251331/reactiveneo4jrepository-together-with-reactivemongorepository-in-spring-2-4-thro#comment117152890_66251331,66251331,,,
6659,0,117175496,https://stackoverflow.com/questions/66248905/trying-to-seed-neo4j-cluster-from-backup#comment117175496_66248905,66248905,11148139.0,1613739154.0,2021-02-19 12:52:34
6660,0,117175980,https://stackoverflow.com/questions/66248905/trying-to-seed-neo4j-cluster-from-backup#comment117175980_66248905,66248905,11148139.0,1613740344.0,2021-02-19 13:12:24
6661,0,117199504,https://stackoverflow.com/questions/66248905/trying-to-seed-neo4j-cluster-from-backup#comment117199504_66248905,66248905,15230256.0,1613828497.0,2021-02-20 13:41:37
6662,0,117147491,https://stackoverflow.com/questions/66248467/reactiveneo4jclient-query-returning-always-an-empty-result#comment117147491_66248467,66248467,,,
6663,0,118207314,https://stackoverflow.com/questions/66241306/how-to-transfer-message-from-rabbitmq-to-neo4j-with-json-file#comment118207314_66241306,66241306,,,
6664,0,117021944,https://stackoverflow.com/questions/66189861/how-to-provide-an-auto-committing-transaction-for-using-periodic-commit-on-neo#comment117021944_66189861,66189861,10287036.0,1613260428.0,2021-02-13 23:53:48
6665,2,117048769,https://stackoverflow.com/questions/66189861/how-to-provide-an-auto-committing-transaction-for-using-periodic-commit-on-neo#comment117048769_66189861,66189861,277128.0,1613383406.0,2021-02-15 10:03:26
6666,0,116992680,https://stackoverflow.com/questions/66167064/writing-complex-query-in-neomodel#comment116992680_66167064,66167064,8129995.0,1613142600.0,2021-02-12 15:10:00
6667,0,117043655,https://stackoverflow.com/questions/66167064/writing-complex-query-in-neomodel#comment117043655_66167064,66167064,8318627.0,1613367496.0,2021-02-15 05:38:16
6668,1,118716124,https://stackoverflow.com/questions/66167064/writing-complex-query-in-neomodel#comment118716124_66167064,66167064,8271728.0,1618837954.0,2021-04-19 13:12:34
6669,0,116956430,https://stackoverflow.com/questions/66151999/cant-query-neo4j-database-using-neo4j-php-unsupported-media-type#comment116956430_66151999,66151999,277128.0,1613042640.0,2021-02-11 11:24:00
6670,0,116979643,https://stackoverflow.com/questions/66136725/combine-merge-in-foreach-with-transaction-in-cypher-script#comment116979643_66136725,66136725,232671.0,1613107248.0,2021-02-12 05:20:48
6671,0,116993044,https://stackoverflow.com/questions/66136725/combine-merge-in-foreach-with-transaction-in-cypher-script#comment116993044_66136725,66136725,2092322.0,1613143366.0,2021-02-12 15:22:46
6672,0,116998784,https://stackoverflow.com/questions/66136725/combine-merge-in-foreach-with-transaction-in-cypher-script#comment116998784_66136725,66136725,232671.0,1613156025.0,2021-02-12 18:53:45
6673,0,117060109,https://stackoverflow.com/questions/66136725/combine-merge-in-foreach-with-transaction-in-cypher-script#comment117060109_66136725,66136725,2092322.0,1613407835.0,2021-02-15 16:50:35
6674,0,117106408,https://stackoverflow.com/questions/66136725/combine-merge-in-foreach-with-transaction-in-cypher-script#comment117106408_66136725,66136725,2092322.0,1613551992.0,2021-02-17 08:53:12
6675,0,116808215,https://stackoverflow.com/questions/66057205/in-memory-caching-of-neo4j-result-for-pagination#comment116808215_66057205,66057205,2266.0,1612542827.0,2021-02-05 16:33:47
6676,0,116900885,https://stackoverflow.com/questions/66057205/in-memory-caching-of-neo4j-result-for-pagination#comment116900885_66057205,66057205,188882.0,1612882163.0,2021-02-09 14:49:23
6677,0,116932508,https://stackoverflow.com/questions/66057205/in-memory-caching-of-neo4j-result-for-pagination#comment116932508_66057205,66057205,2266.0,1612970051.0,2021-02-10 15:14:11
6678,0,116720734,https://stackoverflow.com/questions/66009530/neo4j-personalise-pagerank-performace#comment116720734_66009530,66009530,,,
6679,0,116632754,https://stackoverflow.com/questions/65961061/neo-4j-etl-tool-wont-connect-to-local-postgres-server-org-postgresql-util-psql#comment116632754_65961061,65961061,466862.0,1611996635.0,2021-01-30 08:50:35
6680,0,116632810,https://stackoverflow.com/questions/65961061/neo-4j-etl-tool-wont-connect-to-local-postgres-server-org-postgresql-util-psql#comment116632810_65961061,65961061,466862.0,1611996905.0,2021-01-30 08:55:05
6681,0,116639889,https://stackoverflow.com/questions/65961061/neo-4j-etl-tool-wont-connect-to-local-postgres-server-org-postgresql-util-psql#comment116639889_65961061,65961061,14544302.0,1612024172.0,2021-01-30 16:29:32
6682,0,116640405,https://stackoverflow.com/questions/65961061/neo-4j-etl-tool-wont-connect-to-local-postgres-server-org-postgresql-util-psql#comment116640405_65961061,65961061,14544302.0,1612025895.0,2021-01-30 16:58:15
6683,0,116640482,https://stackoverflow.com/questions/65961061/neo-4j-etl-tool-wont-connect-to-local-postgres-server-org-postgresql-util-psql#comment116640482_65961061,65961061,466862.0,1612026167.0,2021-01-30 17:02:47
6684,0,116641284,https://stackoverflow.com/questions/65961061/neo-4j-etl-tool-wont-connect-to-local-postgres-server-org-postgresql-util-psql#comment116641284_65961061,65961061,14544302.0,1612028904.0,2021-01-30 17:48:24
6685,0,116636535,https://stackoverflow.com/questions/65959752/can-you-merge-multiple-dump-files-in-neo4j#comment116636535_65959752,65959752,,,
6686,0,116612142,https://stackoverflow.com/questions/65954426/how-to-use-neo4j-for-android#comment116612142_65954426,65954426,1073748.0,1611923318.0,2021-01-29 12:28:38
6687,0,116612691,https://stackoverflow.com/questions/65954426/how-to-use-neo4j-for-android#comment116612691_65954426,65954426,14364828.0,1611924683.0,2021-01-29 12:51:23
6688,1,116613204,https://stackoverflow.com/questions/65954426/how-to-use-neo4j-for-android#comment116613204_65954426,65954426,277128.0,1611925670.0,2021-01-29 13:07:50
6689,0,116582627,https://stackoverflow.com/questions/65936669/neo4j-3d-graph-node-placement-issue#comment116582627_65936669,65936669,1973005.0,1611839194.0,2021-01-28 13:06:34
6690,0,116626575,https://stackoverflow.com/questions/65935376/configuring-force-parameters-in-d3-so-that-all-layers-run-in-ellipsis-circles#comment116626575_65935376,65935376,7106086.0,1611958327.0,2021-01-29 22:12:07
6691,0,116652688,https://stackoverflow.com/questions/65935376/configuring-force-parameters-in-d3-so-that-all-layers-run-in-ellipsis-circles#comment116652688_65935376,65935376,765395.0,1612089582.0,2021-01-31 10:39:42
6692,0,116653255,https://stackoverflow.com/questions/65935376/configuring-force-parameters-in-d3-so-that-all-layers-run-in-ellipsis-circles#comment116653255_65935376,65935376,5470766.0,1612092130.0,2021-01-31 11:22:10
6693,0,116653258,https://stackoverflow.com/questions/65935376/configuring-force-parameters-in-d3-so-that-all-layers-run-in-ellipsis-circles#comment116653258_65935376,65935376,5470766.0,1612092140.0,2021-01-31 11:22:20
6694,0,116583591,https://stackoverflow.com/questions/65933069/does-heroku-has-a-way-to-support-activegraphneo4j#comment116583591_65933069,65933069,,,
6695,0,116545313,https://stackoverflow.com/questions/65913592/connection-to-the-database-terminated-in-neo4j#comment116545313_65913592,65913592,277128.0,1611740576.0,2021-01-27 09:42:56
6696,0,116548210,https://stackoverflow.com/questions/65913592/connection-to-the-database-terminated-in-neo4j#comment116548210_65913592,65913592,6692895.0,1611746475.0,2021-01-27 11:21:15
6697,0,116553861,https://stackoverflow.com/questions/65913592/connection-to-the-database-terminated-in-neo4j#comment116553861_65913592,65913592,1006944.0,1611758398.0,2021-01-27 14:39:58
6698,0,117599094,https://stackoverflow.com/questions/65908235/running-spark-2-4-4-with-neo4j-connector-getting-transientexception-for-db-versi#comment117599094_65908235,65908235,,,
6699,0,116524558,https://stackoverflow.com/questions/65903344/spring-boot-neo4j-performance#comment116524558_65903344,65903344,,,
6700,0,116369914,https://stackoverflow.com/questions/65816224/wait-in-node-js-app-until-neo4j-is-ready-could-not-perform-discovery-no-routin#comment116369914_65816224,65816224,7823152.0,1611175025.0,2021-01-20 20:37:05
6701,0,116430986,https://stackoverflow.com/questions/65809295/neo4j-match-query-returns-incorrect-output#comment116430986_65809295,65809295,12642133.0,1611344362.0,2021-01-22 19:39:22
6702,0,116480603,https://stackoverflow.com/questions/65809295/neo4j-match-query-returns-incorrect-output#comment116480603_65809295,65809295,6546800.0,1611559895.0,2021-01-25 07:31:35
6703,0,116522900,https://stackoverflow.com/questions/65809295/neo4j-match-query-returns-incorrect-output#comment116522900_65809295,65809295,12642133.0,1611673345.0,2021-01-26 15:02:25
6704,0,116370012,https://stackoverflow.com/questions/65792507/how-can-i-return-both-a-node-and-its-relationship-in-a-way-neo4j-graphql-js-acce#comment116370012_65792507,65792507,,,
6705,0,116313324,https://stackoverflow.com/questions/65785056/can-i-return-the-relationship-as-a-field-within-a-node#comment116313324_65785056,65785056,6692895.0,1611034307.0,2021-01-19 05:31:47
6706,0,116313730,https://stackoverflow.com/questions/65785056/can-i-return-the-relationship-as-a-field-within-a-node#comment116313730_65785056,65785056,1604072.0,1611036041.0,2021-01-19 06:00:41
6707,0,116313947,https://stackoverflow.com/questions/65785056/can-i-return-the-relationship-as-a-field-within-a-node#comment116313947_65785056,65785056,6692895.0,1611037065.0,2021-01-19 06:17:45
6708,0,116323059,https://stackoverflow.com/questions/65785056/can-i-return-the-relationship-as-a-field-within-a-node#comment116323059_65785056,65785056,1604072.0,1611059825.0,2021-01-19 12:37:05
6709,0,116324359,https://stackoverflow.com/questions/65785056/can-i-return-the-relationship-as-a-field-within-a-node#comment116324359_65785056,65785056,1604072.0,1611062549.0,2021-01-19 13:22:29
6710,0,116327938,https://stackoverflow.com/questions/65785056/can-i-return-the-relationship-as-a-field-within-a-node#comment116327938_65785056,65785056,6692895.0,1611068881.0,2021-01-19 15:08:01
6711,0,116328380,https://stackoverflow.com/questions/65785056/can-i-return-the-relationship-as-a-field-within-a-node#comment116328380_65785056,65785056,1604072.0,1611069788.0,2021-01-19 15:23:08
6712,0,116328474,https://stackoverflow.com/questions/65785056/can-i-return-the-relationship-as-a-field-within-a-node#comment116328474_65785056,65785056,1604072.0,1611069936.0,2021-01-19 15:25:36
6713,0,116264249,https://stackoverflow.com/questions/65757581/how-can-i-reuse-this-in-reference-to-a-current-node-in-neo4j-graphql#comment116264249_65757581,65757581,6692895.0,1610868115.0,2021-01-17 07:21:55
6714,0,116267359,https://stackoverflow.com/questions/65757581/how-can-i-reuse-this-in-reference-to-a-current-node-in-neo4j-graphql#comment116267359_65757581,65757581,10687857.0,1610882858.0,2021-01-17 11:27:38
6715,0,116273875,https://stackoverflow.com/questions/65757581/how-can-i-reuse-this-in-reference-to-a-current-node-in-neo4j-graphql#comment116273875_65757581,65757581,1604072.0,1610904076.0,2021-01-17 17:21:16
6716,0,116288158,https://stackoverflow.com/questions/65751429/can-not-use-apoc-uuid-install-error-caused-by-java-lang-nullpointerexception#comment116288158_65751429,65751429,10663537.0,1610961590.0,2021-01-18 09:19:50
6717,0,116289715,https://stackoverflow.com/questions/65751429/can-not-use-apoc-uuid-install-error-caused-by-java-lang-nullpointerexception#comment116289715_65751429,65751429,4709400.0,1610965125.0,2021-01-18 10:18:45
6718,0,116290779,https://stackoverflow.com/questions/65751429/can-not-use-apoc-uuid-install-error-caused-by-java-lang-nullpointerexception#comment116290779_65751429,65751429,13893022.0,1610967370.0,2021-01-18 10:56:10
6719,1,116250055,https://stackoverflow.com/questions/65749882/mismatching-store-id#comment116250055_65749882,65749882,,,
6720,1,116289831,https://stackoverflow.com/questions/65744292/how-to-query-a-graph-database-using-neo4j#comment116289831_65744292,65744292,,,
6721,0,116290322,https://stackoverflow.com/questions/65725740/how-do-i-get-the-number-of-fields-returned-in-neo4j-cypher#comment116290322_65725740,65725740,,,
6722,0,116289910,https://stackoverflow.com/questions/65724553/neo4j-could-not-change-password#comment116289910_65724553,65724553,,,
6723,0,116289829,https://stackoverflow.com/questions/65719550/ionic-to-signed-apk-with-neo4j-driver#comment116289829_65719550,65719550,277128.0,1610965390.0,2021-01-18 10:23:10
6724,0,116381509,https://stackoverflow.com/questions/65719550/ionic-to-signed-apk-with-neo4j-driver#comment116381509_65719550,65719550,15005461.0,1611219464.0,2021-01-21 08:57:44
6725,0,116289669,https://stackoverflow.com/questions/65715693/relink-all-the-edges-of-a-vertex-neo4j-neptune#comment116289669_65715693,65715693,277128.0,1610965015.0,2021-01-18 10:16:55
6726,0,117392905,https://stackoverflow.com/questions/65715693/relink-all-the-edges-of-a-vertex-neo4j-neptune#comment117392905_65715693,65715693,5442034.0,1614454973.0,2021-02-27 19:42:53
6727,0,116174110,https://stackoverflow.com/questions/65699591/how-to-match-relationships-pattern-using-boolean-constraints-in-neo4j#comment116174110_65699591,65699591,277128.0,1610557959.0,2021-01-13 17:12:39
6728,0,116178007,https://stackoverflow.com/questions/65699591/how-to-match-relationships-pattern-using-boolean-constraints-in-neo4j#comment116178007_65699591,65699591,6303265.0,1610566829.0,2021-01-13 19:40:29
6729,0,116226138,https://stackoverflow.com/questions/65699591/how-to-match-relationships-pattern-using-boolean-constraints-in-neo4j#comment116226138_65699591,65699591,277128.0,1610715157.0,2021-01-15 12:52:37
6730,0,116139984,https://stackoverflow.com/questions/65686699/neomodel-specify-neo4j-database-name-in-connection-string#comment116139984_65686699,65686699,6077914.0,1610468353.0,2021-01-12 16:19:13
6731,0,116140980,https://stackoverflow.com/questions/65686699/neomodel-specify-neo4j-database-name-in-connection-string#comment116140980_65686699,65686699,2929519.0,1610470336.0,2021-01-12 16:52:16
6732,0,121779597,https://stackoverflow.com/questions/65686699/neomodel-specify-neo4j-database-name-in-connection-string#comment121779597_65686699,65686699,8271728.0,1629806922.0,2021-08-24 12:08:42
6733,0,116135977,https://stackoverflow.com/questions/65683749/neo4j-etl-takes-time-to-migrate-from-rdbms-to-graph#comment116135977_65683749,65683749,1453413.0,1610460847.0,2021-01-12 14:14:07
6734,0,116141620,https://stackoverflow.com/questions/65683749/neo4j-etl-takes-time-to-migrate-from-rdbms-to-graph#comment116141620_65683749,65683749,14945409.0,1610471628.0,2021-01-12 17:13:48
6735,0,116123004,https://stackoverflow.com/questions/65678587/could-not-open-neo4j-session-for-transaction-nested-exception-is-org-neo4j-ogm#comment116123004_65678587,65678587,,,
6736,1,116105845,https://stackoverflow.com/questions/65668303/store-user-name-and-password-with-neo4j-connection-string#comment116105845_65668303,65668303,277128.0,1610376121.0,2021-01-11 14:42:01
6737,0,116106125,https://stackoverflow.com/questions/65668303/store-user-name-and-password-with-neo4j-connection-string#comment116106125_65668303,65668303,2662355.0,1610376721.0,2021-01-11 14:52:01
6738,0,116195640,https://stackoverflow.com/questions/65668303/store-user-name-and-password-with-neo4j-connection-string#comment116195640_65668303,65668303,1524524.0,1610627839.0,2021-01-14 12:37:19
6751,0,117598878,https://stackoverflow.com/questions/66506919/i-want-to-range-the-nodes-by-degree-why-is-this-neo4j-cypher-request-so-slow#comment117598878_66506919,66506919,92359.0,1615160771.0,2021-03-07 23:46:11
6752,0,117550106,https://stackoverflow.com/questions/66490753/how-to-return-a-node-thats-the-same-name-as-another-node-but-of-a-specific-labe#comment117550106_66490753,66490753,7371893.0,1614953660.0,2021-03-05 14:14:20
6753,0,117550591,https://stackoverflow.com/questions/66490526/path-that-return-a-unique-node-and-no-relationship#comment117550591_66490526,66490526,7371893.0,1614954621.0,2021-03-05 14:30:21
6754,0,117539194,https://stackoverflow.com/questions/66483453/migrate-from-one-graph-database-to-another#comment117539194_66483453,66483453,4744359.0,1614925567.0,2021-03-05 06:26:07
6755,1,117506712,https://stackoverflow.com/questions/66467261/product-recommendation-cypher#comment117506712_66467261,66467261,74057.0,1614831930.0,2021-03-04 04:25:30
6756,0,117497204,https://stackoverflow.com/questions/66457559/can-cypher-do-phonetic-text-search-with-only-a-part-of-the-text-without-using-e#comment117497204_66457559,66457559,7371893.0,1614797097.0,2021-03-03 18:44:57
6757,0,117498774,https://stackoverflow.com/questions/66450859/creating-several-millions-of-relationships-in-neo4j-takes-a-very-long-time#comment117498774_66450859,66450859,92359.0,1614801121.0,2021-03-03 19:52:01
6758,0,117500209,https://stackoverflow.com/questions/66450859/creating-several-millions-of-relationships-in-neo4j-takes-a-very-long-time#comment117500209_66450859,66450859,80002.0,1614804743.0,2021-03-03 20:52:23
6759,0,117502604,https://stackoverflow.com/questions/66450859/creating-several-millions-of-relationships-in-neo4j-takes-a-very-long-time#comment117502604_66450859,66450859,80002.0,1614811730.0,2021-03-03 22:48:50
6760,0,117459858,https://stackoverflow.com/questions/66440526/how-to-call-neo4j-database-api-in-r-studio#comment117459858_66440526,66440526,277128.0,1614696061.0,2021-03-02 14:41:01
6761,0,117502198,https://stackoverflow.com/questions/66440526/how-to-call-neo4j-database-api-in-r-studio#comment117502198_66440526,66440526,5983006.0,1614810305.0,2021-03-03 22:25:05
6762,0,117516873,https://stackoverflow.com/questions/66440526/how-to-call-neo4j-database-api-in-r-studio#comment117516873_66440526,66440526,277128.0,1614859424.0,2021-03-04 12:03:44
6763,0,117556779,https://stackoverflow.com/questions/66440526/how-to-call-neo4j-database-api-in-r-studio#comment117556779_66440526,66440526,5983006.0,1614968861.0,2021-03-05 18:27:41
6764,0,117446850,https://stackoverflow.com/questions/66428411/how-to-import-data-into-neo4j-from-azure-blob-storage#comment117446850_66428411,66428411,10189459.0,1614664053.0,2021-03-02 05:47:33
6765,0,117463461,https://stackoverflow.com/questions/66428411/how-to-import-data-into-neo4j-from-azure-blob-storage#comment117463461_66428411,66428411,,1614703166.0,2021-03-02 16:39:26
6766,1,117489148,https://stackoverflow.com/questions/66428411/how-to-import-data-into-neo4j-from-azure-blob-storage#comment117489148_66428411,66428411,4740706.0,1614780235.0,2021-03-03 14:03:55
6767,0,117509996,https://stackoverflow.com/questions/66428411/how-to-import-data-into-neo4j-from-azure-blob-storage#comment117509996_66428411,66428411,10189459.0,1614844370.0,2021-03-04 07:52:50
6768,0,117536295,https://stackoverflow.com/questions/66428411/how-to-import-data-into-neo4j-from-azure-blob-storage#comment117536295_66428411,66428411,4740706.0,1614911051.0,2021-03-05 02:24:11
6770,0,117461106,https://stackoverflow.com/questions/66401154/how-do-i-return-a-neo4j-path-with-neo4jclient-in-net#comment117461106_66401154,66401154,2266.0,1614698502.0,2021-03-02 15:21:42
6771,0,117376939,https://stackoverflow.com/questions/66391942/neo4j-load-csv-record-processed-sequence#comment117376939_66391942,66391942,6692895.0,1614378359.0,2021-02-26 22:25:59
6772,0,117436017,https://stackoverflow.com/questions/66391942/neo4j-load-csv-record-processed-sequence#comment117436017_66391942,66391942,9909881.0,1614623768.0,2021-03-01 18:36:08
6773,0,117367943,https://stackoverflow.com/questions/66387655/neo4j-docker-http-post-returns-error-eof#comment117367943_66387655,66387655,8271728.0,1614353479.0,2021-02-26 15:31:19
6774,0,117369349,https://stackoverflow.com/questions/66387655/neo4j-docker-http-post-returns-error-eof#comment117369349_66387655,66387655,10668506.0,1614356541.0,2021-02-26 16:22:21
6775,0,117370298,https://stackoverflow.com/questions/66387655/neo4j-docker-http-post-returns-error-eof#comment117370298_66387655,66387655,8271728.0,1614358598.0,2021-02-26 16:56:38
6776,0,117374013,https://stackoverflow.com/questions/66387655/neo4j-docker-http-post-returns-error-eof#comment117374013_66387655,66387655,10668506.0,1614368246.0,2021-02-26 19:37:26
6777,0,117374083,https://stackoverflow.com/questions/66387655/neo4j-docker-http-post-returns-error-eof#comment117374083_66387655,66387655,8271728.0,1614368468.0,2021-02-26 19:41:08
6778,1,117385816,https://stackoverflow.com/questions/66387655/neo4j-docker-http-post-returns-error-eof#comment117385816_66387655,66387655,10668506.0,1614428945.0,2021-02-27 12:29:05
6779,1,117371536,https://stackoverflow.com/questions/66387073/shortest-path-between-a-source-and-multiple-destinations#comment117371536_66387073,66387073,7371893.0,1614361515.0,2021-02-26 17:45:15
6780,0,117386291,https://stackoverflow.com/questions/66384416/cast-massive-properties-neo4j#comment117386291_66384416,66384416,5475219.0,1614430759.0,2021-02-27 12:59:19
6781,0,117407145,https://stackoverflow.com/questions/66384416/cast-massive-properties-neo4j#comment117407145_66384416,66384416,11013728.0,1614529111.0,2021-02-28 16:18:31
6782,0,117366084,https://stackoverflow.com/questions/66374703/neo4j-graph-algorithm-node-similarity#comment117366084_66374703,66374703,7371893.0,1614349488.0,2021-02-26 14:24:48
6783,0,117368600,https://stackoverflow.com/questions/66374703/neo4j-graph-algorithm-node-similarity#comment117368600_66374703,66374703,2529955.0,1614354952.0,2021-02-26 15:55:52
6784,0,117368693,https://stackoverflow.com/questions/66374703/neo4j-graph-algorithm-node-similarity#comment117368693_66374703,66374703,2529955.0,1614355144.0,2021-02-26 15:59:04
6785,0,117344020,https://stackoverflow.com/questions/66374102/cant-create-unique-constraint-in-neo4j#comment117344020_66374102,66374102,92359.0,1614278107.0,2021-02-25 18:35:07
6786,0,117371417,https://stackoverflow.com/questions/66374102/cant-create-unique-constraint-in-neo4j#comment117371417_66374102,66374102,737297.0,1614361190.0,2021-02-26 17:39:50
6787,0,117377813,https://stackoverflow.com/questions/66374102/cant-create-unique-constraint-in-neo4j#comment117377813_66374102,66374102,92359.0,1614382280.0,2021-02-26 23:31:20
6788,1,117335081,https://stackoverflow.com/questions/66368424/get-the-last-created-thing-among-siblings-in-neo4j#comment117335081_66368424,66368424,7371893.0,1614259450.0,2021-02-25 13:24:10
6789,0,117407262,https://stackoverflow.com/questions/66368424/get-the-last-created-thing-among-siblings-in-neo4j#comment117407262_66368424,66368424,320263.0,1614529464.0,2021-02-28 16:24:24
6790,0,117435522,https://stackoverflow.com/questions/66368424/get-the-last-created-thing-among-siblings-in-neo4j#comment117435522_66368424,66368424,7371893.0,1614622564.0,2021-03-01 18:16:04
6791,0,117437360,https://stackoverflow.com/questions/66368424/get-the-last-created-thing-among-siblings-in-neo4j#comment117437360_66368424,66368424,320263.0,1614627104.0,2021-03-01 19:31:44
6792,0,117469081,https://stackoverflow.com/questions/66368424/get-the-last-created-thing-among-siblings-in-neo4j#comment117469081_66368424,66368424,320263.0,1614716343.0,2021-03-02 20:19:03
6793,0,117671975,https://stackoverflow.com/questions/66368424/get-the-last-created-thing-among-siblings-in-neo4j#comment117671975_66368424,66368424,320263.0,1615380985.0,2021-03-10 12:56:25
6794,0,117335693,https://stackoverflow.com/questions/66362839/neo4j-cypher-how-to-limit-50-of-match-results#comment117335693_66362839,66362839,,,
6795,0,117322774,https://stackoverflow.com/questions/66362000/trying-to-get-relationships-with-unique-endpoints-from-neo4j-cypher-query#comment117322774_66362000,66362000,74057.0,1614225947.0,2021-02-25 04:05:47
6796,0,117336777,https://stackoverflow.com/questions/66362000/trying-to-get-relationships-with-unique-endpoints-from-neo4j-cypher-query#comment117336777_66362000,66362000,7371893.0,1614262850.0,2021-02-25 14:20:50
6797,0,117266840,https://stackoverflow.com/questions/66329073/neo4j-params-on-javascript#comment117266840_66329073,66329073,277128.0,1614073912.0,2021-02-23 09:51:52
6798,0,117313423,https://stackoverflow.com/questions/66329073/neo4j-params-on-javascript#comment117313423_66329073,66329073,15265346.0,1614192425.0,2021-02-24 18:47:05
6799,0,117256393,https://stackoverflow.com/questions/66323136/neo4j-building-initial-graph-is-slow#comment117256393_66323136,66323136,7371893.0,1614034039.0,2021-02-22 22:47:19
6800,0,117256507,https://stackoverflow.com/questions/66323136/neo4j-building-initial-graph-is-slow#comment117256507_66323136,66323136,7371893.0,1614034467.0,2021-02-22 22:54:27
6801,0,117256581,https://stackoverflow.com/questions/66323136/neo4j-building-initial-graph-is-slow#comment117256581_66323136,66323136,5072383.0,1614034736.0,2021-02-22 22:58:56
6802,0,117256651,https://stackoverflow.com/questions/66323136/neo4j-building-initial-graph-is-slow#comment117256651_66323136,66323136,7371893.0,1614035020.0,2021-02-22 23:03:40
6803,0,117256668,https://stackoverflow.com/questions/66323136/neo4j-building-initial-graph-is-slow#comment117256668_66323136,66323136,5072383.0,1614035080.0,2021-02-22 23:04:40
6804,0,117256804,https://stackoverflow.com/questions/66323136/neo4j-building-initial-graph-is-slow#comment117256804_66323136,66323136,7371893.0,1614035593.0,2021-02-22 23:13:13
6805,0,117249232,https://stackoverflow.com/questions/66316767/get-nodes-sorted-by-proximity-and-at-the-same-level-sort-by-date#comment117249232_66316767,66316767,7371893.0,1614015089.0,2021-02-22 17:31:29
6806,0,117268416,https://stackoverflow.com/questions/66316767/get-nodes-sorted-by-proximity-and-at-the-same-level-sort-by-date#comment117268416_66316767,66316767,4457591.0,1614077374.0,2021-02-23 10:49:34
6807,1,117257264,https://stackoverflow.com/questions/66311975/full-outer-join-in-neo4j#comment117257264_66311975,66311975,92359.0,1614037411.0,2021-02-22 23:43:31
6808,0,117220774,https://stackoverflow.com/questions/66303433/how-to-use-foreach-in-net-client#comment117220774_66303433,66303433,13448436.0,1613926065.0,2021-02-21 16:47:45
6809,0,117220848,https://stackoverflow.com/questions/66303433/how-to-use-foreach-in-net-client#comment117220848_66303433,66303433,6569899.0,1613926379.0,2021-02-21 16:52:59
6810,0,117204991,https://stackoverflow.com/questions/66294460/neo4j-creating-graph-projection-from-flat-data#comment117204991_66294460,66294460,7371893.0,1613847586.0,2021-02-20 18:59:46
6811,0,117224728,https://stackoverflow.com/questions/66294460/neo4j-creating-graph-projection-from-flat-data#comment117224728_66294460,66294460,14716251.0,1613939911.0,2021-02-21 20:38:31
6812,1,117152952,https://stackoverflow.com/questions/66257881/designing-and-implementing-saas-application-with-muti-tenancy-graphdb-neo4j-a#comment117152952_66257881,66257881,277128.0,1613668529.0,2021-02-18 17:15:29
6813,0,117069325,https://stackoverflow.com/questions/66214664/neo4j-cypher-query-multiple-relationship-from-same-node#comment117069325_66214664,66214664,13448436.0,1613435115.0,2021-02-16 00:25:15
6814,0,117048924,https://stackoverflow.com/questions/66198488/spring-neo4j-jpa-native-dynamic-order-by-query#comment117048924_66198488,66198488,277128.0,1613383749.0,2021-02-15 10:09:09
6815,0,117064670,https://stackoverflow.com/questions/66198488/spring-neo4j-jpa-native-dynamic-order-by-query#comment117064670_66198488,66198488,15209263.0,1613419372.0,2021-02-15 20:02:52
6816,0,117012413,https://stackoverflow.com/questions/66176305/neo4j-encountering-fetchurlerror-whenever-using-any-query-with-get-or-post#comment117012413_66176305,66176305,4744359.0,1613223232.0,2021-02-13 13:33:52
6817,0,117047305,https://stackoverflow.com/questions/66176305/neo4j-encountering-fetchurlerror-whenever-using-any-query-with-get-or-post#comment117047305_66176305,66176305,4527069.0,1613379719.0,2021-02-15 09:01:59
6818,0,116941774,https://stackoverflow.com/questions/66143512/how-to-store-the-returned-record-of-the-results-of-a-neo4j-query-in-python#comment116941774_66143512,66143512,15130749.0,1612990307.0,2021-02-10 20:51:47
6819,0,116956249,https://stackoverflow.com/questions/66143512/how-to-store-the-returned-record-of-the-results-of-a-neo4j-query-in-python#comment116956249_66143512,66143512,277128.0,1613042244.0,2021-02-11 11:17:24
6820,0,116956757,https://stackoverflow.com/questions/66143512/how-to-store-the-returned-record-of-the-results-of-a-neo4j-query-in-python#comment116956757_66143512,66143512,15130749.0,1613043480.0,2021-02-11 11:38:00
6821,0,116957861,https://stackoverflow.com/questions/66143512/how-to-store-the-returned-record-of-the-results-of-a-neo4j-query-in-python#comment116957861_66143512,66143512,277128.0,1613046014.0,2021-02-11 12:20:14
6822,0,116958246,https://stackoverflow.com/questions/66143512/how-to-store-the-returned-record-of-the-results-of-a-neo4j-query-in-python#comment116958246_66143512,66143512,15130749.0,1613046875.0,2021-02-11 12:34:35
6823,0,116986056,https://stackoverflow.com/questions/66143512/how-to-store-the-returned-record-of-the-results-of-a-neo4j-query-in-python#comment116986056_66143512,66143512,277128.0,1613126941.0,2021-02-12 10:49:01
6824,0,116916496,https://stackoverflow.com/questions/66123828/query-to-check-all-source-status-in-node-is-complete#comment116916496_66123828,66123828,232671.0,1612924537.0,2021-02-10 02:35:37
6825,0,116926196,https://stackoverflow.com/questions/66123828/query-to-check-all-source-status-in-node-is-complete#comment116926196_66123828,66123828,11404905.0,1612956209.0,2021-02-10 11:23:29
6826,0,116871709,https://stackoverflow.com/questions/66103976/graphlytic-desktop-error-neo4j-graph-is-not-running-please-start-neo4j-graph-and#comment116871709_66103976,66103976,5871154.0,1612797138.0,2021-02-08 15:12:18
6828,0,116824739,https://stackoverflow.com/questions/66076600/neo4j-query-conversion-to-use-in-function#comment116824739_66076600,66076600,272109.0,1612614513.0,2021-02-06 12:28:33
6829,0,116906277,https://stackoverflow.com/questions/66069308/how-to-pass-input-value-into-cypher-query#comment116906277_66069308,66069308,4317297.0,1612893707.0,2021-02-09 18:01:47
6831,0,116760148,https://stackoverflow.com/questions/66037171/what-determines-how-node-names-are-displayed-in-neo4j#comment116760148_66037171,66037171,232671.0,1612410147.0,2021-02-04 03:42:27
6832,0,116738716,https://stackoverflow.com/questions/66024135/is-there-a-way-to-migrate-a-neo4j-database-with-its-relationships-included#comment116738716_66024135,66024135,6692895.0,1612353106.0,2021-02-03 11:51:46
6833,0,116715337,https://stackoverflow.com/questions/66011409/neo4j-how-to-merge-nodes-with-the-same-attribute-value-name-but-different-no#comment116715337_66011409,66011409,7371893.0,1612282308.0,2021-02-02 16:11:48
6834,0,116716183,https://stackoverflow.com/questions/66011409/neo4j-how-to-merge-nodes-with-the-same-attribute-value-name-but-different-no#comment116716183_66011409,66011409,15130749.0,1612283894.0,2021-02-02 16:38:14
6835,0,116717412,https://stackoverflow.com/questions/66011409/neo4j-how-to-merge-nodes-with-the-same-attribute-value-name-but-different-no#comment116717412_66011409,66011409,7371893.0,1612286713.0,2021-02-02 17:25:13
6836,0,116717813,https://stackoverflow.com/questions/66008846/how-to-get-the-intersection-after-union-queries#comment116717813_66008846,66008846,7371893.0,1612287622.0,2021-02-02 17:40:22
6837,0,116669754,https://stackoverflow.com/questions/65985304/simplifying-cypher-match-all-nodes-and-relationships-between-two-node-types#comment116669754_65985304,65985304,3196723.0,1612160243.0,2021-02-01 06:17:23
6838,0,116690863,https://stackoverflow.com/questions/65985304/simplifying-cypher-match-all-nodes-and-relationships-between-two-node-types#comment116690863_65985304,65985304,7371893.0,1612210467.0,2021-02-01 20:14:27
6840,0,116663565,https://stackoverflow.com/questions/65973902/which-elements-from-networkx-graph-might-become-labels-at-neo4j-graph#comment116663565_65973902,65973902,12388365.0,1612127638.0,2021-01-31 21:13:58
6841,0,116615549,https://stackoverflow.com/questions/65955854/neo4j-how-to-correctly-match-key-value-pairs-in-cypher-query#comment116615549_65955854,65955854,277128.0,1611930683.0,2021-01-29 14:31:23
6842,0,116615979,https://stackoverflow.com/questions/65955854/neo4j-how-to-correctly-match-key-value-pairs-in-cypher-query#comment116615979_65955854,65955854,13918724.0,1611931725.0,2021-01-29 14:48:45
6843,0,116635243,https://stackoverflow.com/questions/65955854/neo4j-how-to-correctly-match-key-value-pairs-in-cypher-query#comment116635243_65955854,65955854,13918724.0,1612007755.0,2021-01-30 11:55:55
6844,0,116662946,https://stackoverflow.com/questions/65941539/spring-data-neo4j-sdn-6#comment116662946_65941539,65941539,15100521.0,1612109604.0,2021-01-31 16:13:24
6846,0,116572230,https://stackoverflow.com/questions/65931528/nodejs-javascript-promise-resolve#comment116572230_65931528,65931528,1823687.0,1611813665.0,2021-01-28 06:01:05
6847,0,116583240,https://stackoverflow.com/questions/65931528/nodejs-javascript-promise-resolve#comment116583240_65931528,65931528,277128.0,1611840326.0,2021-01-28 13:25:26
6848,0,116584198,https://stackoverflow.com/questions/65931528/nodejs-javascript-promise-resolve#comment116584198_65931528,65931528,843796.0,1611842102.0,2021-01-28 13:55:02
6849,0,116590643,https://stackoverflow.com/questions/65931528/nodejs-javascript-promise-resolve#comment116590643_65931528,65931528,277128.0,1611854076.0,2021-01-28 17:14:36
6850,0,116591433,https://stackoverflow.com/questions/65931528/nodejs-javascript-promise-resolve#comment116591433_65931528,65931528,843796.0,1611855773.0,2021-01-28 17:42:53
6851,0,116531618,https://stackoverflow.com/questions/65906624/neo4j-create-node-if-no-relationship-exists#comment116531618_65906624,65906624,8485028.0,1611691766.0,2021-01-26 20:09:26
6852,0,116534391,https://stackoverflow.com/questions/65906624/neo4j-create-node-if-no-relationship-exists#comment116534391_65906624,65906624,4337224.0,1611698551.0,2021-01-26 22:02:31
6853,0,116534462,https://stackoverflow.com/questions/65906624/neo4j-create-node-if-no-relationship-exists#comment116534462_65906624,65906624,4337224.0,1611698750.0,2021-01-26 22:05:50
6854,0,116535369,https://stackoverflow.com/questions/65906624/neo4j-create-node-if-no-relationship-exists#comment116535369_65906624,65906624,4337224.0,1611701522.0,2021-01-26 22:52:02
6855,0,116537985,https://stackoverflow.com/questions/65906624/neo4j-create-node-if-no-relationship-exists#comment116537985_65906624,65906624,2942471.0,1611713463.0,2021-01-27 02:11:03
6856,0,116541607,https://stackoverflow.com/questions/65906624/neo4j-create-node-if-no-relationship-exists#comment116541607_65906624,65906624,8485028.0,1611731198.0,2021-01-27 07:06:38
6857,0,116548538,https://stackoverflow.com/questions/65906624/neo4j-create-node-if-no-relationship-exists#comment116548538_65906624,65906624,4337224.0,1611747168.0,2021-01-27 11:32:48
6858,0,116548703,https://stackoverflow.com/questions/65906624/neo4j-create-node-if-no-relationship-exists#comment116548703_65906624,65906624,4337224.0,1611747557.0,2021-01-27 11:39:17
6859,0,116514610,https://stackoverflow.com/questions/65895260/how-to-auto-update-node-attributes-in-ne04j-after-a-specific-time-period#comment116514610_65895260,65895260,277128.0,1611655409.0,2021-01-26 10:03:29
6860,0,116525284,https://stackoverflow.com/questions/65895260/how-to-auto-update-node-attributes-in-ne04j-after-a-specific-time-period#comment116525284_65895260,65895260,8485028.0,1611677738.0,2021-01-26 16:15:38
6861,1,116533088,https://stackoverflow.com/questions/65895260/how-to-auto-update-node-attributes-in-ne04j-after-a-specific-time-period#comment116533088_65895260,65895260,277128.0,1611695113.0,2021-01-26 21:05:13
6862,1,116537411,https://stackoverflow.com/questions/65895260/how-to-auto-update-node-attributes-in-ne04j-after-a-specific-time-period#comment116537411_65895260,65895260,15081108.0,1611710378.0,2021-01-27 01:19:38
6863,0,116498834,https://stackoverflow.com/questions/65890363/how-to-return-a-neo4j-schema-with-relationship-names-from-node-names-and-to-nod#comment116498834_65890363,65890363,12949097.0,1611599572.0,2021-01-25 18:32:52
6864,0,116514458,https://stackoverflow.com/questions/65890363/how-to-return-a-neo4j-schema-with-relationship-names-from-node-names-and-to-nod#comment116514458_65890363,65890363,277128.0,1611655099.0,2021-01-26 09:58:19
6865,0,116485702,https://stackoverflow.com/questions/65882897/remove-automorphisms-of-a-cypher-query-output#comment116485702_65882897,65882897,277128.0,1611571812.0,2021-01-25 10:50:12
6866,0,116485836,https://stackoverflow.com/questions/65882897/remove-automorphisms-of-a-cypher-query-output#comment116485836_65882897,65882897,9764838.0,1611572110.0,2021-01-25 10:55:10
6867,0,116491123,https://stackoverflow.com/questions/65882897/remove-automorphisms-of-a-cypher-query-output#comment116491123_65882897,65882897,277128.0,1611583413.0,2021-01-25 14:03:33
6868,0,116485672,https://stackoverflow.com/questions/65873569/neo4j-pagination-return-same-results-even-when-skip-and-order-by-are-specified#comment116485672_65873569,65873569,277128.0,1611571738.0,2021-01-25 10:48:58
6869,0,116485855,https://stackoverflow.com/questions/65873569/neo4j-pagination-return-same-results-even-when-skip-and-order-by-are-specified#comment116485855_65873569,65873569,9608006.0,1611572149.0,2021-01-25 10:55:49
6870,0,116491145,https://stackoverflow.com/questions/65873569/neo4j-pagination-return-same-results-even-when-skip-and-order-by-are-specified#comment116491145_65873569,65873569,277128.0,1611583470.0,2021-01-25 14:04:30
6871,0,116491641,https://stackoverflow.com/questions/65873569/neo4j-pagination-return-same-results-even-when-skip-and-order-by-are-specified#comment116491641_65873569,65873569,9608006.0,1611584455.0,2021-01-25 14:20:55
6872,0,116494773,https://stackoverflow.com/questions/65873569/neo4j-pagination-return-same-results-even-when-skip-and-order-by-are-specified#comment116494773_65873569,65873569,277128.0,1611590581.0,2021-01-25 16:03:01
6873,0,116495783,https://stackoverflow.com/questions/65873569/neo4j-pagination-return-same-results-even-when-skip-and-order-by-are-specified#comment116495783_65873569,65873569,9608006.0,1611592418.0,2021-01-25 16:33:38
6874,0,116496405,https://stackoverflow.com/questions/65873569/neo4j-pagination-return-same-results-even-when-skip-and-order-by-are-specified#comment116496405_65873569,65873569,277128.0,1611593799.0,2021-01-25 16:56:39
6875,0,116498551,https://stackoverflow.com/questions/65873569/neo4j-pagination-return-same-results-even-when-skip-and-order-by-are-specified#comment116498551_65873569,65873569,9608006.0,1611598800.0,2021-01-25 18:20:00
6876,0,116499027,https://stackoverflow.com/questions/65873569/neo4j-pagination-return-same-results-even-when-skip-and-order-by-are-specified#comment116499027_65873569,65873569,9608006.0,1611600052.0,2021-01-25 18:40:52
6877,0,116514536,https://stackoverflow.com/questions/65873569/neo4j-pagination-return-same-results-even-when-skip-and-order-by-are-specified#comment116514536_65873569,65873569,277128.0,1611655246.0,2021-01-26 10:00:46
6878,0,116526275,https://stackoverflow.com/questions/65873569/neo4j-pagination-return-same-results-even-when-skip-and-order-by-are-specified#comment116526275_65873569,65873569,9608006.0,1611679590.0,2021-01-26 16:46:30
6879,0,116533121,https://stackoverflow.com/questions/65873569/neo4j-pagination-return-same-results-even-when-skip-and-order-by-are-specified#comment116533121_65873569,65873569,277128.0,1611695199.0,2021-01-26 21:06:39
6880,1,116560867,https://stackoverflow.com/questions/65873569/neo4j-pagination-return-same-results-even-when-skip-and-order-by-are-specified#comment116560867_65873569,65873569,9608006.0,1611772721.0,2021-01-27 18:38:41
6881,0,116466556,https://stackoverflow.com/questions/65865919/how-to-insert-a-node-in-a-middle-of-a-linked-list-in-cypher#comment116466556_65865919,65865919,2662355.0,1611502235.0,2021-01-24 15:30:35
6882,0,116468338,https://stackoverflow.com/questions/65865919/how-to-insert-a-node-in-a-middle-of-a-linked-list-in-cypher#comment116468338_65865919,65865919,1798940.0,1611507571.0,2021-01-24 16:59:31
6883,0,116461137,https://stackoverflow.com/questions/65864232/how-can-i-create-in-cypher-an-index-that-involves-2-primary-keys#comment116461137_65864232,65864232,300257.0,1611484227.0,2021-01-24 10:30:27
6884,0,116470197,https://stackoverflow.com/questions/65864232/how-can-i-create-in-cypher-an-index-that-involves-2-primary-keys#comment116470197_65864232,65864232,14999175.0,1611513424.0,2021-01-24 18:37:04
6885,0,116485399,https://stackoverflow.com/questions/65864232/how-can-i-create-in-cypher-an-index-that-involves-2-primary-keys#comment116485399_65864232,65864232,277128.0,1611571054.0,2021-01-25 10:37:34
6887,0,116349825,https://stackoverflow.com/questions/65806301/neo4j-cypher-query-perfomance#comment116349825_65806301,65806301,4420967.0,1611134176.0,2021-01-20 09:16:16
6888,0,116349856,https://stackoverflow.com/questions/65806301/neo4j-cypher-query-perfomance#comment116349856_65806301,65806301,,,
6889,0,116382339,https://stackoverflow.com/questions/65806301/neo4j-cypher-query-perfomance#comment116382339_65806301,65806301,277128.0,1611221216.0,2021-01-21 09:26:56
6890,0,116384046,https://stackoverflow.com/questions/65806301/neo4j-cypher-query-perfomance#comment116384046_65806301,65806301,7909353.0,1611224890.0,2021-01-21 10:28:10
6891,0,116390743,https://stackoverflow.com/questions/65806301/neo4j-cypher-query-perfomance#comment116390743_65806301,65806301,277128.0,1611238445.0,2021-01-21 14:14:05
6892,0,116390801,https://stackoverflow.com/questions/65806301/neo4j-cypher-query-perfomance#comment116390801_65806301,65806301,277128.0,1611238524.0,2021-01-21 14:15:24
6893,0,116394852,https://stackoverflow.com/questions/65806301/neo4j-cypher-query-perfomance#comment116394852_65806301,65806301,7909353.0,1611246117.0,2021-01-21 16:21:57
6895,0,116302972,https://stackoverflow.com/questions/65779470/neo4j-v4-1-5-community-edition-create-index-doesnt-recognise-options#comment116302972_65779470,65779470,277128.0,1610993207.0,2021-01-18 18:06:47
6896,0,116304016,https://stackoverflow.com/questions/65779470/neo4j-v4-1-5-community-edition-create-index-doesnt-recognise-options#comment116304016_65779470,65779470,845407.0,1610996159.0,2021-01-18 18:55:59
6897,0,116302204,https://stackoverflow.com/questions/65768914/neo4j-cypher-apoc-case-returns-null-properties#comment116302204_65768914,65768914,7371893.0,1610991355.0,2021-01-18 17:35:55
6898,0,116290362,https://stackoverflow.com/questions/65740903/no-write-operations-are-allowed-directly-on-this-database-writes-must-pass-thro#comment116290362_65740903,65740903,277128.0,1610966512.0,2021-01-18 10:41:52
6899,0,116294197,https://stackoverflow.com/questions/65740903/no-write-operations-are-allowed-directly-on-this-database-writes-must-pass-thro#comment116294197_65740903,65740903,1006944.0,1610975010.0,2021-01-18 13:03:30
6900,0,116302730,https://stackoverflow.com/questions/65740903/no-write-operations-are-allowed-directly-on-this-database-writes-must-pass-thro#comment116302730_65740903,65740903,277128.0,1610992579.0,2021-01-18 17:56:19
6901,0,116135577,https://stackoverflow.com/questions/65682935/cypher-to-show-relationships-of-hidden-nodes#comment116135577_65682935,65682935,277128.0,1610460034.0,2021-01-12 14:00:34
6902,0,116160001,https://stackoverflow.com/questions/65682935/cypher-to-show-relationships-of-hidden-nodes#comment116160001_65682935,65682935,4420407.0,1610529741.0,2021-01-13 09:22:21
6903,0,121932659,https://stackoverflow.com/questions/68991944/convert-gremlin-query-to-cypher-query#comment121932659_68991944,68991944,1726127.0,1630374382.0,2021-08-31 01:46:22
6904,0,121932707,https://stackoverflow.com/questions/68991944/convert-gremlin-query-to-cypher-query#comment121932707_68991944,68991944,10278668.0,1630374713.0,2021-08-31 01:51:53
6905,0,121936948,https://stackoverflow.com/questions/68991944/convert-gremlin-query-to-cypher-query#comment121936948_68991944,68991944,1726127.0,1630394963.0,2021-08-31 07:29:23
6906,0,121355717,https://stackoverflow.com/questions/68644413/azure-cosmos-gremlin-select-column#comment121355717_68644413,68644413,,,
6907,0,121412739,https://stackoverflow.com/questions/68572546/graphdb-1-vertex-having-multiple-properties#comment121412739_68572546,68572546,5442034.0,1628430560.0,2021-08-08 13:49:20
6908,0,121421390,https://stackoverflow.com/questions/68572546/graphdb-1-vertex-having-multiple-properties#comment121421390_68572546,68572546,5442034.0,1628473563.0,2021-08-09 01:46:03
6909,0,120423792,https://stackoverflow.com/questions/68121032/cosmos-gremlins-json-data-ingest#comment120423792_68121032,68121032,11006390.0,1624643573.0,2021-06-25 17:52:53
6910,0,120542022,https://stackoverflow.com/questions/68121032/cosmos-gremlins-json-data-ingest#comment120542022_68121032,68121032,11006390.0,1625113363.0,2021-07-01 04:22:43
6911,0,120558640,https://stackoverflow.com/questions/68121032/cosmos-gremlins-json-data-ingest#comment120558640_68121032,68121032,5442034.0,1625155173.0,2021-07-01 15:59:33
6912,0,120691419,https://stackoverflow.com/questions/68121032/cosmos-gremlins-json-data-ingest#comment120691419_68121032,68121032,11006390.0,1625673453.0,2021-07-07 15:57:33
6913,0,118461656,https://stackoverflow.com/questions/67013883/trying-to-connect-to-sql-server-via-pyodbc-tls-dhe-cypher-suite-issue#comment118461656_67013883,67013883,,,
6914,0,118292563,https://stackoverflow.com/questions/66917113/noe4j-cypher-check-in-where-statment-foreach-pair-of-path-nodes#comment118292563_66917113,66917113,5475219.0,1617374080.0,2021-04-02 14:34:40
6916,1,120002756,https://stackoverflow.com/questions/67891550/detect-if-a-text-encrypted-using-aes-cbc-is-padded-or-not#comment120002756_67891550,67891550,238704.0,1623176886.0,2021-06-08 18:28:06
6917,1,120003770,https://stackoverflow.com/questions/67891550/detect-if-a-text-encrypted-using-aes-cbc-is-padded-or-not#comment120003770_67891550,67891550,820127.0,1623179507.0,2021-06-08 19:11:47
6918,0,120004480,https://stackoverflow.com/questions/67891550/detect-if-a-text-encrypted-using-aes-cbc-is-padded-or-not#comment120004480_67891550,67891550,238704.0,1623181352.0,2021-06-08 19:42:32
6919,0,120007503,https://stackoverflow.com/questions/67891550/detect-if-a-text-encrypted-using-aes-cbc-is-padded-or-not#comment120007503_67891550,67891550,820127.0,1623190873.0,2021-06-08 22:21:13
6922,1,118484415,https://stackoverflow.com/questions/67030828/given-a-plain-text-and-a-possible-cipher-text-determine-whether-the-cipher-text#comment118484415_67030828,67030828,9473764.0,1618029502.0,2021-04-10 04:38:22
6923,0,118485595,https://stackoverflow.com/questions/67030828/given-a-plain-text-and-a-possible-cipher-text-determine-whether-the-cipher-text#comment118485595_67030828,67030828,1431750.0,1618037690.0,2021-04-10 06:54:50
6926,0,116931231,https://stackoverflow.com/questions/66138655/java-input-byte-array-has-wrong-4-byte-ending-unit#comment116931231_66138655,66138655,5027336.0,1612967561.0,2021-02-10 14:32:41
6927,0,116931263,https://stackoverflow.com/questions/66138655/java-input-byte-array-has-wrong-4-byte-ending-unit#comment116931263_66138655,66138655,2599910.0,1612967607.0,2021-02-10 14:33:27
6928,0,116931316,https://stackoverflow.com/questions/66138655/java-input-byte-array-has-wrong-4-byte-ending-unit#comment116931316_66138655,66138655,5027336.0,1612967698.0,2021-02-10 14:34:58
6929,3,116931424,https://stackoverflow.com/questions/66138655/java-input-byte-array-has-wrong-4-byte-ending-unit#comment116931424_66138655,66138655,5027336.0,1612967929.0,2021-02-10 14:38:49
6930,0,116931433,https://stackoverflow.com/questions/66138655/java-input-byte-array-has-wrong-4-byte-ending-unit#comment116931433_66138655,66138655,14713134.0,1612967950.0,2021-02-10 14:39:10
6931,0,116931484,https://stackoverflow.com/questions/66138655/java-input-byte-array-has-wrong-4-byte-ending-unit#comment116931484_66138655,66138655,14713134.0,1612968061.0,2021-02-10 14:41:01
6932,0,116796051,https://stackoverflow.com/questions/65914866/pass-the-parameter-to-cypher#comment116796051_65914866,65914866,,,
6933,0,116100679,https://stackoverflow.com/questions/65638012/optimizing-cypher-query-for-finding-2nd-degree-contacts#comment116100679_65638012,65638012,,,
6934,0,115768601,https://stackoverflow.com/questions/65476524/what-is-the-best-way-to-store-dates-using-neo4j-graph-database#comment115768601_65476524,65476524,6692895.0,1609176310.0,2020-12-28 17:25:10
6935,0,115774383,https://stackoverflow.com/questions/65476524/what-is-the-best-way-to-store-dates-using-neo4j-graph-database#comment115774383_65476524,65476524,14882967.0,1609193101.0,2020-12-28 22:05:01
6936,0,115781502,https://stackoverflow.com/questions/65476524/what-is-the-best-way-to-store-dates-using-neo4j-graph-database#comment115781502_65476524,65476524,6692895.0,1609228942.0,2020-12-29 08:02:22
6937,0,115782800,https://stackoverflow.com/questions/65476524/what-is-the-best-way-to-store-dates-using-neo4j-graph-database#comment115782800_65476524,65476524,14882967.0,1609232782.0,2020-12-29 09:06:22
6938,0,115791721,https://stackoverflow.com/questions/65476524/what-is-the-best-way-to-store-dates-using-neo4j-graph-database#comment115791721_65476524,65476524,2662355.0,1609256012.0,2020-12-29 15:33:32
6939,0,115619904,https://stackoverflow.com/questions/65397502/merge-duplicate-paths#comment115619904_65397502,65397502,277128.0,1608573849.0,2020-12-21 18:04:09
6940,0,115620766,https://stackoverflow.com/questions/65397502/merge-duplicate-paths#comment115620766_65397502,65397502,10821861.0,1608576058.0,2020-12-21 18:40:58
6941,0,115621696,https://stackoverflow.com/questions/65397502/merge-duplicate-paths#comment115621696_65397502,65397502,126217.0,1608578513.0,2020-12-21 19:21:53
6942,1,115467377,https://stackoverflow.com/questions/65313046/neo4j-merge-constraint-violation-on-non-constraint-property-value#comment115467377_65313046,65313046,2662355.0,1608064515.0,2020-12-15 20:35:15
6943,0,115496029,https://stackoverflow.com/questions/65313046/neo4j-merge-constraint-violation-on-non-constraint-property-value#comment115496029_65313046,65313046,14832529.0,1608144985.0,2020-12-16 18:56:25
6944,1,115424245,https://stackoverflow.com/questions/65288691/neo4j-semantic-difference-between-with-distinct-x-return-count-x-and-retu#comment115424245_65288691,65288691,277128.0,1607950453.0,2020-12-14 12:54:13
6945,0,115530669,https://stackoverflow.com/questions/65288691/neo4j-semantic-difference-between-with-distinct-x-return-count-x-and-retu#comment115530669_65288691,65288691,4780428.0,1608240256.0,2020-12-17 21:24:16
6946,0,115573332,https://stackoverflow.com/questions/65288691/neo4j-semantic-difference-between-with-distinct-x-return-count-x-and-retu#comment115573332_65288691,65288691,9718856.0,1608395562.0,2020-12-19 16:32:42
6947,1,115197475,https://stackoverflow.com/questions/65150834/set-a-property-during-a-custom-cypher-query#comment115197475_65150834,65150834,6692895.0,1607192812.0,2020-12-05 18:26:52
6948,0,115238768,https://stackoverflow.com/questions/65150834/set-a-property-during-a-custom-cypher-query#comment115238768_65150834,65150834,7986942.0,1607353961.0,2020-12-07 15:12:41
6949,0,115177662,https://stackoverflow.com/questions/65143834/neo4j-slow-match-under-unwind#comment115177662_65143834,65143834,6692895.0,1607107021.0,2020-12-04 18:37:01
6950,0,115177909,https://stackoverflow.com/questions/65143834/neo4j-slow-match-under-unwind#comment115177909_65143834,65143834,12642133.0,1607107608.0,2020-12-04 18:46:48
6951,0,115326416,https://stackoverflow.com/questions/65143834/neo4j-slow-match-under-unwind#comment115326416_65143834,65143834,1760615.0,1607600079.0,2020-12-10 11:34:39
6952,0,115150032,https://stackoverflow.com/questions/65130450/auto-decryption-question-from-computer-science-circles-python#comment115150032_65130450,65130450,2378643.0,1607024645.0,2020-12-03 19:44:05
6953,0,115169485,https://stackoverflow.com/questions/65130450/auto-decryption-question-from-computer-science-circles-python#comment115169485_65130450,65130450,14757800.0,1607088821.0,2020-12-04 13:33:41
6954,0,115116073,https://stackoverflow.com/questions/65109911/how-to-insert-knowledge-for-non-concrete-entrys-in-mongodb#comment115116073_65109911,65109911,,,
6955,0,114918082,https://stackoverflow.com/questions/64994974/after-update-to-neo4j-4-2-not-work-apoc-functions-from-reader-role#comment114918082_64994974,64994974,277128.0,1606294327.0,2020-11-25 08:52:07
6956,0,114918274,https://stackoverflow.com/questions/64994974/after-update-to-neo4j-4-2-not-work-apoc-functions-from-reader-role#comment114918274_64994974,64994974,1010297.0,1606294786.0,2020-11-25 08:59:46
6957,0,114729483,https://stackoverflow.com/questions/64881497/java-springboot-neo4j-is-there-a-way-to-bypass-the-ogm#comment114729483_64881497,64881497,3079891.0,1605698544.0,2020-11-18 11:22:24
6958,0,114795749,https://stackoverflow.com/questions/64881497/java-springboot-neo4j-is-there-a-way-to-bypass-the-ogm#comment114795749_64881497,64881497,7931491.0,1605881179.0,2020-11-20 14:06:19
6959,0,114807948,https://stackoverflow.com/questions/64875641/unable-to-launch-the-neo4j-console-app-after-upgrade-to-macos-big-sur#comment114807948_64875641,64875641,7371893.0,1605910962.0,2020-11-20 22:22:42
6960,0,114937651,https://stackoverflow.com/questions/64875641/unable-to-launch-the-neo4j-console-app-after-upgrade-to-macos-big-sur#comment114937651_64875641,64875641,11914657.0,1606337253.0,2020-11-25 20:47:33
6961,0,114596069,https://stackoverflow.com/questions/64800808/neo4j-how-can-we-compare-one-relationship-property-with-another-relationship-pr#comment114596069_64800808,64800808,974731.0,1605237383.0,2020-11-13 03:16:23
6962,0,114659826,https://stackoverflow.com/questions/64800808/neo4j-how-can-we-compare-one-relationship-property-with-another-relationship-pr#comment114659826_64800808,64800808,8051542.0,1605499823.0,2020-11-16 04:10:23
6963,0,114678705,https://stackoverflow.com/questions/64800808/neo4j-how-can-we-compare-one-relationship-property-with-another-relationship-pr#comment114678705_64800808,64800808,974731.0,1605550365.0,2020-11-16 18:12:45
6964,0,114697450,https://stackoverflow.com/questions/64800808/neo4j-how-can-we-compare-one-relationship-property-with-another-relationship-pr#comment114697450_64800808,64800808,8051542.0,1605611364.0,2020-11-17 11:09:24
6965,0,114529235,https://stackoverflow.com/questions/64745901/how-to-create-a-custom-analyzer-for-full-text-index-in-neo4j#comment114529235_64745901,64745901,2662355.0,1605038061.0,2020-11-10 19:54:21
6966,0,114535293,https://stackoverflow.com/questions/64745901/how-to-create-a-custom-analyzer-for-full-text-index-in-neo4j#comment114535293_64745901,64745901,14232960.0,1605059502.0,2020-11-11 01:51:42
6967,1,114476731,https://stackoverflow.com/questions/64743317/neo4j-cypher-conditional-merge#comment114476731_64743317,64743317,10687857.0,1604895973.0,2020-11-09 04:26:13
6968,1,114434514,https://stackoverflow.com/questions/64719974/neo4j-performance-issues-with-many-or-clauses#comment114434514_64719974,64719974,6692895.0,1604692731.0,2020-11-06 19:58:51
6969,0,114436654,https://stackoverflow.com/questions/64719974/neo4j-performance-issues-with-many-or-clauses#comment114436654_64719974,64719974,271357.0,1604699678.0,2020-11-06 21:54:38
6970,0,114446130,https://stackoverflow.com/questions/64719974/neo4j-performance-issues-with-many-or-clauses#comment114446130_64719974,64719974,6692895.0,1604752804.0,2020-11-07 12:40:04
6971,0,114408420,https://stackoverflow.com/questions/64698807/neo4j-get-shortest-path-between-nodes-going-via-specific-node#comment114408420_64698807,64698807,,,
6972,0,113962979,https://stackoverflow.com/questions/64442208/create-relationship-between-child-nodes#comment113962979_64442208,64442208,974731.0,1603211906.0,2020-10-20 16:38:26
6973,0,113981611,https://stackoverflow.com/questions/64442208/create-relationship-between-child-nodes#comment113981611_64442208,64442208,14483977.0,1603271771.0,2020-10-21 09:16:11
6974,0,113996257,https://stackoverflow.com/questions/64442208/create-relationship-between-child-nodes#comment113996257_64442208,64442208,974731.0,1603301063.0,2020-10-21 17:24:23
6975,0,113999836,https://stackoverflow.com/questions/64442208/create-relationship-between-child-nodes#comment113999836_64442208,64442208,974731.0,1603309464.0,2020-10-21 19:44:24
6976,0,113873301,https://stackoverflow.com/questions/64396370/java-neo4j-reduce-the-number-of-transactions-to-improve-the-performance#comment113873301_64396370,64396370,974731.0,1602893127.0,2020-10-17 00:05:27
6977,0,113873572,https://stackoverflow.com/questions/64396370/java-neo4j-reduce-the-number-of-transactions-to-improve-the-performance#comment113873572_64396370,64396370,14211880.0,1602895052.0,2020-10-17 00:37:32
6978,1,113669763,https://stackoverflow.com/questions/64281164/neo4j-cypher-query-need-to-return-multiple-levels-node-information-with-relatio#comment113669763_64281164,64281164,,,
6979,0,113299281,https://stackoverflow.com/questions/64068003/is-it-necessary-to-create-a-constraint-on-a-secondary-label-on-neo4j#comment113299281_64068003,64068003,974731.0,1601065323.0,2020-09-25 20:22:03
6980,0,113299986,https://stackoverflow.com/questions/64068003/is-it-necessary-to-create-a-constraint-on-a-secondary-label-on-neo4j#comment113299986_64068003,64068003,6519761.0,1601067731.0,2020-09-25 21:02:11
6981,0,113300199,https://stackoverflow.com/questions/64068003/is-it-necessary-to-create-a-constraint-on-a-secondary-label-on-neo4j#comment113300199_64068003,64068003,6692895.0,1601068375.0,2020-09-25 21:12:55
6982,0,113300373,https://stackoverflow.com/questions/64068003/is-it-necessary-to-create-a-constraint-on-a-secondary-label-on-neo4j#comment113300373_64068003,64068003,974731.0,1601069149.0,2020-09-25 21:25:49
6983,0,113320591,https://stackoverflow.com/questions/64068003/is-it-necessary-to-create-a-constraint-on-a-secondary-label-on-neo4j#comment113320591_64068003,64068003,6519761.0,1601163058.0,2020-09-26 23:30:58
6984,0,113320598,https://stackoverflow.com/questions/64068003/is-it-necessary-to-create-a-constraint-on-a-secondary-label-on-neo4j#comment113320598_64068003,64068003,6519761.0,1601163100.0,2020-09-26 23:31:40
6985,0,113074595,https://stackoverflow.com/questions/63932764/updating-fulltext-search-index#comment113074595_63932764,63932764,6692895.0,1600369698.0,2020-09-17 19:08:18
6986,0,113077487,https://stackoverflow.com/questions/63932764/updating-fulltext-search-index#comment113077487_63932764,63932764,974731.0,1600377647.0,2020-09-17 21:20:47
6987,0,113080068,https://stackoverflow.com/questions/63932764/updating-fulltext-search-index#comment113080068_63932764,63932764,6554121.0,1600388492.0,2020-09-18 00:21:32
6988,0,113080096,https://stackoverflow.com/questions/63932764/updating-fulltext-search-index#comment113080096_63932764,63932764,6554121.0,1600388622.0,2020-09-18 00:23:42
6989,0,113080774,https://stackoverflow.com/questions/63932764/updating-fulltext-search-index#comment113080774_63932764,63932764,974731.0,1600392058.0,2020-09-18 01:20:58
6990,0,113012904,https://stackoverflow.com/questions/63901093/neo4j-why-do-multiple-match-expressions-work-but-one-single-match-does-not#comment113012904_63901093,63901093,974731.0,1600203430.0,2020-09-15 20:57:10
6991,0,113038586,https://stackoverflow.com/questions/63901093/neo4j-why-do-multiple-match-expressions-work-but-one-single-match-does-not#comment113038586_63901093,63901093,1760615.0,1600274076.0,2020-09-16 16:34:36
6992,0,113041314,https://stackoverflow.com/questions/63901093/neo4j-why-do-multiple-match-expressions-work-but-one-single-match-does-not#comment113041314_63901093,63901093,974731.0,1600280931.0,2020-09-16 18:28:51
6993,0,113055192,https://stackoverflow.com/questions/63901093/neo4j-why-do-multiple-match-expressions-work-but-one-single-match-does-not#comment113055192_63901093,63901093,1760615.0,1600330403.0,2020-09-17 08:13:23
6994,0,113071186,https://stackoverflow.com/questions/63901093/neo4j-why-do-multiple-match-expressions-work-but-one-single-match-does-not#comment113071186_63901093,63901093,974731.0,1600361759.0,2020-09-17 16:55:59
6995,0,112435683,https://stackoverflow.com/questions/63575096/recommendation-engine-in-cypher-neo4j#comment112435683_63575096,63575096,6692895.0,1598373250.0,2020-08-25 16:34:10
6996,0,112449242,https://stackoverflow.com/questions/63575096/recommendation-engine-in-cypher-neo4j#comment112449242_63575096,63575096,3828029.0,1598420326.0,2020-08-26 05:38:46
7003,0,117007124,https://stackoverflow.com/questions/66147160/cypher-relating-distant-nodes-and-displaying-the-merged-relationship#comment117007124_66147160,66147160,232671.0,1613197373.0,2021-02-13 06:22:53
7004,0,117029895,https://stackoverflow.com/questions/66147160/cypher-relating-distant-nodes-and-displaying-the-merged-relationship#comment117029895_66147160,66147160,6054404.0,1613308376.0,2021-02-14 13:12:56
7005,1,116933759,https://stackoverflow.com/questions/66139673/cypher-bfs-with-multiple-relations-in-path#comment116933759_66139673,66139673,4888809.0,1612972659.0,2021-02-10 15:57:39
7006,1,116934920,https://stackoverflow.com/questions/66139673/cypher-bfs-with-multiple-relations-in-path#comment116934920_66139673,66139673,1677605.0,1612974920.0,2021-02-10 16:35:20
7007,0,116940283,https://stackoverflow.com/questions/66139673/cypher-bfs-with-multiple-relations-in-path#comment116940283_66139673,66139673,4888809.0,1612986441.0,2021-02-10 19:47:21
7008,1,116946020,https://stackoverflow.com/questions/66139673/cypher-bfs-with-multiple-relations-in-path#comment116946020_66139673,66139673,1677605.0,1613005386.0,2021-02-11 01:03:06
7009,0,116956961,https://stackoverflow.com/questions/66139673/cypher-bfs-with-multiple-relations-in-path#comment116956961_66139673,66139673,4888809.0,1613043996.0,2021-02-11 11:46:36
7010,0,115979403,https://stackoverflow.com/questions/65596963/how-to-check-if-a-unwind-parameter-exists-in-neo4j-cypher#comment115979403_65596963,65596963,277128.0,1609945262.0,2021-01-06 15:01:02
7011,0,115981666,https://stackoverflow.com/questions/65596963/how-to-check-if-a-unwind-parameter-exists-in-neo4j-cypher#comment115981666_65596963,65596963,712347.0,1609949654.0,2021-01-06 16:14:14
7012,0,115982093,https://stackoverflow.com/questions/65596963/how-to-check-if-a-unwind-parameter-exists-in-neo4j-cypher#comment115982093_65596963,65596963,712347.0,1609950443.0,2021-01-06 16:27:23
7013,1,115953075,https://stackoverflow.com/questions/65582926/neo4j-how-to-return-nodes-which-have-a-specific-node-in-common#comment115953075_65582926,65582926,7371893.0,1609865795.0,2021-01-05 16:56:35
7014,0,115953502,https://stackoverflow.com/questions/65582926/neo4j-how-to-return-nodes-which-have-a-specific-node-in-common#comment115953502_65582926,65582926,6898991.0,1609866736.0,2021-01-05 17:12:16
7015,0,115949204,https://stackoverflow.com/questions/65578335/remove-unnecessary-relationships-between-nodes#comment115949204_65578335,65578335,277128.0,1609858074.0,2021-01-05 14:47:54
7016,0,115949229,https://stackoverflow.com/questions/65578335/remove-unnecessary-relationships-between-nodes#comment115949229_65578335,65578335,277128.0,1609858119.0,2021-01-05 14:48:39
7017,0,115723291,https://stackoverflow.com/questions/65456092/cypher-neo4j-rank-similar-entities-based-on-same-relationships#comment115723291_65456092,65456092,2662355.0,1608984213.0,2020-12-26 12:03:33
7018,0,115723808,https://stackoverflow.com/questions/65456092/cypher-neo4j-rank-similar-entities-based-on-same-relationships#comment115723808_65456092,65456092,3154653.0,1608986309.0,2020-12-26 12:38:29
7019,1,115692346,https://stackoverflow.com/questions/65437022/csv-data-import-into-neo4j#comment115692346_65437022,65437022,3470294.0,1608814243.0,2020-12-24 12:50:43
7020,0,115392990,https://stackoverflow.com/questions/65268516/how-do-i-group-nodes-by-a-different-node-property-and-order-by-a-different-one-i#comment115392990_65268516,65268516,6692895.0,1607817235.0,2020-12-12 23:53:55
7021,0,115402721,https://stackoverflow.com/questions/65268516/how-do-i-group-nodes-by-a-different-node-property-and-order-by-a-different-one-i#comment115402721_65268516,65268516,14814438.0,1607871345.0,2020-12-13 14:55:45
7022,0,115364830,https://stackoverflow.com/questions/65246908/separating-matching-nodes-in-a-query-result#comment115364830_65246908,65246908,1379830.0,1607704705.0,2020-12-11 16:38:25
7023,0,115365364,https://stackoverflow.com/questions/65246908/separating-matching-nodes-in-a-query-result#comment115365364_65246908,65246908,11150376.0,1607705843.0,2020-12-11 16:57:23
7024,1,115308423,https://stackoverflow.com/questions/65222369/neo4j-cypher-query-to-fetch-posts-created-by-followers#comment115308423_65222369,65222369,541404.0,1607541723.0,2020-12-09 19:22:03
7025,1,115302530,https://stackoverflow.com/questions/65219893/creating-many-relationships-in-one-script#comment115302530_65219893,65219893,541404.0,1607529401.0,2020-12-09 15:56:41
7026,1,115316053,https://stackoverflow.com/questions/65219893/creating-many-relationships-in-one-script#comment115316053_65219893,65219893,974731.0,1607566773.0,2020-12-10 02:19:33
7027,0,115271077,https://stackoverflow.com/questions/65198980/neo4j-how-to-avoid-node-to-be-created-again-if-it-is-already-in-the-database#comment115271077_65198980,65198980,1379830.0,1607443213.0,2020-12-08 16:00:13
7028,1,115197459,https://stackoverflow.com/questions/65153130/export-dump-database-in-neo4j#comment115197459_65153130,65153130,6692895.0,1607192738.0,2020-12-05 18:25:38
7029,0,115179264,https://stackoverflow.com/questions/65130292/cypher-path-thorugh-only-list-of-nodes#comment115179264_65130292,65130292,12642133.0,1607111154.0,2020-12-04 19:45:54
7030,0,115207097,https://stackoverflow.com/questions/65130292/cypher-path-thorugh-only-list-of-nodes#comment115207097_65130292,65130292,7346083.0,1607244089.0,2020-12-06 08:41:29
7031,0,115113305,https://stackoverflow.com/questions/65109847/how-optimised-is-this-cypher-query#comment115113305_65109847,65109847,1379830.0,1606927764.0,2020-12-02 16:49:24
7032,0,115113904,https://stackoverflow.com/questions/65109847/how-optimised-is-this-cypher-query#comment115113904_65109847,65109847,7931491.0,1606928912.0,2020-12-02 17:08:32
7033,0,115113946,https://stackoverflow.com/questions/65109847/how-optimised-is-this-cypher-query#comment115113946_65109847,65109847,1379830.0,1606929007.0,2020-12-02 17:10:07
7034,0,115115440,https://stackoverflow.com/questions/65109847/how-optimised-is-this-cypher-query#comment115115440_65109847,65109847,7931491.0,1606932200.0,2020-12-02 18:03:20
7035,0,115116209,https://stackoverflow.com/questions/65109847/how-optimised-is-this-cypher-query#comment115116209_65109847,65109847,1379830.0,1606934016.0,2020-12-02 18:33:36
7036,0,115116318,https://stackoverflow.com/questions/65109847/how-optimised-is-this-cypher-query#comment115116318_65109847,65109847,1379830.0,1606934275.0,2020-12-02 18:37:55
7037,0,115131044,https://stackoverflow.com/questions/65109847/how-optimised-is-this-cypher-query#comment115131044_65109847,65109847,7931491.0,1606985199.0,2020-12-03 08:46:39
7038,1,114937964,https://stackoverflow.com/questions/64976869/neo4j-path-query-sorting-properties-in-path#comment114937964_64976869,64976869,7371893.0,1606338146.0,2020-11-25 21:02:26
7039,0,114802672,https://stackoverflow.com/questions/64934044/neo4j-order-by-custom-sorting#comment114802672_64934044,64934044,1734996.0,1605896066.0,2020-11-20 18:14:26
7040,0,114803211,https://stackoverflow.com/questions/64934044/neo4j-order-by-custom-sorting#comment114803211_64934044,64934044,5004822.0,1605897262.0,2020-11-20 18:34:22
7041,1,114783480,https://stackoverflow.com/questions/64918717/setting-multiple-porerties-using-paramters-neo4j-cypher#comment114783480_64918717,64918717,1734996.0,1605846405.0,2020-11-20 04:26:45
7042,1,114792818,https://stackoverflow.com/questions/64918717/setting-multiple-porerties-using-paramters-neo4j-cypher#comment114792818_64918717,64918717,277128.0,1605874234.0,2020-11-20 12:10:34
7043,0,114802190,https://stackoverflow.com/questions/64918717/setting-multiple-porerties-using-paramters-neo4j-cypher#comment114802190_64918717,64918717,12642133.0,1605894902.0,2020-11-20 17:55:02
7044,0,114763985,https://stackoverflow.com/questions/64912100/cypher-paged-listing-query-optimization#comment114763985_64912100,64912100,277128.0,1605791182.0,2020-11-19 13:06:22
7045,0,114808130,https://stackoverflow.com/questions/64838643/return-actors-and-movies-which-where-not-directed-by-a-specific-director-but-h#comment114808130_64838643,64838643,7371893.0,1605911611.0,2020-11-20 22:33:31
7046,0,114625900,https://stackoverflow.com/questions/64831589/unable-to-connect-to-neo4j-from-nodejs-using-neo4j-driver#comment114625900_64831589,64831589,,1605345766.0,2020-11-14 09:22:46
7047,0,114626045,https://stackoverflow.com/questions/64831589/unable-to-connect-to-neo4j-from-nodejs-using-neo4j-driver#comment114626045_64831589,64831589,11355630.0,1605346649.0,2020-11-14 09:37:29
7048,0,114626898,https://stackoverflow.com/questions/64831589/unable-to-connect-to-neo4j-from-nodejs-using-neo4j-driver#comment114626898_64831589,64831589,,1605350962.0,2020-11-14 10:49:22
7049,0,114627482,https://stackoverflow.com/questions/64831589/unable-to-connect-to-neo4j-from-nodejs-using-neo4j-driver#comment114627482_64831589,64831589,11355630.0,1605353433.0,2020-11-14 11:30:33
7050,0,114616667,https://stackoverflow.com/questions/64825622/neo4j-cypher-optionally-create-a-node-and-relationship-based-on-whether-a-json-o#comment114616667_64825622,64825622,6692895.0,1605296135.0,2020-11-13 19:35:35
7051,0,114617633,https://stackoverflow.com/questions/64825622/neo4j-cypher-optionally-create-a-node-and-relationship-based-on-whether-a-json-o#comment114617633_64825622,64825622,7986942.0,1605298699.0,2020-11-13 20:18:19
7052,0,114428342,https://stackoverflow.com/questions/64716833/neo4j-cypher-how-to-display-graph-of-all-nodes-of-a-certain-type-with-a-common#comment114428342_64716833,64716833,4187485.0,1604677048.0,2020-11-06 15:37:28
7053,0,114367527,https://stackoverflow.com/questions/64682272/neo4j-how-to-find-a-node-connected-somehow-to-another-given-node#comment114367527_64682272,64682272,1379830.0,1604503245.0,2020-11-04 15:20:45
7054,0,114367845,https://stackoverflow.com/questions/64682272/neo4j-how-to-find-a-node-connected-somehow-to-another-given-node#comment114367845_64682272,64682272,10240334.0,1604503821.0,2020-11-04 15:30:21
7055,0,114368024,https://stackoverflow.com/questions/64682272/neo4j-how-to-find-a-node-connected-somehow-to-another-given-node#comment114368024_64682272,64682272,1379830.0,1604504133.0,2020-11-04 15:35:33
7056,0,114368678,https://stackoverflow.com/questions/64682272/neo4j-how-to-find-a-node-connected-somehow-to-another-given-node#comment114368678_64682272,64682272,10240334.0,1604505464.0,2020-11-04 15:57:44
7057,0,114375492,https://stackoverflow.com/questions/64678869/neo4j-matching-nodes-with-2-more-properties-in-common#comment114375492_64678869,64678869,974731.0,1604521464.0,2020-11-04 20:24:24
7058,0,114312393,https://stackoverflow.com/questions/64640883/neo4j-query-based-on-partial-values-of-a-node-key-solved#comment114312393_64640883,64640883,974731.0,1604340564.0,2020-11-02 18:09:24
7059,0,114320107,https://stackoverflow.com/questions/64640883/neo4j-query-based-on-partial-values-of-a-node-key-solved#comment114320107_64640883,64640883,12238262.0,1604363867.0,2020-11-03 00:37:47
7060,0,114322177,https://stackoverflow.com/questions/64640883/neo4j-query-based-on-partial-values-of-a-node-key-solved#comment114322177_64640883,64640883,974731.0,1604375091.0,2020-11-03 03:44:51
7061,0,114125433,https://stackoverflow.com/questions/64538892/neo4j-right-way-of-writing-a-cypher-query#comment114125433_64538892,64538892,6692895.0,1603737227.0,2020-10-26 18:33:47
7062,1,114052374,https://stackoverflow.com/questions/64499145/neo4j-compare-two-arrays-cypher-query#comment114052374_64499145,64499145,6692895.0,1603460219.0,2020-10-23 13:36:59
7063,0,114052643,https://stackoverflow.com/questions/64499145/neo4j-compare-two-arrays-cypher-query#comment114052643_64499145,64499145,,,
7064,0,113898006,https://stackoverflow.com/questions/64412381/find-max-depth-with-bidiretional-graph#comment113898006_64412381,64412381,2185630.0,1603018396.0,2020-10-18 10:53:16
7065,0,113898227,https://stackoverflow.com/questions/64412381/find-max-depth-with-bidiretional-graph#comment113898227_64412381,64412381,9883469.0,1603019288.0,2020-10-18 11:08:08
7066,0,113898371,https://stackoverflow.com/questions/64412381/find-max-depth-with-bidiretional-graph#comment113898371_64412381,64412381,2185630.0,1603019979.0,2020-10-18 11:19:39
7067,0,113898623,https://stackoverflow.com/questions/64412381/find-max-depth-with-bidiretional-graph#comment113898623_64412381,64412381,2185630.0,1603020993.0,2020-10-18 11:36:33
7068,0,113898696,https://stackoverflow.com/questions/64412381/find-max-depth-with-bidiretional-graph#comment113898696_64412381,64412381,2185630.0,1603021332.0,2020-10-18 11:42:12
7069,1,113934333,https://stackoverflow.com/questions/64412381/find-max-depth-with-bidiretional-graph#comment113934333_64412381,64412381,974731.0,1603133060.0,2020-10-19 18:44:20
7071,0,113796764,https://stackoverflow.com/questions/64351401/why-there-is-link-between-parent-node-and-child-node-in-neo4j#comment113796764_64351401,64351401,4709400.0,1602680718.0,2020-10-14 13:05:18
7072,0,113797146,https://stackoverflow.com/questions/64351401/why-there-is-link-between-parent-node-and-child-node-in-neo4j#comment113797146_64351401,64351401,9743655.0,1602681498.0,2020-10-14 13:18:18
7073,0,113793534,https://stackoverflow.com/questions/64349986/how-to-know-if-timeout-occurred-in-cypher-query#comment113793534_64349986,64349986,3209523.0,1602673756.0,2020-10-14 11:09:16
7074,0,113760902,https://stackoverflow.com/questions/64333436/neo4j-unicity-wonders-singleton-or-aggregation-issue#comment113760902_64333436,64333436,6692895.0,1602585458.0,2020-10-13 10:37:38
7075,0,113762152,https://stackoverflow.com/questions/64333436/neo4j-unicity-wonders-singleton-or-aggregation-issue#comment113762152_64333436,64333436,4257731.0,1602588051.0,2020-10-13 11:20:51
7076,0,113733393,https://stackoverflow.com/questions/64315304/neo4j-shortest-path-that-includes-specific-relationship#comment113733393_64315304,64315304,4709400.0,1602506281.0,2020-10-12 12:38:01
7077,1,113755374,https://stackoverflow.com/questions/64315304/neo4j-shortest-path-that-includes-specific-relationship#comment113755374_64315304,64315304,783836.0,1602573830.0,2020-10-13 07:23:50
7078,1,113669726,https://stackoverflow.com/questions/64281303/neo4j-graphql-get-the-last-node-in-a-linked-list-in-order-to-continue-the-link#comment113669726_64281303,64281303,6692895.0,1602251087.0,2020-10-09 13:44:47
7079,0,113670386,https://stackoverflow.com/questions/64281303/neo4j-graphql-get-the-last-node-in-a-linked-list-in-order-to-continue-the-link#comment113670386_64281303,64281303,7986942.0,1602252369.0,2020-10-09 14:06:09
7080,0,113632056,https://stackoverflow.com/questions/64257892/neo4j-forming-json-array#comment113632056_64257892,64257892,6692895.0,1602151218.0,2020-10-08 10:00:18
7081,1,113551057,https://stackoverflow.com/questions/64213952/neo4j-cypher-query-equivalent-to-select-for-update#comment113551057_64213952,64213952,6692895.0,1601922559.0,2020-10-05 18:29:19
7082,0,113487024,https://stackoverflow.com/questions/64167019/query-optimization-neo4j-query-builds-a-cartesian-product-between-disconnect#comment113487024_64167019,64167019,974731.0,1601666423.0,2020-10-02 19:20:23
7083,0,113411603,https://stackoverflow.com/questions/64132606/neo4j-cypher-query-to-find-nodes-which-properties-match-object-parameter#comment113411603_64132606,64132606,4709400.0,1601457539.0,2020-09-30 09:18:59
7084,0,113433962,https://stackoverflow.com/questions/64132606/neo4j-cypher-query-to-find-nodes-which-properties-match-object-parameter#comment113433962_64132606,64132606,6554121.0,1601509645.0,2020-09-30 23:47:25
7085,0,113197617,https://stackoverflow.com/questions/64013350/neo4j-if-a-node-has-no-outgoing-edges-delete-that-node-otherwise-return-its-next#comment113197617_64013350,64013350,6692895.0,1600792891.0,2020-09-22 16:41:31
7086,0,113199757,https://stackoverflow.com/questions/64013350/neo4j-if-a-node-has-no-outgoing-edges-delete-that-node-otherwise-return-its-next#comment113199757_64013350,64013350,14211880.0,1600797786.0,2020-09-22 18:03:06
7087,0,113200091,https://stackoverflow.com/questions/64013350/neo4j-if-a-node-has-no-outgoing-edges-delete-that-node-otherwise-return-its-next#comment113200091_64013350,64013350,6692895.0,1600798594.0,2020-09-22 18:16:34
7088,0,113187297,https://stackoverflow.com/questions/64008212/neo4j-cypher-how-to-filter-for-the-path-with-the-latest-date-in-the-relations#comment113187297_64008212,64008212,6692895.0,1600773130.0,2020-09-22 11:12:10
7089,0,113084824,https://stackoverflow.com/questions/63949582/neo4j-cannot-merge-node-using-null-property-value#comment113084824_63949582,63949582,1734996.0,1600411371.0,2020-09-18 06:42:51
7090,0,113095949,https://stackoverflow.com/questions/63949582/neo4j-cannot-merge-node-using-null-property-value#comment113095949_63949582,63949582,6692895.0,1600435571.0,2020-09-18 13:26:11
7091,0,113123757,https://stackoverflow.com/questions/63949582/neo4j-cannot-merge-node-using-null-property-value#comment113123757_63949582,63949582,11981723.0,1600544178.0,2020-09-19 19:36:18
7092,0,113105144,https://stackoverflow.com/questions/63949016/why-does-a-modest-match-and-create-query-spin-in-neo4j-browser#comment113105144_63949016,63949016,272109.0,1600457357.0,2020-09-18 19:29:17
7093,0,113076949,https://stackoverflow.com/questions/63939252/neo4j-create-ranking-by-region-by-vendor-based-on-similarity#comment113076949_63939252,63939252,974731.0,1600375858.0,2020-09-17 20:50:58
7094,0,113082528,https://stackoverflow.com/questions/63939252/neo4j-create-ranking-by-region-by-vendor-based-on-similarity#comment113082528_63939252,63939252,3828029.0,1600402155.0,2020-09-18 04:09:15
7095,0,113396232,https://stackoverflow.com/questions/63939252/neo4j-create-ranking-by-region-by-vendor-based-on-similarity#comment113396232_63939252,63939252,974731.0,1601405281.0,2020-09-29 18:48:01
7096,0,113634741,https://stackoverflow.com/questions/63939252/neo4j-create-ranking-by-region-by-vendor-based-on-similarity#comment113634741_63939252,63939252,3828029.0,1602157276.0,2020-10-08 11:41:16
7097,0,113071917,https://stackoverflow.com/questions/63936851/in-neo4j-how-to-group-by-one-return-key-instead-of-all-non-aggregate-keys-in-re#comment113071917_63936851,63936851,974731.0,1600363464.0,2020-09-17 17:24:24
7098,0,113045301,https://stackoverflow.com/questions/63928225/cypher-representing-nested-graphs#comment113045301_63928225,63928225,300977.0,1600292348.0,2020-09-16 21:39:08
7099,1,113045349,https://stackoverflow.com/questions/63928225/cypher-representing-nested-graphs#comment113045349_63928225,63928225,300977.0,1600292490.0,2020-09-16 21:41:30
7100,0,113045588,https://stackoverflow.com/questions/63928225/cypher-representing-nested-graphs#comment113045588_63928225,63928225,272109.0,1600293412.0,2020-09-16 21:56:52
7102,0,113048151,https://stackoverflow.com/questions/63916796/neo4j-cypher-query-poor-performance#comment113048151_63916796,63916796,272109.0,1600305484.0,2020-09-17 01:18:04
7103,0,113049778,https://stackoverflow.com/questions/63916796/neo4j-cypher-query-poor-performance#comment113049778_63916796,63916796,12544202.0,1600313508.0,2020-09-17 03:31:48
7104,0,113040594,https://stackoverflow.com/questions/63903964/use-match-statement-when-using-neo4j-driver-the-returned-result-record-is-nil#comment113040594_63903964,63903964,6247361.0,1600279102.0,2020-09-16 17:58:22
7105,0,113061685,https://stackoverflow.com/questions/63903964/use-match-statement-when-using-neo4j-driver-the-returned-result-record-is-nil#comment113061685_63903964,63903964,7040688.0,1600343888.0,2020-09-17 11:58:08
7106,0,113062414,https://stackoverflow.com/questions/63903964/use-match-statement-when-using-neo4j-driver-the-returned-result-record-is-nil#comment113062414_63903964,63903964,6247361.0,1600345329.0,2020-09-17 12:22:09
7107,0,113149775,https://stackoverflow.com/questions/63903964/use-match-statement-when-using-neo4j-driver-the-returned-result-record-is-nil#comment113149775_63903964,63903964,7040688.0,1600672757.0,2020-09-21 07:19:17
7108,1,112888631,https://stackoverflow.com/questions/63839053/neo4j-handling-date-time-values-as-different-nodes#comment112888631_63839053,63839053,974731.0,1599783280.0,2020-09-11 00:14:40
7109,0,112888705,https://stackoverflow.com/questions/63839053/neo4j-handling-date-time-values-as-different-nodes#comment112888705_63839053,63839053,,1599783748.0,2020-09-11 00:22:28
7110,0,112888732,https://stackoverflow.com/questions/63839053/neo4j-handling-date-time-values-as-different-nodes#comment112888732_63839053,63839053,974731.0,1599783963.0,2020-09-11 00:26:03
7111,0,112947567,https://stackoverflow.com/questions/63839053/neo4j-handling-date-time-values-as-different-nodes#comment112947567_63839053,63839053,,1600012980.0,2020-09-13 16:03:00
7112,0,112889373,https://stackoverflow.com/questions/63827953/how-to-load-csv-with-header-value-that-contains-a-cypher-keyword-in-neo4j#comment112889373_63827953,63827953,974731.0,1599787974.0,2020-09-11 01:32:54
7113,0,112855572,https://stackoverflow.com/questions/63811755/how-to-explain-the-execution-path-of-this-cypher-query#comment112855572_63811755,63811755,974731.0,1599692258.0,2020-09-09 22:57:38
7114,0,112860916,https://stackoverflow.com/questions/63811755/how-to-explain-the-execution-path-of-this-cypher-query#comment112860916_63811755,63811755,3579212.0,1599718208.0,2020-09-10 06:10:08
7115,0,112834359,https://stackoverflow.com/questions/63806286/why-i-use-this-cql-import-csv-data-failed#comment112834359_63806286,63806286,1734996.0,1599644368.0,2020-09-09 09:39:28
7116,0,112835968,https://stackoverflow.com/questions/63806286/why-i-use-this-cql-import-csv-data-failed#comment112835968_63806286,63806286,10544110.0,1599647871.0,2020-09-09 10:37:51
7117,0,112836250,https://stackoverflow.com/questions/63806286/why-i-use-this-cql-import-csv-data-failed#comment112836250_63806286,63806286,1734996.0,1599648496.0,2020-09-09 10:48:16
7118,0,112814709,https://stackoverflow.com/questions/63796752/move-relationship-between-nodes-and-avoid-duplicates#comment112814709_63796752,63796752,6247361.0,1599580845.0,2020-09-08 16:00:45
7119,0,112816695,https://stackoverflow.com/questions/63796752/move-relationship-between-nodes-and-avoid-duplicates#comment112816695_63796752,63796752,2949292.0,1599585928.0,2020-09-08 17:25:28
7120,0,112820016,https://stackoverflow.com/questions/63796752/move-relationship-between-nodes-and-avoid-duplicates#comment112820016_63796752,63796752,974731.0,1599594146.0,2020-09-08 19:42:26
7121,0,112828213,https://stackoverflow.com/questions/63796752/move-relationship-between-nodes-and-avoid-duplicates#comment112828213_63796752,63796752,2949292.0,1599629927.0,2020-09-09 05:38:47
7122,0,112795686,https://stackoverflow.com/questions/63786823/how-could-i-use-line-twice#comment112795686_63786823,63786823,12672179.0,1599536989.0,2020-09-08 03:49:49
7124,0,112795526,https://stackoverflow.com/questions/63786398/users-web-path-in-neo4j-cypher#comment112795526_63786398,63786398,6692895.0,1599536197.0,2020-09-08 03:36:37
7125,0,112819326,https://stackoverflow.com/questions/63786398/users-web-path-in-neo4j-cypher#comment112819326_63786398,63786398,6692895.0,1599592372.0,2020-09-08 19:12:52
7126,0,112825361,https://stackoverflow.com/questions/63786398/users-web-path-in-neo4j-cypher#comment112825361_63786398,63786398,13161972.0,1599615558.0,2020-09-09 01:39:18
7127,1,112693386,https://stackoverflow.com/questions/63721385/get-neo4js-internal-unique-id-with-cyper-and-assign-it-to-my-object#comment112693386_63721385,63721385,974731.0,1599153969.0,2020-09-03 17:26:09
7128,0,112696644,https://stackoverflow.com/questions/63714108/neo4j-cypher-query-to-delete-child-and-grandchild-nodes-of-a-a-specific-node#comment112696644_63714108,63714108,12927430.0,1599162266.0,2020-09-03 19:44:26
7129,1,112595883,https://stackoverflow.com/questions/63670902/using-unwind-and-create-to-create-multiple-relationships#comment112595883_63670902,63670902,6692895.0,1598887175.0,2020-08-31 15:19:35
7130,0,112596625,https://stackoverflow.com/questions/63670902/using-unwind-and-create-to-create-multiple-relationships#comment112596625_63670902,63670902,974731.0,1598888839.0,2020-08-31 15:47:19
7131,0,112599094,https://stackoverflow.com/questions/63670902/using-unwind-and-create-to-create-multiple-relationships#comment112599094_63670902,63670902,12429356.0,1598894620.0,2020-08-31 17:23:40
7132,0,112605600,https://stackoverflow.com/questions/63670902/using-unwind-and-create-to-create-multiple-relationships#comment112605600_63670902,63670902,974731.0,1598913780.0,2020-08-31 22:43:00
7133,0,112595832,https://stackoverflow.com/questions/63666375/could-i-use-neo4j-gds-shortest-path-algorithm-with-multiplication-instead-of-add#comment112595832_63666375,63666375,6692895.0,1598887059.0,2020-08-31 15:17:39
7134,0,112596848,https://stackoverflow.com/questions/63663535/neo4j-imports-zero-records-from-csv#comment112596848_63663535,63663535,974731.0,1598889351.0,2020-08-31 15:55:51
7135,0,112618553,https://stackoverflow.com/questions/63663535/neo4j-imports-zero-records-from-csv#comment112618553_63663535,63663535,,1598958015.0,2020-09-01 11:00:15
7136,0,112519099,https://stackoverflow.com/questions/63625790/neo4j-ego-network-query-optimization#comment112519099_63625790,63625790,6692895.0,1598604864.0,2020-08-28 08:54:24
7137,0,112519540,https://stackoverflow.com/questions/63625790/neo4j-ego-network-query-optimization#comment112519540_63625790,63625790,8376759.0,1598605880.0,2020-08-28 09:11:20
7138,0,112503928,https://stackoverflow.com/questions/63617909/cypher-neo4j-for-loop-with-cypher-request#comment112503928_63617909,63617909,974731.0,1598551998.0,2020-08-27 18:13:18
7139,0,112504178,https://stackoverflow.com/questions/63617909/cypher-neo4j-for-loop-with-cypher-request#comment112504178_63617909,63617909,,1598552620.0,2020-08-27 18:23:40
7140,0,112504799,https://stackoverflow.com/questions/63617909/cypher-neo4j-for-loop-with-cypher-request#comment112504799_63617909,63617909,974731.0,1598554114.0,2020-08-27 18:48:34
7141,0,112504940,https://stackoverflow.com/questions/63617909/cypher-neo4j-for-loop-with-cypher-request#comment112504940_63617909,63617909,,1598554445.0,2020-08-27 18:54:05
7142,0,112501889,https://stackoverflow.com/questions/63617786/how-to-exclude-blacklist-relationship-types-from-apoc-path-expandconfig-or-simil#comment112501889_63617786,63617786,974731.0,1598547640.0,2020-08-27 17:00:40
7143,0,112515762,https://stackoverflow.com/questions/63617786/how-to-exclude-blacklist-relationship-types-from-apoc-path-expandconfig-or-simil#comment112515762_63617786,63617786,328725.0,1598596452.0,2020-08-28 06:34:12
7144,0,112301789,https://stackoverflow.com/questions/63505922/neo4j-how-to-avoid-out-of-memory-in-large-but-simple-transaction#comment112301789_63505922,63505922,6692895.0,1597937671.0,2020-08-20 15:34:31
7145,0,112303267,https://stackoverflow.com/questions/63505922/neo4j-how-to-avoid-out-of-memory-in-large-but-simple-transaction#comment112303267_63505922,63505922,1314955.0,1597940573.0,2020-08-20 16:22:53
7146,1,112231693,https://stackoverflow.com/questions/63455736/redisgraph-unwind-batch-of-queries#comment112231693_63455736,63455736,593425.0,1597754070.0,2020-08-18 12:34:30
7148,0,112209448,https://stackoverflow.com/questions/63433433/unwind-statement-in-a-cypher-query#comment112209448_63433433,63433433,974731.0,1597687261.0,2020-08-17 18:01:01
7149,0,112217828,https://stackoverflow.com/questions/63433433/unwind-statement-in-a-cypher-query#comment112217828_63433433,63433433,12544202.0,1597715837.0,2020-08-18 01:57:17
7150,0,112210159,https://stackoverflow.com/questions/63427242/order-the-result-by-the-number-of-relationships#comment112210159_63427242,63427242,974731.0,1597688869.0,2020-08-17 18:27:49
7151,0,112224891,https://stackoverflow.com/questions/63427242/order-the-result-by-the-number-of-relationships#comment112224891_63427242,63427242,12597039.0,1597739500.0,2020-08-18 08:31:40
7152,0,112081635,https://stackoverflow.com/questions/63384365/neo4j-matching-nodes-based-on-relationships#comment112081635_63384365,63384365,974731.0,1597270259.0,2020-08-12 22:10:59
7153,0,112080332,https://stackoverflow.com/questions/63382626/neo4j-ogm-fails-to-clear-null-ed-relationship-on-save#comment112080332_63382626,63382626,14095066.0,1597266218.0,2020-08-12 21:03:38
7154,0,112045645,https://stackoverflow.com/questions/63364291/return-empty-list-for-albums-without-photos#comment112045645_63364291,63364291,6692895.0,1597172256.0,2020-08-11 18:57:36
7155,0,112023269,https://stackoverflow.com/questions/63350770/how-to-loop-over-an-object-in-neo4j-using-cypher#comment112023269_63350770,63350770,974731.0,1597123593.0,2020-08-11 05:26:33
7156,0,112030851,https://stackoverflow.com/questions/63350770/how-to-loop-over-an-object-in-neo4j-using-cypher#comment112030851_63350770,63350770,13993723.0,1597142097.0,2020-08-11 10:34:57
7157,0,112045449,https://stackoverflow.com/questions/63350770/how-to-loop-over-an-object-in-neo4j-using-cypher#comment112045449_63350770,63350770,974731.0,1597171818.0,2020-08-11 18:50:18
7158,0,111913046,https://stackoverflow.com/questions/63288471/neo4j-variable-length-relationship#comment111913046_63288471,63288471,974731.0,1596733821.0,2020-08-06 17:10:21
7159,0,111918879,https://stackoverflow.com/questions/63288471/neo4j-variable-length-relationship#comment111918879_63288471,63288471,11437949.0,1596748394.0,2020-08-06 21:13:14
7160,0,111920647,https://stackoverflow.com/questions/63288471/neo4j-variable-length-relationship#comment111920647_63288471,63288471,974731.0,1596754736.0,2020-08-06 22:58:56
7161,0,111935258,https://stackoverflow.com/questions/63288471/neo4j-variable-length-relationship#comment111935258_63288471,63288471,11437949.0,1596802475.0,2020-08-07 12:14:35
7162,0,111943429,https://stackoverflow.com/questions/63288471/neo4j-variable-length-relationship#comment111943429_63288471,63288471,974731.0,1596819946.0,2020-08-07 17:05:46
7163,0,111911327,https://stackoverflow.com/questions/63281849/neo4j-merge-query-on-a-node-with-indexed-constraint-takes-4-6sec#comment111911327_63281849,63281849,974731.0,1596730206.0,2020-08-06 16:10:06
7164,0,111927498,https://stackoverflow.com/questions/63281849/neo4j-merge-query-on-a-node-with-indexed-constraint-takes-4-6sec#comment111927498_63281849,63281849,14059406.0,1596784518.0,2020-08-07 07:15:18
7165,0,111942690,https://stackoverflow.com/questions/63281849/neo4j-merge-query-on-a-node-with-indexed-constraint-takes-4-6sec#comment111942690_63281849,63281849,974731.0,1596818264.0,2020-08-07 16:37:44
7166,0,111977095,https://stackoverflow.com/questions/63281849/neo4j-merge-query-on-a-node-with-indexed-constraint-takes-4-6sec#comment111977095_63281849,63281849,14059406.0,1596972995.0,2020-08-09 11:36:35
7167,0,112010129,https://stackoverflow.com/questions/63281849/neo4j-merge-query-on-a-node-with-indexed-constraint-takes-4-6sec#comment112010129_63281849,63281849,974731.0,1597078627.0,2020-08-10 16:57:07
7168,0,112031214,https://stackoverflow.com/questions/63281849/neo4j-merge-query-on-a-node-with-indexed-constraint-takes-4-6sec#comment112031214_63281849,63281849,14059406.0,1597142922.0,2020-08-11 10:48:42
7169,0,112075055,https://stackoverflow.com/questions/63281849/neo4j-merge-query-on-a-node-with-indexed-constraint-takes-4-6sec#comment112075055_63281849,63281849,974731.0,1597252945.0,2020-08-12 17:22:25
7170,0,111826099,https://stackoverflow.com/questions/63222598/compute-highest-and-lowest-occurrence-of-relationship-in-one-query-neo4j#comment111826099_63222598,63222598,6554121.0,1596506031.0,2020-08-04 01:53:51
7171,0,111885917,https://stackoverflow.com/questions/63222598/compute-highest-and-lowest-occurrence-of-relationship-in-one-query-neo4j#comment111885917_63222598,63222598,974731.0,1596659484.0,2020-08-05 20:31:24
7172,0,113644048,https://stackoverflow.com/questions/63203270/python-parallel-neo4j-batch-writes#comment113644048_63203270,63203270,10227025.0,1602174937.0,2020-10-08 16:35:37
7173,0,113727080,https://stackoverflow.com/questions/63203270/python-parallel-neo4j-batch-writes#comment113727080_63203270,63203270,7924573.0,1602492451.0,2020-10-12 08:47:31
7174,0,113864734,https://stackoverflow.com/questions/63203270/python-parallel-neo4j-batch-writes#comment113864734_63203270,63203270,10227025.0,1602865188.0,2020-10-16 16:19:48
7175,1,113948461,https://stackoverflow.com/questions/63203270/python-parallel-neo4j-batch-writes#comment113948461_63203270,63203270,7924573.0,1603183400.0,2020-10-20 08:43:20
7176,0,111617929,https://stackoverflow.com/questions/63110400/neo4j-updating-node-for-multiplte-cases#comment111617929_63110400,63110400,974731.0,1595870248.0,2020-07-27 17:17:28
7177,0,111629489,https://stackoverflow.com/questions/63110400/neo4j-updating-node-for-multiplte-cases#comment111629489_63110400,63110400,13713003.0,1595909562.0,2020-07-28 04:12:42
7178,0,111517582,https://stackoverflow.com/questions/63059210/match-by-preferred-relationship-attribute-in-cypher#comment111517582_63059210,63059210,974731.0,1595535869.0,2020-07-23 20:24:29
7179,0,111527971,https://stackoverflow.com/questions/63059210/match-by-preferred-relationship-attribute-in-cypher#comment111527971_63059210,63059210,13983950.0,1595575414.0,2020-07-24 07:23:34
7180,0,111544003,https://stackoverflow.com/questions/63059210/match-by-preferred-relationship-attribute-in-cypher#comment111544003_63059210,63059210,974731.0,1595608548.0,2020-07-24 16:35:48
7181,0,114974665,https://stackoverflow.com/questions/63048662/unable-to-create-fulltext-search-with-eventually-consistent-setting#comment114974665_63048662,63048662,9865225.0,1606466348.0,2020-11-27 08:39:08
7182,0,111414145,https://stackoverflow.com/questions/63003328/get-data-from-neo4j#comment111414145_63003328,63003328,4111404.0,1595277974.0,2020-07-20 20:46:14
7183,0,111414408,https://stackoverflow.com/questions/63003328/get-data-from-neo4j#comment111414408_63003328,63003328,,1595278740.0,2020-07-20 20:59:00
7184,0,111452999,https://stackoverflow.com/questions/63003328/get-data-from-neo4j#comment111452999_63003328,63003328,974731.0,1595384645.0,2020-07-22 02:24:05
7185,0,111453876,https://stackoverflow.com/questions/63003328/get-data-from-neo4j#comment111453876_63003328,63003328,,1595389016.0,2020-07-22 03:36:56
7186,0,111370271,https://stackoverflow.com/questions/62975957/neo4j-apoc-trigger-fires-without-any-reason#comment111370271_62975957,62975957,74057.0,1595152734.0,2020-07-19 09:58:54
7187,0,111378674,https://stackoverflow.com/questions/62975957/neo4j-apoc-trigger-fires-without-any-reason#comment111378674_62975957,62975957,13002083.0,1595180058.0,2020-07-19 17:34:18
7188,0,111226827,https://stackoverflow.com/questions/62891218/apoc-cypher-run-subquery-same-result-for-all-nodes#comment111226827_62891218,62891218,6692895.0,1594736763.0,2020-07-14 14:26:03
7189,0,111228615,https://stackoverflow.com/questions/62891218/apoc-cypher-run-subquery-same-result-for-all-nodes#comment111228615_62891218,62891218,2919673.0,1594739889.0,2020-07-14 15:18:09
7190,0,111286969,https://stackoverflow.com/questions/62891218/apoc-cypher-run-subquery-same-result-for-all-nodes#comment111286969_62891218,62891218,6692895.0,1594890016.0,2020-07-16 09:00:16
7191,2,111159090,https://stackoverflow.com/questions/62857999/how-to-join-2-match-outputs-in-middle-of-cypher-query#comment111159090_62857999,62857999,74057.0,1594548253.0,2020-07-12 10:04:13
7192,0,111172416,https://stackoverflow.com/questions/62857999/how-to-join-2-match-outputs-in-middle-of-cypher-query#comment111172416_62857999,62857999,974731.0,1594594428.0,2020-07-12 22:53:48
7193,0,110914626,https://stackoverflow.com/questions/62718023/neo4j-jpa-doesnt-return-the-relationship-entity#comment110914626_62718023,62718023,4211294.0,1593798395.0,2020-07-03 17:46:35
7194,0,110949214,https://stackoverflow.com/questions/62718023/neo4j-jpa-doesnt-return-the-relationship-entity#comment110949214_62718023,62718023,2169693.0,1593948391.0,2020-07-05 11:26:31
7195,0,111051722,https://stackoverflow.com/questions/62718023/neo4j-jpa-doesnt-return-the-relationship-entity#comment111051722_62718023,62718023,4211294.0,1594220517.0,2020-07-08 15:01:57
7196,0,110824619,https://stackoverflow.com/questions/62660385/node-is-deleted-and-cannot-be-used-to-create-a-relationship#comment110824619_62660385,62660385,974731.0,1593567460.0,2020-07-01 01:37:40
7197,0,110862039,https://stackoverflow.com/questions/62660385/node-is-deleted-and-cannot-be-used-to-create-a-relationship#comment110862039_62660385,62660385,8183325.0,1593669579.0,2020-07-02 05:59:39
7198,0,111003531,https://stackoverflow.com/questions/62660385/node-is-deleted-and-cannot-be-used-to-create-a-relationship#comment111003531_62660385,62660385,8473090.0,1594110324.0,2020-07-07 08:25:24
7199,0,111040639,https://stackoverflow.com/questions/62660385/node-is-deleted-and-cannot-be-used-to-create-a-relationship#comment111040639_62660385,62660385,8183325.0,1594200776.0,2020-07-08 09:32:56
7200,0,110779625,https://stackoverflow.com/questions/62634060/two-match-and-with-queries-return-no-results#comment110779625_62634060,62634060,6692895.0,1593449774.0,2020-06-29 16:56:14
7201,0,110789209,https://stackoverflow.com/questions/62634060/two-match-and-with-queries-return-no-results#comment110789209_62634060,62634060,6554121.0,1593475474.0,2020-06-30 00:04:34
7202,0,110728073,https://stackoverflow.com/questions/62597958/neo4j-compositeindex-using-relationship#comment110728073_62597958,62597958,6692895.0,1593284461.0,2020-06-27 19:01:01
7203,0,110774683,https://stackoverflow.com/questions/62597958/neo4j-compositeindex-using-relationship#comment110774683_62597958,62597958,2327866.0,1593440251.0,2020-06-29 14:17:31
7204,1,110643630,https://stackoverflow.com/questions/62564951/unintended-effects-from-batch-cypher-query#comment110643630_62564951,62564951,10227025.0,1593038454.0,2020-06-24 22:40:54
7205,0,110647360,https://stackoverflow.com/questions/62564951/unintended-effects-from-batch-cypher-query#comment110647360_62564951,62564951,974731.0,1593056671.0,2020-06-25 03:44:31
7206,0,110402971,https://stackoverflow.com/questions/62423186/neo4j-on-graphenedb-how-can-i-improve-cypher-speed-and-what-does-normailzing-mea#comment110402971_62423186,62423186,6077914.0,1592383597.0,2020-06-17 08:46:37
7207,0,110403054,https://stackoverflow.com/questions/62423186/neo4j-on-graphenedb-how-can-i-improve-cypher-speed-and-what-does-normailzing-mea#comment110403054_62423186,62423186,6077914.0,1592383744.0,2020-06-17 08:49:04
7208,0,110403075,https://stackoverflow.com/questions/62423186/neo4j-on-graphenedb-how-can-i-improve-cypher-speed-and-what-does-normailzing-mea#comment110403075_62423186,62423186,6077914.0,1592383785.0,2020-06-17 08:49:45
7209,0,110405092,https://stackoverflow.com/questions/62423186/neo4j-on-graphenedb-how-can-i-improve-cypher-speed-and-what-does-normailzing-mea#comment110405092_62423186,62423186,12564995.0,1592387826.0,2020-06-17 09:57:06
7210,0,110405628,https://stackoverflow.com/questions/62423186/neo4j-on-graphenedb-how-can-i-improve-cypher-speed-and-what-does-normailzing-mea#comment110405628_62423186,62423186,12564995.0,1592389043.0,2020-06-17 10:17:23
7211,1,110275751,https://stackoverflow.com/questions/62349169/using-a-parameter-with-apoc-periodic-commit-giving-outofmemoryerror#comment110275751_62349169,62349169,12205676.0,1591994515.0,2020-06-12 20:41:55
7212,0,110294408,https://stackoverflow.com/questions/62349169/using-a-parameter-with-apoc-periodic-commit-giving-outofmemoryerror#comment110294408_62349169,62349169,12378487.0,1592067627.0,2020-06-13 17:00:27
7213,0,110275913,https://stackoverflow.com/questions/62337140/jredisgraphcompiletimeexception-redis-clients-jedis-exceptions-jedisdataexcepti#comment110275913_62337140,62337140,593425.0,1591994943.0,2020-06-12 20:49:03
7214,0,110360089,https://stackoverflow.com/questions/62337140/jredisgraphcompiletimeexception-redis-clients-jedis-exceptions-jedisdataexcepti#comment110360089_62337140,62337140,4624373.0,1592274384.0,2020-06-16 02:26:24
7215,0,110362079,https://stackoverflow.com/questions/62337140/jredisgraphcompiletimeexception-redis-clients-jedis-exceptions-jedisdataexcepti#comment110362079_62337140,62337140,593425.0,1592283871.0,2020-06-16 05:04:31
7216,0,110161248,https://stackoverflow.com/questions/62285554/get-sequence-of-common-nodes-in-two-neo4j-paths#comment110161248_62285554,62285554,6692895.0,1591721592.0,2020-06-09 16:53:12
7217,0,110165831,https://stackoverflow.com/questions/62285554/get-sequence-of-common-nodes-in-two-neo4j-paths#comment110165831_62285554,62285554,974731.0,1591730168.0,2020-06-09 19:16:08
7218,0,110170441,https://stackoverflow.com/questions/62285554/get-sequence-of-common-nodes-in-two-neo4j-paths#comment110170441_62285554,62285554,2754024.0,1591740559.0,2020-06-09 22:09:19
7219,0,110161356,https://stackoverflow.com/questions/62284055/neo4j-cypher-query-find-path-with-nodes-that-must-be-in-it#comment110161356_62284055,62284055,6692895.0,1591721803.0,2020-06-09 16:56:43
7220,0,110177410,https://stackoverflow.com/questions/62284055/neo4j-cypher-query-find-path-with-nodes-that-must-be-in-it#comment110177410_62284055,62284055,9395258.0,1591768413.0,2020-06-10 05:53:33
7221,1,110008699,https://stackoverflow.com/questions/62200652/neo4j-duplicating-nodes-in-merge-call-in-node-js-code#comment110008699_62200652,62200652,974731.0,1591293347.0,2020-06-04 17:55:47
7222,0,110010433,https://stackoverflow.com/questions/62200652/neo4j-duplicating-nodes-in-merge-call-in-node-js-code#comment110010433_62200652,62200652,11996818.0,1591296790.0,2020-06-04 18:53:10
7223,1,110011829,https://stackoverflow.com/questions/62200652/neo4j-duplicating-nodes-in-merge-call-in-node-js-code#comment110011829_62200652,62200652,974731.0,1591299684.0,2020-06-04 19:41:24
7224,0,110015394,https://stackoverflow.com/questions/62200652/neo4j-duplicating-nodes-in-merge-call-in-node-js-code#comment110015394_62200652,62200652,11996818.0,1591308267.0,2020-06-04 22:04:27
7225,1,110016093,https://stackoverflow.com/questions/62200652/neo4j-duplicating-nodes-in-merge-call-in-node-js-code#comment110016093_62200652,62200652,974731.0,1591310355.0,2020-06-04 22:39:15
7226,0,109988571,https://stackoverflow.com/questions/62184214/is-there-a-way-to-get-neo4j-apoc-connection-strings-to-accept-spaces-or-charac#comment109988571_62184214,62184214,6692895.0,1591258364.0,2020-06-04 08:12:44
7227,0,109999350,https://stackoverflow.com/questions/62184214/is-there-a-way-to-get-neo4j-apoc-connection-strings-to-accept-spaces-or-charac#comment109999350_62184214,62184214,7869381.0,1591277175.0,2020-06-04 13:26:15
7228,0,109810122,https://stackoverflow.com/questions/62083584/constrain-a-property-value-using-cypher-constraints#comment109810122_62083584,62083584,8226114.0,1590759009.0,2020-05-29 13:30:09
7229,0,109817257,https://stackoverflow.com/questions/62083584/constrain-a-property-value-using-cypher-constraints#comment109817257_62083584,62083584,10810545.0,1590771694.0,2020-05-29 17:01:34
7230,0,109814888,https://stackoverflow.com/questions/62073645/how-to-add-ssl-cipher-suites-to-httpwebrequest-vb-net#comment109814888_62073645,62073645,150978.0,1590767159.0,2020-05-29 15:45:59
7231,0,109823114,https://stackoverflow.com/questions/62073645/how-to-add-ssl-cipher-suites-to-httpwebrequest-vb-net#comment109823114_62073645,62073645,5868310.0,1590784820.0,2020-05-29 20:40:20
7232,1,109823637,https://stackoverflow.com/questions/62073645/how-to-add-ssl-cipher-suites-to-httpwebrequest-vb-net#comment109823637_62073645,62073645,150978.0,1590786093.0,2020-05-29 21:01:33
7233,0,109826398,https://stackoverflow.com/questions/62073645/how-to-add-ssl-cipher-suites-to-httpwebrequest-vb-net#comment109826398_62073645,62073645,5868310.0,1590796930.0,2020-05-30 00:02:10
7234,0,109552888,https://stackoverflow.com/questions/61940206/cypher-program-fails-on-non-digit-argv-check#comment109552888_61940206,61940206,11336762.0,1590082976.0,2020-05-21 17:42:56
7235,2,109552989,https://stackoverflow.com/questions/61940206/cypher-program-fails-on-non-digit-argv-check#comment109552989_61940206,61940206,2979617.0,1590083164.0,2020-05-21 17:46:04
7236,0,109553063,https://stackoverflow.com/questions/61940206/cypher-program-fails-on-non-digit-argv-check#comment109553063_61940206,61940206,11336762.0,1590083290.0,2020-05-21 17:48:10
7237,0,109553189,https://stackoverflow.com/questions/61940206/cypher-program-fails-on-non-digit-argv-check#comment109553189_61940206,61940206,13500837.0,1590083567.0,2020-05-21 17:52:47
7238,0,109465451,https://stackoverflow.com/questions/61887664/is-it-possible-to-fine-tune-the-return-statement-to-skip-edges-between-nodes-of#comment109465451_61887664,61887664,8226114.0,1589888035.0,2020-05-19 11:33:55
7239,0,109467985,https://stackoverflow.com/questions/61887664/is-it-possible-to-fine-tune-the-return-statement-to-skip-edges-between-nodes-of#comment109467985_61887664,61887664,328725.0,1589892500.0,2020-05-19 12:48:20
7240,0,109473698,https://stackoverflow.com/questions/61887664/is-it-possible-to-fine-tune-the-return-statement-to-skip-edges-between-nodes-of#comment109473698_61887664,61887664,8226114.0,1589901136.0,2020-05-19 15:12:16
7241,0,109479748,https://stackoverflow.com/questions/61887664/is-it-possible-to-fine-tune-the-return-statement-to-skip-edges-between-nodes-of#comment109479748_61887664,61887664,974731.0,1589911896.0,2020-05-19 18:11:36
7242,0,109503214,https://stackoverflow.com/questions/61887664/is-it-possible-to-fine-tune-the-return-statement-to-skip-edges-between-nodes-of#comment109503214_61887664,61887664,328725.0,1589973247.0,2020-05-20 11:14:07
7243,1,109503376,https://stackoverflow.com/questions/61887664/is-it-possible-to-fine-tune-the-return-statement-to-skip-edges-between-nodes-of#comment109503376_61887664,61887664,4709400.0,1589973586.0,2020-05-20 11:19:46
7244,1,109504994,https://stackoverflow.com/questions/61887664/is-it-possible-to-fine-tune-the-return-statement-to-skip-edges-between-nodes-of#comment109504994_61887664,61887664,8226114.0,1589976344.0,2020-05-20 12:05:44
7245,0,109694768,https://stackoverflow.com/questions/61887664/is-it-possible-to-fine-tune-the-return-statement-to-skip-edges-between-nodes-of#comment109694768_61887664,61887664,328725.0,1590494482.0,2020-05-26 12:01:22
7246,0,109214167,https://stackoverflow.com/questions/61743815/how-do-i-display-and-execute-php-statements-when-using-neo4j-php-client#comment109214167_61743815,61743815,13481353.0,1589258264.0,2020-05-12 04:37:44
7247,0,109214424,https://stackoverflow.com/questions/61743815/how-do-i-display-and-execute-php-statements-when-using-neo4j-php-client#comment109214424_61743815,61743815,1780873.0,1589259264.0,2020-05-12 04:54:24
7248,0,109263631,https://stackoverflow.com/questions/61743815/how-do-i-display-and-execute-php-statements-when-using-neo4j-php-client#comment109263631_61743815,61743815,13481353.0,1589367773.0,2020-05-13 11:02:53
7249,0,109331003,https://stackoverflow.com/questions/61743815/how-do-i-display-and-execute-php-statements-when-using-neo4j-php-client#comment109331003_61743815,61743815,1780873.0,1589514413.0,2020-05-15 03:46:53
7250,0,109143945,https://stackoverflow.com/questions/61647772/how-to-use-entity-to-recive-the-type-of-neo4j-relationship#comment109143945_61647772,61647772,8226114.0,1589058713.0,2020-05-09 21:11:53
7251,0,109173881,https://stackoverflow.com/questions/61647772/how-to-use-entity-to-recive-the-type-of-neo4j-relationship#comment109173881_61647772,61647772,13487001.0,1589157382.0,2020-05-11 00:36:22
7252,0,109174748,https://stackoverflow.com/questions/61647772/how-to-use-entity-to-recive-the-type-of-neo4j-relationship#comment109174748_61647772,61647772,8226114.0,1589161876.0,2020-05-11 01:51:16
7253,0,109458002,https://stackoverflow.com/questions/61615482/neo4j-4-0-define-apoc-custom-procedure#comment109458002_61615482,61615482,3733974.0,1589874053.0,2020-05-19 07:40:53
7254,0,108645245,https://stackoverflow.com/questions/61413985/how-to-use-algorithms-in-neo4j-4-x-x#comment108645245_61413985,61413985,974731.0,1587756613.0,2020-04-24 19:30:13
7255,0,108647841,https://stackoverflow.com/questions/61413985/how-to-use-algorithms-in-neo4j-4-x-x#comment108647841_61413985,61413985,11045534.0,1587762902.0,2020-04-24 21:15:02
7263,0,111779895,https://stackoverflow.com/questions/63211536/cypher-conditional-set#comment111779895_63211536,63211536,6554121.0,1596349931.0,2020-08-02 06:32:11
7264,0,111787026,https://stackoverflow.com/questions/63211536/cypher-conditional-set#comment111787026_63211536,63211536,6942537.0,1596379185.0,2020-08-02 14:39:45
7265,0,111800901,https://stackoverflow.com/questions/63204836/nodejs-neo4j-driver-trying-to-read-and-return-result-set-of-over-4m-records#comment111800901_63204836,63204836,677173.0,1596438712.0,2020-08-03 07:11:52
7266,0,111952578,https://stackoverflow.com/questions/63204836/nodejs-neo4j-driver-trying-to-read-and-return-result-set-of-over-4m-records#comment111952578_63204836,63204836,3025255.0,1596855868.0,2020-08-08 03:04:28
7267,0,111722468,https://stackoverflow.com/questions/63178904/convert-natural-language-to-cypher-queries#comment111722468_63178904,63178904,974731.0,1596136055.0,2020-07-30 19:07:35
7268,0,111709812,https://stackoverflow.com/questions/63164044/how-can-i-import-a-cypher-query-to-my-node-js-logic#comment111709812_63164044,63164044,6554121.0,1596110722.0,2020-07-30 12:05:22
7269,1,111620100,https://stackoverflow.com/questions/63104209/find-a-number-of-photos-inside-a-photo-album#comment111620100_63104209,63104209,974731.0,1595875187.0,2020-07-27 18:39:47
7270,0,111632252,https://stackoverflow.com/questions/63104209/find-a-number-of-photos-inside-a-photo-album#comment111632252_63104209,63104209,1868281.0,1595919410.0,2020-07-28 06:56:50
7271,0,111420266,https://stackoverflow.com/questions/63006493/neo4j-not-require-relationship-for-query#comment111420266_63006493,63006493,6554121.0,1595303908.0,2020-07-21 03:58:28
7272,0,111420283,https://stackoverflow.com/questions/63006493/neo4j-not-require-relationship-for-query#comment111420283_63006493,63006493,6554121.0,1595303996.0,2020-07-21 03:59:56
7273,0,111420242,https://stackoverflow.com/questions/63004532/finding-all-leaf-nodes-in-neo4j-efficiently#comment111420242_63004532,63004532,6554121.0,1595303798.0,2020-07-21 03:56:38
7274,0,111400102,https://stackoverflow.com/questions/62991817/how-to-where-a-param-that-is-an-array#comment111400102_62991817,62991817,1734996.0,1595249375.0,2020-07-20 12:49:35
7275,0,111406541,https://stackoverflow.com/questions/62991817/how-to-where-a-param-that-is-an-array#comment111406541_62991817,62991817,974731.0,1595260772.0,2020-07-20 15:59:32
7276,0,111407524,https://stackoverflow.com/questions/62991817/how-to-where-a-param-that-is-an-array#comment111407524_62991817,62991817,6554121.0,1595262763.0,2020-07-20 16:32:43
7277,0,111407806,https://stackoverflow.com/questions/62991817/how-to-where-a-param-that-is-an-array#comment111407806_62991817,62991817,974731.0,1595263340.0,2020-07-20 16:42:20
7278,0,111408048,https://stackoverflow.com/questions/62991817/how-to-where-a-param-that-is-an-array#comment111408048_62991817,62991817,6554121.0,1595263860.0,2020-07-20 16:51:00
7279,0,111408323,https://stackoverflow.com/questions/62991817/how-to-where-a-param-that-is-an-array#comment111408323_62991817,62991817,974731.0,1595264383.0,2020-07-20 16:59:43
7280,0,111418938,https://stackoverflow.com/questions/62991817/how-to-where-a-param-that-is-an-array#comment111418938_62991817,62991817,6554121.0,1595296859.0,2020-07-21 02:00:59
7281,0,111312894,https://stackoverflow.com/questions/62943204/neo4j-questions-on-syntax-apoc-trigger#comment111312894_62943204,62943204,974731.0,1594949686.0,2020-07-17 01:34:46
7282,0,111314727,https://stackoverflow.com/questions/62943204/neo4j-questions-on-syntax-apoc-trigger#comment111314727_62943204,62943204,13002083.0,1594959648.0,2020-07-17 04:20:48
7283,0,111271104,https://stackoverflow.com/questions/62921178/neo4j-optimizing-query-to-get-all-distinct-tags#comment111271104_62921178,62921178,3404097.0,1594839481.0,2020-07-15 18:58:01
7285,0,111215750,https://stackoverflow.com/questions/62875225/exponential-performance-cost-on-aggregated-function#comment111215750_62875225,62875225,2919673.0,1594717188.0,2020-07-14 08:59:48
7286,0,111173127,https://stackoverflow.com/questions/62867601/how-do-i-qualify-and-name-a-relationship-in-neo4j-apoc#comment111173127_62867601,62867601,974731.0,1594598891.0,2020-07-13 00:08:11
7287,0,111174786,https://stackoverflow.com/questions/62867601/how-do-i-qualify-and-name-a-relationship-in-neo4j-apoc#comment111174786_62867601,62867601,11927998.0,1594609211.0,2020-07-13 03:00:11
7288,0,111193152,https://stackoverflow.com/questions/62867601/how-do-i-qualify-and-name-a-relationship-in-neo4j-apoc#comment111193152_62867601,62867601,974731.0,1594653299.0,2020-07-13 15:14:59
7289,0,111202013,https://stackoverflow.com/questions/62867601/how-do-i-qualify-and-name-a-relationship-in-neo4j-apoc#comment111202013_62867601,62867601,11927998.0,1594672054.0,2020-07-13 20:27:34
7290,0,111205130,https://stackoverflow.com/questions/62867601/how-do-i-qualify-and-name-a-relationship-in-neo4j-apoc#comment111205130_62867601,62867601,974731.0,1594681227.0,2020-07-13 23:00:27
7291,0,111205855,https://stackoverflow.com/questions/62867601/how-do-i-qualify-and-name-a-relationship-in-neo4j-apoc#comment111205855_62867601,62867601,11927998.0,1594684077.0,2020-07-13 23:47:57
7292,0,111207952,https://stackoverflow.com/questions/62867601/how-do-i-qualify-and-name-a-relationship-in-neo4j-apoc#comment111207952_62867601,62867601,974731.0,1594694335.0,2020-07-14 02:38:55
7293,0,111223140,https://stackoverflow.com/questions/62867601/how-do-i-qualify-and-name-a-relationship-in-neo4j-apoc#comment111223140_62867601,62867601,11927998.0,1594730873.0,2020-07-14 12:47:53
7294,0,111230851,https://stackoverflow.com/questions/62867601/how-do-i-qualify-and-name-a-relationship-in-neo4j-apoc#comment111230851_62867601,62867601,974731.0,1594743961.0,2020-07-14 16:26:01
7295,0,111232473,https://stackoverflow.com/questions/62867601/how-do-i-qualify-and-name-a-relationship-in-neo4j-apoc#comment111232473_62867601,62867601,11927998.0,1594747047.0,2020-07-14 17:17:27
7296,0,111134973,https://stackoverflow.com/questions/62844486/how-to-show-relationships-in-an-optional-manner-in-neo4j#comment111134973_62844486,62844486,1734996.0,1594445436.0,2020-07-11 05:30:36
7297,0,111135761,https://stackoverflow.com/questions/62844486/how-to-show-relationships-in-an-optional-manner-in-neo4j#comment111135761_62844486,62844486,8897809.0,1594449851.0,2020-07-11 06:44:11
7298,1,111060570,https://stackoverflow.com/questions/62802772/cypher-query-creating-new-nodes-instead-of-building-relationship-with-existing-n#comment111060570_62802772,62802772,974731.0,1594239219.0,2020-07-08 20:13:39
7299,0,111060826,https://stackoverflow.com/questions/62802772/cypher-query-creating-new-nodes-instead-of-building-relationship-with-existing-n#comment111060826_62802772,62802772,4530173.0,1594239922.0,2020-07-08 20:25:22
7300,0,111025314,https://stackoverflow.com/questions/62773318/store-a-collection-as-a-node-in-neo4j#comment111025314_62773318,62773318,974731.0,1594152457.0,2020-07-07 20:07:37
7301,0,111040697,https://stackoverflow.com/questions/62773318/store-a-collection-as-a-node-in-neo4j#comment111040697_62773318,62773318,13105607.0,1594200893.0,2020-07-08 09:34:53
7302,0,111055889,https://stackoverflow.com/questions/62773318/store-a-collection-as-a-node-in-neo4j#comment111055889_62773318,62773318,974731.0,1594229177.0,2020-07-08 17:26:17
7303,0,111068514,https://stackoverflow.com/questions/62773318/store-a-collection-as-a-node-in-neo4j#comment111068514_62773318,62773318,13105607.0,1594270866.0,2020-07-09 05:01:06
7304,0,111086078,https://stackoverflow.com/questions/62773318/store-a-collection-as-a-node-in-neo4j#comment111086078_62773318,62773318,13105607.0,1594306802.0,2020-07-09 15:00:02
7305,0,110830525,https://stackoverflow.com/questions/62671936/javascript-neo4j-driver-how-to-convert-datetime-into-string#comment110830525_62671936,62671936,11299053.0,1593589328.0,2020-07-01 07:42:08
7306,0,110830568,https://stackoverflow.com/questions/62671936/javascript-neo4j-driver-how-to-convert-datetime-into-string#comment110830568_62671936,62671936,6554121.0,1593589429.0,2020-07-01 07:43:49
7308,0,110824704,https://stackoverflow.com/questions/62654086/improve-neo4j-cypher-query-performance#comment110824704_62654086,62654086,974731.0,1593567941.0,2020-07-01 01:45:41
7309,0,110828836,https://stackoverflow.com/questions/62654086/improve-neo4j-cypher-query-performance#comment110828836_62654086,62654086,8172217.0,1593585453.0,2020-07-01 06:37:33
7310,0,110858998,https://stackoverflow.com/questions/62654086/improve-neo4j-cypher-query-performance#comment110858998_62654086,62654086,92359.0,1593656908.0,2020-07-02 02:28:28
7311,0,110795125,https://stackoverflow.com/questions/62651472/cannot-aggregate-total-with-a-call-with-union#comment110795125_62651472,62651472,728812.0,1593500303.0,2020-06-30 06:58:23
7312,0,110795143,https://stackoverflow.com/questions/62651472/cannot-aggregate-total-with-a-call-with-union#comment110795143_62651472,62651472,728812.0,1593500339.0,2020-06-30 06:58:59
7313,0,110796924,https://stackoverflow.com/questions/62651472/cannot-aggregate-total-with-a-call-with-union#comment110796924_62651472,62651472,6554121.0,1593504032.0,2020-06-30 08:00:32
7314,0,110778097,https://stackoverflow.com/questions/62639979/cypher-aggregation-with-optional-match#comment110778097_62639979,62639979,1734996.0,1593446316.0,2020-06-29 15:58:36
7315,0,110787109,https://stackoverflow.com/questions/62639979/cypher-aggregation-with-optional-match#comment110787109_62639979,62639979,6692895.0,1593467204.0,2020-06-29 21:46:44
7316,0,110794979,https://stackoverflow.com/questions/62639979/cypher-aggregation-with-optional-match#comment110794979_62639979,62639979,8410275.0,1593499907.0,2020-06-30 06:51:47
7317,1,110770260,https://stackoverflow.com/questions/62624836/prevent-i-to-change-to-1i-in-a-query-string-of-preparedstatement-using-ne#comment110770260_62624836,62624836,466862.0,1593432311.0,2020-06-29 12:05:11
7318,0,110787021,https://stackoverflow.com/questions/62624836/prevent-i-to-change-to-1i-in-a-query-string-of-preparedstatement-using-ne#comment110787021_62624836,62624836,9825326.0,1593466940.0,2020-06-29 21:42:20
7319,1,110641881,https://stackoverflow.com/questions/62562417/aes-128-cbc-cipher-in-java#comment110641881_62562417,62562417,238704.0,1593032918.0,2020-06-24 21:08:38
7320,1,110473767,https://stackoverflow.com/questions/62465857/with-keyword-changes-the-results#comment110473767_62465857,62465857,6077914.0,1592557106.0,2020-06-19 08:58:26
7321,0,110473831,https://stackoverflow.com/questions/62465857/with-keyword-changes-the-results#comment110473831_62465857,62465857,6077914.0,1592557250.0,2020-06-19 09:00:50
7322,0,110474719,https://stackoverflow.com/questions/62465857/with-keyword-changes-the-results#comment110474719_62465857,62465857,3209523.0,1592559285.0,2020-06-19 09:34:45
7323,1,110427148,https://stackoverflow.com/questions/62438852/my-match-merge-process-is-not-creating-relationships-in-the-neo4j-database#comment110427148_62438852,62438852,974731.0,1592431328.0,2020-06-17 22:02:08
7324,1,110427225,https://stackoverflow.com/questions/62438852/my-match-merge-process-is-not-creating-relationships-in-the-neo4j-database#comment110427225_62438852,62438852,974731.0,1592431558.0,2020-06-17 22:05:58
7325,0,110427360,https://stackoverflow.com/questions/62438852/my-match-merge-process-is-not-creating-relationships-in-the-neo4j-database#comment110427360_62438852,62438852,522477.0,1592431978.0,2020-06-17 22:12:58
7326,1,110427751,https://stackoverflow.com/questions/62438852/my-match-merge-process-is-not-creating-relationships-in-the-neo4j-database#comment110427751_62438852,62438852,974731.0,1592433082.0,2020-06-17 22:31:22
7327,0,110428243,https://stackoverflow.com/questions/62438852/my-match-merge-process-is-not-creating-relationships-in-the-neo4j-database#comment110428243_62438852,62438852,522477.0,1592434721.0,2020-06-17 22:58:41
7328,1,110428421,https://stackoverflow.com/questions/62438852/my-match-merge-process-is-not-creating-relationships-in-the-neo4j-database#comment110428421_62438852,62438852,974731.0,1592435311.0,2020-06-17 23:08:31
7329,0,110429001,https://stackoverflow.com/questions/62438852/my-match-merge-process-is-not-creating-relationships-in-the-neo4j-database#comment110429001_62438852,62438852,522477.0,1592437453.0,2020-06-17 23:44:13
7330,0,110446902,https://stackoverflow.com/questions/62433047/variable-in-neo4j-query#comment110446902_62433047,62433047,6554121.0,1592485974.0,2020-06-18 13:12:54
7331,0,110397781,https://stackoverflow.com/questions/62421750/swapping-elements-in-a-list-based-on-their-match-in-a-dictionary#comment110397781_62421750,62421750,7182350.0,1592370035.0,2020-06-17 05:00:35
7332,0,110397803,https://stackoverflow.com/questions/62421750/swapping-elements-in-a-list-based-on-their-match-in-a-dictionary#comment110397803_62421750,62421750,1491895.0,1592370105.0,2020-06-17 05:01:45
7333,0,110397808,https://stackoverflow.com/questions/62421750/swapping-elements-in-a-list-based-on-their-match-in-a-dictionary#comment110397808_62421750,62421750,4555317.0,1592370121.0,2020-06-17 05:02:01
7334,0,110397823,https://stackoverflow.com/questions/62421750/swapping-elements-in-a-list-based-on-their-match-in-a-dictionary#comment110397823_62421750,62421750,1491895.0,1592370171.0,2020-06-17 05:02:51
7335,1,110397834,https://stackoverflow.com/questions/62421750/swapping-elements-in-a-list-based-on-their-match-in-a-dictionary#comment110397834_62421750,62421750,1491895.0,1592370215.0,2020-06-17 05:03:35
7337,0,110381854,https://stackoverflow.com/questions/62412504/cypher-indexing-returninvalid-input-i-expected-whitespace-comment-on#comment110381854_62412504,62412504,112968.0,1592323159.0,2020-06-16 15:59:19
7338,0,110387679,https://stackoverflow.com/questions/62412504/cypher-indexing-returninvalid-input-i-expected-whitespace-comment-on#comment110387679_62412504,62412504,12564995.0,1592334569.0,2020-06-16 19:09:29
7339,0,110402095,https://stackoverflow.com/questions/62411140/issue-in-cypher-query-with-exclusion#comment110402095_62411140,62411140,10888881.0,1592381718.0,2020-06-17 08:15:18
7340,0,110347914,https://stackoverflow.com/questions/62389717/optimise-neo4j-query#comment110347914_62389717,62389717,974731.0,1592239200.0,2020-06-15 16:40:00
7341,0,110376706,https://stackoverflow.com/questions/62389717/optimise-neo4j-query#comment110376706_62389717,62389717,8172217.0,1592314454.0,2020-06-16 13:34:14
7342,0,110383504,https://stackoverflow.com/questions/62389717/optimise-neo4j-query#comment110383504_62389717,62389717,974731.0,1592326141.0,2020-06-16 16:49:01
7343,0,110349927,https://stackoverflow.com/questions/62378907/group-by-function-in-neo4j#comment110349927_62378907,62378907,974731.0,1592243591.0,2020-06-15 17:53:11
7344,0,110302272,https://stackoverflow.com/questions/62364566/neo4j-set-new-property-on-relationship-by-relationship-id#comment110302272_62364566,62364566,6077914.0,1592100002.0,2020-06-14 02:00:02
7345,0,110311969,https://stackoverflow.com/questions/62364566/neo4j-set-new-property-on-relationship-by-relationship-id#comment110311969_62364566,62364566,12698951.0,1592141258.0,2020-06-14 13:27:38
7346,0,110351862,https://stackoverflow.com/questions/62364566/neo4j-set-new-property-on-relationship-by-relationship-id#comment110351862_62364566,62364566,974731.0,1592247651.0,2020-06-15 19:00:51
7347,1,110207137,https://stackoverflow.com/questions/62307668/neo4j-alternative-filter-using-list-general-approach#comment110207137_62307668,62307668,974731.0,1591823733.0,2020-06-10 21:15:33
7348,0,110203748,https://stackoverflow.com/questions/62302669/cypher-nested-foreach-build-a-real-number-tree-problem-is-making-deeper-loop#comment110203748_62302669,62302669,974731.0,1591816115.0,2020-06-10 19:08:35
7349,0,110207487,https://stackoverflow.com/questions/62302669/cypher-nested-foreach-build-a-real-number-tree-problem-is-making-deeper-loop#comment110207487_62302669,62302669,6597886.0,1591824734.0,2020-06-10 21:32:14
7350,0,110172906,https://stackoverflow.com/questions/62293925/how-do-i-remove-objects-containing-null-from-a-collect-clause-in-a-cypher-quer#comment110172906_62293925,62293925,974731.0,1591749207.0,2020-06-10 00:33:27
7351,0,110172951,https://stackoverflow.com/questions/62293925/how-do-i-remove-objects-containing-null-from-a-collect-clause-in-a-cypher-quer#comment110172951_62293925,62293925,974731.0,1591749463.0,2020-06-10 00:37:43
7352,0,110173004,https://stackoverflow.com/questions/62293925/how-do-i-remove-objects-containing-null-from-a-collect-clause-in-a-cypher-quer#comment110173004_62293925,62293925,9946978.0,1591749708.0,2020-06-10 00:41:48
7353,0,110173332,https://stackoverflow.com/questions/62293925/how-do-i-remove-objects-containing-null-from-a-collect-clause-in-a-cypher-quer#comment110173332_62293925,62293925,974731.0,1591751187.0,2020-06-10 01:06:27
7354,0,110173502,https://stackoverflow.com/questions/62293925/how-do-i-remove-objects-containing-null-from-a-collect-clause-in-a-cypher-quer#comment110173502_62293925,62293925,9946978.0,1591752153.0,2020-06-10 01:22:33
7355,0,110165075,https://stackoverflow.com/questions/62286509/neo4j-matching-nodes-in-foreach#comment110165075_62286509,62286509,974731.0,1591728660.0,2020-06-09 18:51:00
7356,0,110166162,https://stackoverflow.com/questions/62279219/filter-all-nodes-in-returned-path-for-criteria#comment110166162_62279219,62279219,974731.0,1591730873.0,2020-06-09 19:27:53
7357,0,110166618,https://stackoverflow.com/questions/62279219/filter-all-nodes-in-returned-path-for-criteria#comment110166618_62279219,62279219,919434.0,1591731805.0,2020-06-09 19:43:25
7358,0,110170868,https://stackoverflow.com/questions/62279219/filter-all-nodes-in-returned-path-for-criteria#comment110170868_62279219,62279219,974731.0,1591741752.0,2020-06-09 22:29:12
7359,0,110171092,https://stackoverflow.com/questions/62279219/filter-all-nodes-in-returned-path-for-criteria#comment110171092_62279219,62279219,919434.0,1591742411.0,2020-06-09 22:40:11
7360,1,110132386,https://stackoverflow.com/questions/62265484/cypher-input-to-subquery-without-fabric#comment110132386_62265484,62265484,6692895.0,1591651905.0,2020-06-08 21:31:45
7361,1,110137467,https://stackoverflow.com/questions/62265484/cypher-input-to-subquery-without-fabric#comment110137467_62265484,62265484,92359.0,1591673206.0,2020-06-09 03:26:46
7362,0,110192891,https://stackoverflow.com/questions/62265484/cypher-input-to-subquery-without-fabric#comment110192891_62265484,62265484,1860314.0,1591797040.0,2020-06-10 13:50:40
7363,0,110861350,https://stackoverflow.com/questions/62265484/cypher-input-to-subquery-without-fabric#comment110861350_62265484,62265484,92359.0,1593667098.0,2020-07-02 05:18:18
7364,3,110112073,https://stackoverflow.com/questions/62258528/redis-requests-done-in-1-to-3-ms-taking-300ms#comment110112073_62258528,62258528,2749865.0,1591612413.0,2020-06-08 10:33:33
7365,0,110157221,https://stackoverflow.com/questions/62258528/redis-requests-done-in-1-to-3-ms-taking-300ms#comment110157221_62258528,62258528,2836621.0,1591714540.0,2020-06-09 14:55:40
7368,0,110044239,https://stackoverflow.com/questions/62220884/neo4j-find-parent-node-is-relationship-exists#comment110044239_62220884,62220884,974731.0,1591379352.0,2020-06-05 17:49:12
7369,0,110045355,https://stackoverflow.com/questions/62220884/neo4j-find-parent-node-is-relationship-exists#comment110045355_62220884,62220884,974731.0,1591381815.0,2020-06-05 18:30:15
7370,0,110053125,https://stackoverflow.com/questions/62220884/neo4j-find-parent-node-is-relationship-exists#comment110053125_62220884,62220884,10465583.0,1591408314.0,2020-06-06 01:51:54
7371,0,109999592,https://stackoverflow.com/questions/62186539/java-client-cypher-query-with-redisgraph-redis-clients-jedis-exceptions-jedisdat#comment109999592_62186539,62186539,593425.0,1591277511.0,2020-06-04 13:31:51
7372,0,110179603,https://stackoverflow.com/questions/62186539/java-client-cypher-query-with-redisgraph-redis-clients-jedis-exceptions-jedisdat#comment110179603_62186539,62186539,4624373.0,1591773340.0,2020-06-10 07:15:40
7373,0,109989581,https://stackoverflow.com/questions/62183419/efficient-way-to-import-multiple-csvs-in-neo4j#comment109989581_62183419,62183419,4414246.0,1591260208.0,2020-06-04 08:43:28
7374,0,109995106,https://stackoverflow.com/questions/62183419/efficient-way-to-import-multiple-csvs-in-neo4j#comment109995106_62183419,62183419,13584616.0,1591270304.0,2020-06-04 11:31:44
7375,0,110002740,https://stackoverflow.com/questions/62183419/efficient-way-to-import-multiple-csvs-in-neo4j#comment110002740_62183419,62183419,4414246.0,1591282681.0,2020-06-04 14:58:01
7376,0,109902376,https://stackoverflow.com/questions/62131947/neo4j-look-for-users-by-radius#comment109902376_62131947,62131947,974731.0,1591043684.0,2020-06-01 20:34:44
7377,0,109932415,https://stackoverflow.com/questions/62131947/neo4j-look-for-users-by-radius#comment109932415_62131947,62131947,2217746.0,1591118621.0,2020-06-02 17:23:41
7378,0,109758609,https://stackoverflow.com/questions/62055750/neo4j-creating-relationships-for-referential-integrity#comment109758609_62055750,62055750,378986.0,1590646062.0,2020-05-28 06:07:42
7379,0,109760308,https://stackoverflow.com/questions/62055750/neo4j-creating-relationships-for-referential-integrity#comment109760308_62055750,62055750,8897809.0,1590650126.0,2020-05-28 07:15:26
7380,0,109744027,https://stackoverflow.com/questions/62049403/neo4j-query-concerning-two-elements#comment109744027_62049403,62049403,272109.0,1590601510.0,2020-05-27 17:45:10
7381,0,109750742,https://stackoverflow.com/questions/62045004/match-nodes-where-all-relations-satisfy-constraints#comment109750742_62045004,62045004,974731.0,1590615192.0,2020-05-27 21:33:12
7382,0,109755006,https://stackoverflow.com/questions/62045004/match-nodes-where-all-relations-satisfy-constraints#comment109755006_62045004,62045004,3716606.0,1590631735.0,2020-05-28 02:08:55
7383,0,109760541,https://stackoverflow.com/questions/62045004/match-nodes-where-all-relations-satisfy-constraints#comment109760541_62045004,62045004,974731.0,1590650591.0,2020-05-28 07:23:11
7384,0,109784857,https://stackoverflow.com/questions/62045004/match-nodes-where-all-relations-satisfy-constraints#comment109784857_62045004,62045004,3716606.0,1590693413.0,2020-05-28 19:16:53
7385,0,109787716,https://stackoverflow.com/questions/62045004/match-nodes-where-all-relations-satisfy-constraints#comment109787716_62045004,62045004,974731.0,1590699191.0,2020-05-28 20:53:11
7386,1,109505130,https://stackoverflow.com/questions/61911548/neo4j-path-query-with-nodes#comment109505130_61911548,61911548,8226114.0,1589976651.0,2020-05-20 12:10:51
7387,0,109512081,https://stackoverflow.com/questions/61911548/neo4j-path-query-with-nodes#comment109512081_61911548,61911548,3470294.0,1589987858.0,2020-05-20 15:17:38
7388,0,109497321,https://stackoverflow.com/questions/61905685/neo4j-cypher-limit-makes-query-run-faster-although-less-results-are-returned#comment109497321_61905685,61905685,728812.0,1589962221.0,2020-05-20 08:10:21
7389,0,109497440,https://stackoverflow.com/questions/61905685/neo4j-cypher-limit-makes-query-run-faster-although-less-results-are-returned#comment109497440_61905685,61905685,728812.0,1589962425.0,2020-05-20 08:13:45
7390,0,109497975,https://stackoverflow.com/questions/61905685/neo4j-cypher-limit-makes-query-run-faster-although-less-results-are-returned#comment109497975_61905685,61905685,5763896.0,1589963419.0,2020-05-20 08:30:19
7391,0,109533986,https://stackoverflow.com/questions/61905685/neo4j-cypher-limit-makes-query-run-faster-although-less-results-are-returned#comment109533986_61905685,61905685,728812.0,1590047779.0,2020-05-21 07:56:19
7392,1,109492065,https://stackoverflow.com/questions/61904929/spring-data-neo4j-invalid-syntax-in-cypher-how-to-replace-with#comment109492065_61904929,61904929,974731.0,1589949224.0,2020-05-20 04:33:44
7393,0,109492284,https://stackoverflow.com/questions/61904929/spring-data-neo4j-invalid-syntax-in-cypher-how-to-replace-with#comment109492284_61904929,61904929,13579247.0,1589949880.0,2020-05-20 04:44:40
7394,0,109634876,https://stackoverflow.com/questions/61904929/spring-data-neo4j-invalid-syntax-in-cypher-how-to-replace-with#comment109634876_61904929,61904929,2572685.0,1590332151.0,2020-05-24 14:55:51
7395,0,109378334,https://stackoverflow.com/questions/61838884/neo4j-get-all-nodes-which-related-to-list-of-nodes#comment109378334_61838884,61838884,378986.0,1589645676.0,2020-05-16 16:14:36
7396,0,109378906,https://stackoverflow.com/questions/61838884/neo4j-get-all-nodes-which-related-to-list-of-nodes#comment109378906_61838884,61838884,13555715.0,1589647312.0,2020-05-16 16:41:52
7397,0,109379080,https://stackoverflow.com/questions/61838884/neo4j-get-all-nodes-which-related-to-list-of-nodes#comment109379080_61838884,61838884,13555715.0,1589647751.0,2020-05-16 16:49:11
7398,0,109379367,https://stackoverflow.com/questions/61838884/neo4j-get-all-nodes-which-related-to-list-of-nodes#comment109379367_61838884,61838884,378986.0,1589648402.0,2020-05-16 17:00:02
7399,0,109321841,https://stackoverflow.com/questions/61805603/how-to-improve-performance-of-load-csv-in-neo4j#comment109321841_61805603,61805603,974731.0,1589485612.0,2020-05-14 19:46:52
7400,0,109322312,https://stackoverflow.com/questions/61805603/how-to-improve-performance-of-load-csv-in-neo4j#comment109322312_61805603,61805603,8172217.0,1589486556.0,2020-05-14 20:02:36
7401,0,109322357,https://stackoverflow.com/questions/61805603/how-to-improve-performance-of-load-csv-in-neo4j#comment109322357_61805603,61805603,974731.0,1589486639.0,2020-05-14 20:03:59
7402,0,109322594,https://stackoverflow.com/questions/61805603/how-to-improve-performance-of-load-csv-in-neo4j#comment109322594_61805603,61805603,8172217.0,1589487059.0,2020-05-14 20:10:59
7403,0,109322799,https://stackoverflow.com/questions/61805603/how-to-improve-performance-of-load-csv-in-neo4j#comment109322799_61805603,61805603,8172217.0,1589487430.0,2020-05-14 20:17:10
7404,0,109429842,https://stackoverflow.com/questions/61805603/how-to-improve-performance-of-load-csv-in-neo4j#comment109429842_61805603,61805603,8172217.0,1589805251.0,2020-05-18 12:34:11
7405,0,109319749,https://stackoverflow.com/questions/61804397/neo4j-cypher-unable-to-define-relationships-with-duplicate-records#comment109319749_61804397,61804397,974731.0,1589481615.0,2020-05-14 18:40:15
7406,0,109352547,https://stackoverflow.com/questions/61804397/neo4j-cypher-unable-to-define-relationships-with-duplicate-records#comment109352547_61804397,61804397,4492624.0,1589560762.0,2020-05-15 16:39:22
7407,0,109354422,https://stackoverflow.com/questions/61804397/neo4j-cypher-unable-to-define-relationships-with-duplicate-records#comment109354422_61804397,61804397,4492624.0,1589564496.0,2020-05-15 17:41:36
7408,0,109305037,https://stackoverflow.com/questions/61796464/multiple-match-statements-in-neo4j-in-a-single-query-which-are-related-to-each-o#comment109305037_61796464,61796464,378986.0,1589456787.0,2020-05-14 11:46:27
7409,0,109296795,https://stackoverflow.com/questions/61790623/scope-of-variable-in-neo4j-cypher-after-loading-csv-file-alternate-code-for#comment109296795_61790623,61790623,13093310.0,1589441791.0,2020-05-14 07:36:31
7411,0,109202987,https://stackoverflow.com/questions/61735904/how-to-write-a-more-efficient-import-query-in-neo4j-using-apoc#comment109202987_61735904,61735904,6077914.0,1589223333.0,2020-05-11 18:55:33
7412,0,109207303,https://stackoverflow.com/questions/61735904/how-to-write-a-more-efficient-import-query-in-neo4j-using-apoc#comment109207303_61735904,61735904,974731.0,1589232353.0,2020-05-11 21:25:53
7413,0,109218213,https://stackoverflow.com/questions/61735904/how-to-write-a-more-efficient-import-query-in-neo4j-using-apoc#comment109218213_61735904,61735904,11465348.0,1589269297.0,2020-05-12 07:41:37
7414,0,109218304,https://stackoverflow.com/questions/61735904/how-to-write-a-more-efficient-import-query-in-neo4j-using-apoc#comment109218304_61735904,61735904,11465348.0,1589269462.0,2020-05-12 07:44:22
7415,0,109239608,https://stackoverflow.com/questions/61735904/how-to-write-a-more-efficient-import-query-in-neo4j-using-apoc#comment109239608_61735904,61735904,974731.0,1589306078.0,2020-05-12 17:54:38
7416,0,109167204,https://stackoverflow.com/questions/61707827/storing-multiple-independent-trees-in-neo4j#comment109167204_61707827,61707827,974731.0,1589135383.0,2020-05-10 18:29:43
7417,1,109092007,https://stackoverflow.com/questions/61673749/in-what-unit-does-the-distance-function-return-i-e-meters-feet-inches-kms-mi#comment109092007_61673749,61673749,677173.0,1588923422.0,2020-05-08 07:37:02
7418,0,109077854,https://stackoverflow.com/questions/61663702/neo4j-finding-all-the-connections-very-slow#comment109077854_61663702,61663702,378986.0,1588878132.0,2020-05-07 19:02:12
7419,2,109028261,https://stackoverflow.com/questions/61636782/neo4j-cypher-commands-for-parent-child-relationship#comment109028261_61636782,61636782,378986.0,1588773794.0,2020-05-06 14:03:14
7420,0,108962950,https://stackoverflow.com/questions/61598474/cypher-to-lookup-and-order-by-multiple-values#comment108962950_61598474,61598474,8226114.0,1588618397.0,2020-05-04 18:53:17
7421,2,108912869,https://stackoverflow.com/questions/61570782/adding-a-relationship-in-cypher-if-no-existing-relation-regardless-the-relations#comment108912869_61570782,61570782,378986.0,1588492664.0,2020-05-03 07:57:44
7422,0,108840193,https://stackoverflow.com/questions/61524271/import-csv-into-neo4j-where-multiple-columns-have-empty-cells#comment108840193_61524271,61524271,974731.0,1588267273.0,2020-04-30 17:21:13
7423,0,108840273,https://stackoverflow.com/questions/61524271/import-csv-into-neo4j-where-multiple-columns-have-empty-cells#comment108840273_61524271,61524271,9607199.0,1588267425.0,2020-04-30 17:23:45
7424,0,108711906,https://stackoverflow.com/questions/61438851/neo4j-neo4jclient-deserialize-from-cypher-results#comment108711906_61438851,61438851,2266.0,1587978729.0,2020-04-27 09:12:09
7425,0,108733915,https://stackoverflow.com/questions/61438851/neo4j-neo4jclient-deserialize-from-cypher-results#comment108733915_61438851,61438851,3570684.0,1588018502.0,2020-04-27 20:15:02
7426,0,108752076,https://stackoverflow.com/questions/61438851/neo4j-neo4jclient-deserialize-from-cypher-results#comment108752076_61438851,61438851,2266.0,1588070156.0,2020-04-28 10:35:56
7427,0,108645837,https://stackoverflow.com/questions/61413144/why-this-neo4j-cypher-query-fails-to-rewrite#comment108645837_61413144,61413144,974731.0,1587757931.0,2020-04-24 19:52:11
