Cn code,Sequence num,Amount,Measure description,Unit amount,Type of unit,Source code,Date added,Last modified
1001,1,1,"pat (1"" sq, 1/3"" high)",5,g,1,1998-01-15,2013-12-26
1001,2,1,TBSP,14.2,g,1,1994-01-31,2006-11-30
1001,3,1,cup,227,g,1,2002-09-06,2013-12-26
1001,4,1,stick,113,g,1,2002-09-06,2006-11-30
1002,1,1,"pat (1"" sq, 1/3"" high)",3.8,g,1,1997-08-29,2013-12-26
1002,2,1,TBSP,9.4,g,1,1998-01-15,2006-11-30
1002,3,1,cup,151,g,1,1995-06-19,2013-12-26
1002,4,1,stick,76,g,1,2002-09-06,2006-11-30
1003,1,1,tbsp,12.8,g,1,2013-12-23,2013-12-23
1003,2,1,cup,205,g,1,2013-12-23,2013-12-23
1004,1,1,oz,28.35,g,1,1994-11-02,2006-11-30
1004,2,1,cubic inch,17,g,1,1997-08-29,2006-11-30
1004,3,1,"cup, crumbled, not packed",135,g,1,2002-09-06,2006-11-30
1005,1,1,"cup, diced",132,g,1,2013-12-23,2013-12-23
1005,2,1,"cup, shredded",113,g,1,2013-12-23,2013-12-23
1005,3,1,oz,28.35,g,1,2013-12-23,2013-12-23
1005,4,1,cubic inch,17,g,1,2013-12-23,2013-12-23
1005,5,1,slice (1 oz),28,g,1,2013-12-23,2013-12-23
1006,1,1,oz,28.35,g,1,2013-12-23,2013-12-23
1006,2,1,"cup, sliced",144,g,1,2013-12-23,2013-12-23
1006,3,1,"cup, melted",240,g,1,2013-12-23,2013-12-23
1006,4,1,cubic inch,17,g,1,2013-12-23,2013-12-23
1006,5,1,package (4.5 oz),128,g,1,2013-12-23,2013-12-23
1007,1,1,oz,28.35,g,1,2013-12-23,2013-12-23
1007,2,1,cup,246,g,1,2013-12-23,2013-12-23
1007,3,1,cubic inch,17,g,1,2013-12-23,2013-12-23
1007,4,1,wedge (1.33 oz),38,g,1,2013-12-23,2013-12-23
1008,1,1,oz,28.35,g,1,2013-12-23,2013-12-23
1009,1,1,"cup, diced",132,g,1,1994-09-29,2006-11-30
1009,2,1,"cup, melted",244,g,1,1999-03-22,2006-11-30
1009,3,1,"cup, shredded",113,g,1,2002-09-06,2006-11-30
1009,4,1,oz,28.35,g,1,2002-09-06,2006-11-30
1009,5,1,cubic inch,17,g,1,2002-09-06,2006-11-30
1009,6,1,slice (1 oz),28,g,1,2002-09-06,2006-11-30
1010,1,1,oz,28.35,g,1,2013-12-23,2013-12-23
1011,1,1,"cup, diced",132,g,1,1994-11-02,2006-11-30
1011,2,1,"cup, shredded",113,g,1,1997-08-29,2006-11-30
1011,3,1,oz,28.35,g,1,2002-09-06,2006-11-30
1011,4,1,cubic inch,17,g,1,2002-09-06,2006-11-30
1011,5,1,slice (1 oz),28,g,1,2004-07-15,2006-11-30
1012,1,4,oz,113,g,1,1997-08-29,2006-11-30
1012,2,1,"cup, large curd (not packed)",210,g,1,1994-09-29,2006-11-30
1012,3,1,"cup, small curd (not packed)",225,g,1,2002-09-06,2006-11-30
1013,1,4,oz,113,g,1,2013-12-23,2013-12-23
1013,2,1,cup (not packed),226,g,1,2013-12-23,2013-12-23
1014,1,1,cup (not packed),145,g,1,1998-01-15,2006-11-30
1014,2,4,oz,113,g,1,1997-08-29,2006-11-30
1015,1,4,oz,113,g,1,1999-03-22,2013-12-26
1015,2,1,cup (not packed),226,g,1,1994-01-31,2013-12-26
1016,1,4,oz,113,g,1,1994-09-29,2013-12-26
1016,2,1,cup (not packed),226,g,1,1999-03-22,2013-12-26
1017,1,1,tbsp,14.5,g,1,1999-03-22,2013-12-26
1017,2,1,cup,232,g,1,1995-06-19,2013-12-26
1017,3,1,"tbsp, whipped",10,g,1,2002-09-06,2006-11-30
1017,4,1,oz,28.35,g,1,2002-09-06,2006-11-30
1017,5,1,cubic inch,16,g,1,2002-09-06,2006-11-30
1017,6,1,"package, small (3 oz)",85,g,1,2002-09-06,2006-11-30
1018,1,1,oz,28.35,g,1,2013-12-23,2013-12-23
1018,2,1,package (7 oz),198,g,1,2013-12-23,2013-12-23
1019,1,1,"cup, crumbled",150,g,1,2001-07-04,2006-11-30
1019,2,1,oz,28.35,g,1,2002-09-06,2006-11-30
1019,3,1,cubic inch,17,g,1,2002-09-06,2006-11-30
1019,4,1,wedge (1.33 oz),38,g,1,2002-09-06,2006-11-30
1020,1,1,"cup, diced",132,g,1,1997-08-29,2006-11-30
1020,2,1,"cup, shredded",108,g,1,2002-09-06,2006-11-30
1020,3,1,oz,28.35,g,1,2002-09-06,2006-11-30
1020,4,1,cubic inch,15,g,1,2002-09-06,2006-11-30
1020,5,1,slice (1 oz),28,g,1,2002-09-06,2006-11-30
1020,6,1,package (8 oz),227,g,1,2002-09-06,2006-11-30
1021,1,1,oz,28.35,g,1,2013-12-23,2013-12-23
1021,2,1,package (8 oz),227,g,1,2013-12-23,2013-12-23
1022,1,1,oz,28.35,g,1,2001-07-04,2006-11-30
1022,2,1,package (7 oz),198,g,1,2002-09-06,2006-11-30
1023,1,1,oz,28.35,g,1,1997-08-29,2015-01-07
1023,2,1,slice (1 oz),28,g,1,2002-09-06,2015-01-07
1023,3,1,cubic inch,15,g,1,2002-09-06,2015-01-07
1023,4,1,"cup, diced",132,g,1,2002-09-06,2015-01-07
1023,5,1,"cup, shredded",108,g,1,2002-09-06,2015-01-07
1023,6,1,package (6 oz),170,g,1,2002-09-06,2006-11-30
1024,1,1,cup,134,g,1,2013-12-23,2013-12-23
1024,2,1,oz,28.35,g,1,2013-12-23,2013-12-23
1024,3,1,cubic inch,18,g,1,2013-12-23,2013-12-23
1024,4,1,box,113,g,1,2013-12-23,2013-12-23
1024,5,1,package (8 oz),227,g,1,2013-12-23,2013-12-23
1025,1,1,"cup, diced",132,g,1,1995-06-19,2006-11-30
1025,2,1,"cup, shredded",113,g,1,1997-08-29,2006-11-30
1025,3,1,oz,28.35,g,1,2002-09-06,2006-11-30
1025,4,1,cubic inch,17,g,1,2002-09-06,2006-11-30
1025,5,1,slice (1 oz),28,g,1,2002-09-06,2006-11-30
1025,6,1,package (6 oz),170,g,1,2002-09-06,2006-11-30
1026,1,1,"cup, shredded",112,g,1,1999-03-22,2006-11-30
1026,2,1,oz,28.35,g,1,1994-01-31,2006-11-30
1026,3,6,slices,170,g,1,2002-09-06,2006-11-30
1027,1,1,oz,28.35,g,1,1999-03-22,2006-11-30
1027,2,1,cubic inch,18,g,1,1994-01-31,2006-11-30
1028,1,1,oz,28.35,g,1,1999-03-22,2006-11-30
1029,1,1,"cup, diced",132,g,1,1994-09-29,2006-11-30
1029,2,1,"cup, shredded",113,g,1,1998-01-15,2006-11-30
1029,3,1,oz,28.35,g,1,1999-03-22,2006-11-30
1029,4,1,cubic inch,18,g,1,2002-09-06,2006-11-30
1029,5,1,slice (1 oz),28,g,1,2002-09-06,2006-11-30
1030,1,1,"cup, diced",132,g,1,1994-11-02,2006-11-30
1030,2,1,"cup, shredded",113,g,1,1997-08-29,2006-11-30
1030,3,1,oz,28.35,g,1,2002-09-06,2006-11-30
1030,4,1,cubic inch,18,g,1,2002-09-06,2006-11-30
1030,5,1,slice (1 oz),28,g,1,2002-09-06,2006-11-30
1030,6,1,package (6 oz),170,g,1,2002-09-06,2006-11-30
1031,1,1,oz,28.35,g,1,2013-12-23,2013-12-23
1031,2,1,package (3 oz),85,g,1,2013-12-23,2013-12-23
1032,1,1,cup,100,g,1,2015-01-06,2015-01-06
1032,2,1,TBSP,5,g,1,1994-11-02,2006-11-30
1032,3,1,oz,28.35,g,1,2002-09-06,2006-11-30
1033,1,1,oz,28.35,g,1,2013-12-23,2013-12-23
1033,2,1,cubic inch,10.3,g,1,2013-12-23,2013-12-23
1033,3,5,package (5 oz),142,g,1,2013-12-23,2013-12-23
1034,1,1,"cup, diced",132,g,1,2013-12-23,2013-12-23
1034,2,1,"cup, shredded",113,g,1,2013-12-23,2013-12-23
1034,3,1,oz,28.35,g,1,2013-12-23,2013-12-23
1034,4,1,cubic inch,17,g,1,2013-12-23,2013-12-23
1034,5,1,slice (1 oz),28,g,1,2013-12-23,2013-12-23
1034,6,1,package (6 oz),170,g,1,2013-12-23,2013-12-23
1035,1,1,"cup, diced",132,g,1,1994-09-29,2006-11-30
1035,2,1,oz,28.35,g,1,1999-03-22,2006-11-30
1035,3,1,cubic inch,17,g,1,2002-09-06,2006-11-30
1035,4,1,slice (1 oz),28,g,1,2002-09-06,2006-11-30
1035,5,1,package (6 oz),170,g,1,2002-09-06,2006-11-30
1036,1,0.5,cup,124,g,1,1997-08-29,2013-12-26
1036,2,1,cup,246,g,1,2007-11-27,2013-12-26
1037,1,0.5,cup,124,g,1,1997-08-29,2013-12-26
1037,2,1,oz,28.35,g,1,2007-11-28,2007-11-28
1037,3,1,cup,246,g,1,2007-11-28,2013-12-26
1038,1,1,oz,28.35,g,1,1997-08-29,2006-11-30
1038,2,5,package (5 oz),142,g,1,2002-09-06,2006-11-30
1039,1,1,oz,28.35,g,1,2013-12-23,2013-12-23
1039,2,1,package (3 oz),85,g,1,2013-12-23,2013-12-23
1040,1,1,"cup, diced",132,g,1,1994-09-29,2006-11-30
1040,2,1,"cup, melted",244,g,1,1999-03-22,2006-11-30
1040,3,1,"cup, shredded",108,g,1,2002-09-06,2006-11-30
1040,4,1,oz,28.35,g,1,2002-09-06,2006-11-30
1040,5,1,cubic inch,15,g,1,2002-09-06,2006-11-30
1040,6,1,slice (1 oz),28,g,1,2002-09-06,2006-11-30
1041,1,1,oz,28.35,g,1,2013-12-23,2013-12-23
1041,2,1,package (6 oz),170,g,1,2013-12-23,2013-12-23
1042,1,1,oz,28.35,g,1,1995-06-19,2015-01-07
1042,2,1,slice (1 oz),28,g,1,1998-01-15,2015-01-07
1042,3,1,slice (3/4 oz),21,g,1,1999-03-22,2015-01-07
1042,4,1,cubic inch,18,g,1,2002-09-06,2015-01-07
1042,5,1,"cup, shredded",113,g,1,2002-09-06,2015-01-07
1042,6,1,"cup, diced",140,g,1,2002-09-06,2015-01-07
1042,7,1,"cup, melted",244,g,1,2002-09-06,2015-01-07
1043,1,1,"cup, diced",140,g,1,2013-12-23,2013-12-23
1043,2,1,"cup, melted",244,g,1,2013-12-23,2013-12-23
1043,3,1,"cup, shredded",113,g,1,2013-12-23,2013-12-23
1043,4,1,oz,28.35,g,1,2013-12-23,2013-12-23
1043,5,1,cubic inch,18,g,1,2013-12-23,2013-12-23
1043,6,1,slice (3/4 oz),21,g,1,2013-12-23,2013-12-23
1044,1,1,"cup, diced",140,g,1,1994-09-29,2006-11-30
1044,2,1,"cup, shredded",113,g,1,1998-01-15,2006-11-30
1044,3,1,oz,28.35,g,1,1999-03-22,2006-11-30
1044,4,1,cubic inch,18,g,1,2002-09-06,2006-11-30
1044,5,1,slice (3/4 oz),21,g,1,2002-09-06,2006-11-30
1045,1,1,oz,28.35,g,1,2013-12-23,2013-12-23
1045,2,1,package (8 oz),227,g,1,2013-12-23,2013-12-23
1046,1,1,CUP,113,g,1,1998-01-15,2006-11-30
1046,2,1,oz,28.35,g,1,1999-03-22,2006-11-30
1046,3,1,slice (3/4 oz),21,g,1,1994-01-31,2006-11-30
1046,4,1,package (8 oz),227,g,1,2002-09-06,2006-11-30
1047,1,1,oz,28.35,g,1,1999-03-22,2006-11-30
1047,2,1,package (8 oz),227,g,1,2002-09-06,2006-11-30
1048,1,1,"cup, diced",140,g,1,2013-12-23,2013-12-23
1048,2,1,cup,244,g,1,2013-12-23,2013-12-23
1048,3,1,jar (5 oz),128,g,1,2013-12-23,2013-12-23
1048,4,1,cubic inch,18,g,1,2013-12-23,2013-12-23
1048,5,1,jar (5 oz),142,g,1,2013-12-23,2013-12-23
1048,6,1,slice,34,g,1,2013-12-23,2013-12-23
1048,7,1,"slice, thin",14,g,1,2013-12-23,2013-12-23
1049,1,1,fl oz,30.2,g,1,1999-03-22,2013-12-26
1049,2,1,TBSP,15,g,1,1998-01-15,2006-11-30
1049,3,1,cup,242,g,1,1994-01-31,2013-12-26
1049,4,1,"container, individual (.5 fl oz)",15,g,1,2002-09-06,2006-11-30
1050,1,1,fl oz,30,g,1,1997-08-29,2013-12-26
1050,2,1,TBSP,15,g,1,1998-01-15,2006-11-30
1050,3,1,cup,240,g,1,1994-11-02,2013-12-26
1050,4,1,"container, individual",11.1,g,1,2002-09-06,2006-11-30
1052,1,1,"cup, whipped",120,g,1,1999-03-22,2006-11-30
1052,2,1,"cup, fluid (yields 2 cups whipped)",239,g,1,1994-01-31,2006-11-30
1052,3,1,TBSP,15,g,1,2002-09-06,2006-11-30
1053,1,1,"cup, whipped",120,g,1,1998-01-15,2006-11-30
1053,2,1,"cup, fluid (yields 2 cups whipped)",238,g,1,1995-06-19,2006-11-30
1053,3,1,TBSP,15,g,1,1997-08-29,2006-11-30
1053,4,1,FL OZ,29.8,g,1,2002-09-06,2010-01-05
1054,1,1,CUP,60,g,1,1999-03-22,2006-11-30
1054,2,1,TBSP,3,g,1,1994-01-31,2006-11-30
1055,1,1,tbsp,15,g,1,1994-11-02,2013-12-26
1055,2,1,cup,242,g,1,2002-09-06,2013-12-26
1056,1,1,tbsp,12,g,1,1999-03-22,2013-12-26
1056,2,1,cup,230,g,1,1994-01-31,2013-12-26
1057,1,1,CUP,254,g,1,1999-03-22,2006-11-30
1057,2,1,FL OZ,31.8,g,1,1994-01-31,2010-01-05
1057,3,1,quart,1016,g,1,2002-09-06,2006-11-30
1058,1,1,tbsp,12,g,1,1999-03-22,2013-12-26
1058,2,1,cup,235,g,1,1994-01-31,2013-12-26
1059,1,1,cup,244,g,1,2013-12-23,2013-12-23
1059,2,1,quart,976,g,1,2013-12-23,2013-12-23
1060,1,1,cup,244,g,1,2013-12-23,2013-12-23
1060,2,1,fl oz,30.5,g,1,2013-12-23,2013-12-23
1060,3,1,quart,976,g,1,2013-12-23,2013-12-23
1061,1,1,serving,19,g,1,2013-12-23,2013-12-23
1067,1,1,"container, individual",15,g,1,2013-12-23,2013-12-23
1067,2,1,fl oz,30,g,1,2013-12-23,2013-12-23
1067,3,1,cup,240,g,1,2013-12-23,2013-12-23
1067,4,0.5,cup,120,g,1,2013-12-23,2013-12-23
1068,1,1,"container, individual",15,g,1,2013-12-23,2013-12-23
1068,2,0.5,cup,120,g,1,2013-12-23,2013-12-23
1069,1,1,cup,94,g,1,2013-12-23,2013-12-23
1069,2,1,tsp,2,g,1,2013-12-23,2013-12-23
1069,3,1,packet,3,g,1,2013-12-23,2013-12-23
1070,1,1.5,oz,43,g,1,1999-03-22,2006-11-30
1070,2,1,"portion, amount to make 1 tbsp",1.3,g,1,1994-01-31,2006-11-30
1071,1,1,CUP,80,g,1,1999-03-22,2006-11-30
1071,2,1,TBSP,4,g,1,1998-01-15,2006-11-30
1071,3,1,package yields,160,g,1,1994-01-31,2006-11-30
1072,1,1,CUP,70,g,1,1999-03-22,2006-11-30
1072,2,1,TBSP,4,g,1,1994-01-31,2006-11-30
1073,1,1,CUP,75,g,1,1999-03-22,2006-11-30
1073,2,1,TBSP,4,g,1,1994-01-31,2006-11-30
1074,1,1,oz,28.35,g,1,1999-03-22,2013-12-26
1074,2,1,cup,230,g,1,1994-01-31,2013-12-26
1076,1,1,cup,244,g,1,2013-12-23,2013-12-23
1076,2,1,quart,976,g,1,2013-12-23,2013-12-23
1077,1,1,CUP,244,g,1,1999-03-22,2006-11-30
1077,2,1,fl oz,30.5,g,1,1998-01-15,2013-12-26
1077,3,1,tbsp,15,g,1,1994-01-31,2013-12-26
1077,4,1,quart,976,g,1,2002-09-06,2006-11-30
1078,1,1,CUP,244,g,1,1997-08-29,2006-11-30
1078,2,1,quart,976,g,1,1994-01-31,2006-11-30
1079,1,1,CUP,244,g,1,1999-03-22,2006-11-30
1079,2,1,FL OZ,30.5,g,1,1998-01-15,2010-01-05
1079,3,1,quart,976,g,1,1994-01-31,2006-11-30
1080,1,1,cup,245,g,1,2013-12-23,2013-12-23
1080,2,1,quart,980,g,1,2013-12-23,2013-12-23
1081,1,1,cup,246,g,1,2013-12-23,2013-12-23
1081,2,1,quart,984,g,1,2013-12-23,2013-12-23
1082,1,1,CUP,244,g,1,1999-03-22,2006-11-30
1082,2,1,FL OZ,30.5,g,1,1998-01-15,2010-01-05
1082,3,1,quart,976,g,1,1994-01-31,2006-11-30
1083,1,1,cup,245,g,1,2013-12-23,2013-12-23
1083,2,1,quart,980,g,1,2013-12-23,2013-12-23
1084,1,1,CUP,246,g,1,2001-07-04,2006-11-30
1084,2,1,quart,984,g,1,2002-09-06,2006-11-30
1085,1,1,CUP,245,g,1,1999-03-22,2006-11-30
1085,2,1,FL OZ,30.6,g,1,1998-01-15,2010-01-05
1085,3,1,quart,980,g,1,1994-01-31,2006-11-30
1086,1,1,cup,245,g,1,2013-12-23,2013-12-23
1086,2,1,fl oz,30.6,g,1,2013-12-23,2013-12-23
1086,3,1,quart,980,g,1,2013-12-23,2013-12-23
1087,1,1,CUP,246,g,1,2001-07-04,2006-11-30
1087,2,1,quart,984,g,1,2002-09-06,2006-11-30
1088,1,1,CUP,245,g,1,1999-03-22,2006-11-30
1088,2,1,FL OZ,30.6,g,1,1998-01-15,2010-01-05
1088,3,1,quart,980,g,1,1994-01-31,2006-11-30
1089,1,1,cup,244,g,1,2013-12-23,2013-12-23
1089,2,1,fl oz,30.5,g,1,2013-12-23,2013-12-23
1089,3,1,quart,976,g,1,2013-12-23,2013-12-23
1090,1,0.25,CUP,32,g,1,1994-01-31,2015-01-07
1090,2,1,CUP,128,g,1,2007-11-28,2015-01-07
1091,1,0.25,CUP,30,g,1,1994-01-31,2015-01-07
1091,2,1,CUP,120,g,1,2007-11-28,2015-01-07
1091,3,5,tbsp,23,g,1,2015-01-06,2015-01-06
1092,1,1,CUP,68,g,1,1994-01-31,2006-11-30
1092,2,1,envelope (1-1/3 cup),91,g,1,2002-09-06,2006-11-30
1092,3,0.333,cup (makes 1 cup reconstituted milk),23,g,1,2002-09-06,2006-11-30
1093,1,1,oz,28.35,g,1,2013-12-23,2013-12-23
1093,2,0.25,lb,113,g,1,2013-12-23,2013-12-23
1094,1,0.25,cup,30,g,1,2013-12-23,2015-01-07
1094,2,1,cup,120,g,1,2013-12-23,2015-01-07
1094,3,1,tbsp,6.5,g,1,2015-01-06,2015-01-06
1095,1,1,fl oz,38.2,g,1,1994-01-31,2013-12-26
1095,2,1,cup,306,g,1,2002-09-06,2013-12-26
1096,1,1,fl oz,31.5,g,1,1997-08-29,2013-12-26
1096,2,1,cup,252,g,1,2007-11-28,2013-12-26
1096,3,1,can (13 oz),369,g,1,2007-11-28,2007-11-28
1096,4,0.5,CUP,126,g,1,2007-11-28,2007-11-28
1097,1,1,fl oz,31.9,g,1,1997-08-29,2013-12-26
1097,2,1,cup,256,g,1,2007-11-28,2013-12-26
1097,3,0.5,CUP,128,g,1,2007-11-28,2007-11-28
1102,1,1,CUP,250,g,1,1999-03-22,2006-11-30
1102,2,1,FL OZ,31.2,g,1,1994-01-31,2010-01-05
1102,3,1,quart,1000,g,1,2002-09-06,2006-11-30
1103,1,1,CUP,250,g,1,1999-03-22,2006-11-30
1103,2,1,FL OZ,31.2,g,1,1994-01-31,2010-01-05
1103,3,1,quart,1000,g,1,2002-09-06,2006-11-30
1104,1,1,CUP,250,g,1,1997-08-29,2006-11-30
1104,2,1,quart,1000,g,1,1994-01-31,2006-11-30
1105,1,1,CUP,250,g,1,1994-01-31,2006-11-30
1105,2,1,FL OZ,31.2,g,1,2002-09-06,2010-01-05
1106,1,1,fl oz,30.5,g,1,1998-01-15,2013-12-26
1106,2,1,cup,244,g,1,2002-09-06,2013-12-26
1106,3,1,quart,976,g,1,2002-09-06,2006-11-30
1108,1,1,cup,244,g,1,2013-12-23,2013-12-23
1108,2,1,quart,976,g,1,2013-12-23,2013-12-23
1109,1,1,cup,245,g,1,2013-12-23,2013-12-23
1109,2,1,quart,980,g,1,2013-12-23,2013-12-23
1110,1,1,FL OZ,28.4,g,1,1999-03-22,2010-01-05
1110,2,1,container (10.6 oz),300,g,1,1994-01-31,2006-11-30
1111,1,1,FL OZ,28.4,g,1,1999-03-22,2010-01-05
1111,2,1,container (11 oz),313,g,1,1994-01-31,2006-11-30
1112,1,1,cup,246,g,1,2013-12-23,2013-12-23
1112,2,1,quart,984,g,1,2013-12-23,2013-12-23
1113,1,1,cup,57,g,1,2013-12-23,2013-12-23
1113,2,1,tbsp,2.9,g,1,2013-12-23,2013-12-23
1114,1,1,cup,246,g,1,2013-12-23,2013-12-23
1114,2,1,quart,984,g,1,2013-12-23,2013-12-23
1115,1,1,cup,145,g,1,2013-12-23,2013-12-23
1115,2,1,tbsp,7.5,g,1,2013-12-23,2013-12-23
1116,1,1,container (6 oz),170,g,1,1997-08-29,2013-12-26
1116,2,1,container (8 oz),227,g,1,1994-09-29,2006-11-30
1116,3,0.5,container (4 oz),113,g,1,2002-09-06,2006-11-30
1116,4,1,cup (8 fl oz),245,g,1,2013-12-23,2013-12-23
1117,1,1,container (6 oz),170,g,1,1997-08-29,2013-12-26
1117,2,1,container (8 oz),227,g,1,1994-09-29,2006-11-30
1117,3,0.5,container (4 oz),113,g,1,2002-09-06,2006-11-30
1117,4,1,cup (8 fl oz),245,g,1,2013-12-23,2013-12-23
1118,1,1,container (6 oz),170,g,1,1997-08-29,2013-12-26
1118,2,1,container (8 oz),227,g,1,1994-09-29,2006-11-30
1118,3,1,cup (8 fl oz),245,g,1,2013-12-23,2013-12-23
1119,1,1,container (6 oz),170,g,1,1997-08-29,2013-12-26
1119,2,1,container (8 oz),227,g,1,1994-09-29,2006-11-30
1119,3,1,cup (8 fl oz),245,g,1,2013-12-23,2013-12-23
1120,1,1,container (6 oz),170,g,1,1997-08-29,2013-12-26
1120,2,1,container (4.4 oz),125,g,1,1994-09-29,2006-11-30
1120,3,1,container (5 oz),142,g,1,2002-09-06,2006-11-30
1120,4,1,cup (8 fl oz),245,g,1,2002-09-06,2013-12-26
1120,5,1,container (8 oz),227,g,1,2002-09-06,2006-11-30
1120,6,0.5,container (4 oz),113,g,1,2002-09-06,2006-11-30
1121,1,1,container (6 oz),170,g,1,1997-08-29,2013-12-26
1121,2,1,cup (8 fl oz),245,g,1,1998-01-15,2013-12-26
1121,3,1,container (8 oz),227,g,1,1994-09-29,2006-11-30
1121,5,1,"container, Dannon Sprinkl'ins (4.1 oz)",116,g,1,2002-09-06,2006-11-30
1121,6,0.5,container (4 oz),113,g,1,2002-09-06,2006-11-30
1122,1,1,container (6 oz),170,g,1,1997-08-29,2013-12-26
1122,2,0.5,container (4 oz),113,g,1,1994-09-29,2006-11-30
1122,3,1,container (8 oz),227,g,1,2013-12-23,2013-12-23
1123,1,1,large,50,g,1,2007-11-27,2013-12-26
1123,2,1,extra large,56,g,1,2007-11-27,2007-11-27
1123,3,1,jumbo,63,g,1,2007-11-27,2007-11-27
1123,5,1,cup (4.86 large eggs),243,g,1,2007-11-27,2013-12-26
1123,6,1,medium,44,g,1,2007-11-27,2007-11-27
1123,7,1,small,38,g,1,2007-11-27,2007-11-27
1124,1,1,large,33,g,1,1994-01-31,2013-12-26
1124,2,1,cup,243,g,1,2002-09-06,2013-12-26
1125,1,1,large,17,g,1,1994-01-31,2013-12-26
1125,2,1,cup,243,g,1,2002-09-06,2013-12-26
1126,1,1,oz,28.35,g,1,1994-01-31,2013-12-26
1126,2,0.5,lb,227,g,1,2013-12-23,2013-12-23
1127,1,1,oz,28.35,g,1,2013-12-23,2013-12-23
1127,2,0.5,lb,227,g,1,2013-12-23,2013-12-23
1128,1,1,large,46,g,1,1994-01-31,2006-11-30
1129,1,1,"cup, chopped",136,g,1,1994-01-31,2006-11-30
1129,2,1,TBSP,8.5,g,1,2002-09-06,2006-11-30
1129,3,1,large,50,g,1,2002-09-06,2006-11-30
1130,1,1,TBSP,15,g,1,1994-01-31,2006-11-30
1130,2,1,large,61,g,1,2002-09-06,2006-11-30
1131,1,1,large,50,g,1,1994-01-31,2006-11-30
1132,1,1,large,61,g,1,1994-01-31,2013-12-26
1132,2,1,TBSP,13.7,g,1,2002-09-06,2006-11-30
1132,3,1,cup,220,g,1,2002-09-06,2013-12-26
1133,1,1,"cup, sifted",85,g,1,1994-01-31,2006-11-30
1133,2,1,TBSP,5,g,1,2002-09-06,2006-11-30
1134,1,1,"cup, sifted",85,g,1,2013-12-23,2013-12-23
1134,2,1,tbsp,5,g,1,2013-12-23,2013-12-23
1135,1,1,oz,28.35,g,1,2013-12-23,2013-12-23
1135,2,0.5,lb,227,g,1,2013-12-23,2013-12-23
1136,1,1,"cup, sifted",107,g,1,1994-01-31,2006-11-30
1136,2,1,tbsp,7,g,1,1997-08-29,2009-02-11
1137,1,1,"cup, sifted",67,g,1,1994-01-31,2006-11-30
1137,2,1,TBSP,4,g,1,2002-09-06,2006-11-30
1138,1,1,egg,70,g,1,2013-12-23,2013-12-23
1139,1,1,egg,144,g,1,2013-12-23,2013-12-23
1140,1,1,egg,9,g,1,2013-12-23,2013-12-23
1141,1,1,egg,79,g,1,2013-12-23,2013-12-23
1144,1,0.35,oz,9.9,g,1,1999-03-22,2006-11-30
1144,2,0.7,oz,20,g,1,2007-11-28,2007-11-28
1145,1,1,"pat (1"" sq, 1/3"" high)",5,g,1,1994-09-29,2013-12-26
1145,2,1,TBSP,14.2,g,1,1998-01-15,2006-11-30
1145,3,1,cup,227,g,1,2002-09-06,2013-12-26
1145,4,1,stick,113,g,1,2002-09-06,2006-11-30
1146,1,1,TBSP,5,g,1,1994-11-17,2006-11-30
1151,1,1,CUP,245,g,1,1994-01-31,2006-11-30
1151,2,1,quart,980,g,1,1997-08-29,2006-11-30
1152,1,1,cup,245,g,1,2013-12-23,2013-12-23
1152,2,1,quart,980,g,1,2013-12-23,2013-12-23
1153,1,1,FL OZ,31.5,g,1,1994-01-31,2010-01-05
1153,2,0.5,CUP,126,g,1,1997-08-29,2006-11-30
1154,1,0.25,CUP,30,g,1,1994-01-31,2015-01-07
1154,2,1,CUP,120,g,1,2007-11-28,2015-01-07
1155,1,1,CUP,68,g,1,1994-01-31,2006-11-30
1155,2,1,envelope (1-1/3 cup),91,g,1,1997-08-29,2006-11-30
1156,1,1,oz,28.35,g,1,2013-12-23,2013-12-23
1157,1,1,oz,28.35,g,1,2013-12-23,2013-12-23
1159,1,1,oz,28.35,g,1,2013-12-23,2013-12-23
1160,1,1,oz,28.35,g,1,2013-12-23,2013-12-23
1160,2,0.5,lb,227,g,1,2013-12-23,2013-12-23
1161,1,1,"cup, shredded",113,g,1,2007-11-28,2007-11-28
1161,2,1,oz,28.35,g,1,1995-06-19,2006-11-30
1161,3,1,cubic inch,18,g,1,2007-11-28,2007-11-28
1161,4,1,slice,28,g,1,2007-11-28,2007-11-28
1161,5,3,oz,85,g,1,2007-11-28,2007-11-28
1164,1,2,tbsp,30,g,1,2013-12-23,2013-12-23
1164,2,1,cup,243,g,1,2013-12-23,2013-12-23
1165,1,1,"cup, crumbled",132,g,1,1994-11-02,2006-11-30
1165,2,1,oz,28.35,g,1,2002-09-06,2006-11-30
1166,1,1,"cup, diced",132,g,1,1997-08-29,2006-11-30
1166,2,1,"cup, shredded",113,g,1,1994-11-02,2006-11-30
1166,3,1,oz,28.35,g,1,1998-01-15,2006-11-30
1166,4,1,cubic inch,18,g,1,2002-09-06,2006-11-30
1166,5,1,slice (1 oz),28,g,1,2002-09-06,2006-11-30
1167,1,1,"cup, diced",132,g,1,1997-08-29,2006-11-30
1167,2,1,"cup, shredded",113,g,1,1994-11-02,2006-11-30
1167,3,1,oz,28.35,g,1,1998-01-15,2006-11-30
1167,4,1,cubic inch,17,g,1,2002-09-06,2006-11-30
1167,5,1,slice (1 oz),28,g,1,2002-09-06,2006-11-30
1168,1,1,"cup, diced",132,g,1,1997-08-29,2006-11-30
1168,2,1,"cup, shredded",113,g,1,1995-05-23,2006-11-30
1168,3,1,oz,28.35,g,1,1998-01-15,2006-11-30
1168,4,1,cubic inch,17,g,1,2002-09-06,2006-11-30
1168,5,1,slice (1 oz),28,g,1,2002-09-06,2006-11-30
1169,1,1,"cup, diced",132,g,1,2001-07-04,2006-11-30
1169,2,1,"cup, shredded",113,g,1,2002-09-06,2006-11-30
1169,3,1,oz,28.35,g,1,2002-09-06,2006-11-30
1169,4,1,cubic inch,17,g,1,2002-09-06,2006-11-30
1169,5,1,slice (1 oz),28,g,1,2002-09-06,2006-11-30
1171,1,1,oz,28,g,1,2013-12-23,2013-12-23
1172,1,1,oz,28,g,1,2013-12-23,2013-12-23
1173,1,1,oz,28,g,1,2013-12-23,2013-12-23
1174,1,1,cup,246,g,1,2013-12-23,2013-12-23
1174,2,1,quart,984,g,1,2013-12-23,2013-12-23
1175,1,1,cup,244,g,1,2013-12-23,2013-12-23
1175,2,1,quart,976,g,1,2013-12-23,2013-12-23
1178,1,1,tablespoon,12,g,1,2013-12-23,2013-12-23
1178,2,1,cup,230,g,1,2013-12-23,2013-12-23
1179,1,1,tablespoon,12,g,1,2013-12-23,2013-12-23
1179,2,1,cup,230,g,1,2013-12-23,2013-12-23
1180,1,1,tablespoon,12,g,1,2013-12-23,2013-12-23
1180,2,1,cup,230,g,1,2013-12-23,2013-12-23
1184,1,1,container (6 oz),170,g,1,2013-12-23,2013-12-23
1185,1,1,tablespoon,5,g,1,2013-12-23,2013-12-23
1186,1,1,tbsp,18,g,1,2013-12-23,2013-12-23
1187,1,1,container (6 oz),170,g,1,2013-12-23,2013-12-23
1199,1,2,tbsp,29,g,1,2013-12-23,2013-12-23
1199,2,1,pint,484,g,1,2013-12-23,2013-12-23
1202,1,1,CUP,250,g,1,2006-02-23,2006-11-30
1202,2,1,FL OZ,31.2,g,1,2006-02-23,2010-01-05
1202,3,1,quart,1000,g,1,2006-02-23,2006-11-30
1203,1,1,container (6 oz),170,g,1,2006-02-23,2016-02-06
1203,2,1,cup (8 fl oz),245,g,1,2006-02-23,2006-11-30
1203,3,1,container (8 oz),227,g,1,2006-02-23,2016-02-06
1204,1,1,cup,100,g,1,2015-01-06,2015-01-06
1204,2,1,tbsp,5,g,1,2007-12-03,2007-12-03
1204,3,1,oz,28.35,g,1,2007-12-03,2007-12-03
1205,1,1,tbsp,15,g,1,2013-12-23,2013-12-23
1206,1,4,tsp,12,g,1,2013-12-23,2013-12-23
1208,1,1,"cup, diced",132,g,1,2007-12-03,2007-12-03
1208,2,1,oz,28.35,g,1,2007-12-03,2013-12-26
1208,3,1,"cup, shredded",113,g,1,2007-12-03,2013-12-26
1208,4,1,cubic inch,14.3,g,1,2007-12-03,2013-12-26
1208,5,1,slice (1 oz),28,g,1,2007-12-03,2013-12-26
1208,6,1,package (6 oz),170,g,1,2013-12-23,2013-12-23
1209,1,1,oz,28.35,g,1,2013-12-23,2013-12-23
1209,2,0.25,cup,28,g,1,2013-12-23,2013-12-23
1211,1,1,cup,244,g,1,2010-01-04,2010-01-04
1211,2,1,tbsp,15,g,1,2010-01-04,2010-01-04
1211,3,1,fl oz,30.5,g,1,2010-01-04,2010-01-04
1211,4,1,quart,976,g,1,2010-01-04,2010-01-04
1212,1,1,cup,128,g,1,2010-01-04,2010-01-04
1212,2,0.25,cup,32,g,1,2010-01-04,2010-01-04
1215,1,1,slice 3/4 oz,21,g,1,2013-12-23,2013-12-23
1215,2,1,slice 2/3 oz,19,g,1,2013-12-23,2013-12-23
1216,1,1,container (6 oz),170,g,1,2010-01-04,2013-12-26
1216,2,1,container (4.4 oz),125,g,1,2010-01-04,2010-01-04
1216,3,1,container (5 oz),142,g,1,2010-01-04,2010-01-04
1216,4,1,cup (8 fl oz),245,g,1,2010-01-04,2013-12-26
1216,5,1,container (8 oz),227,g,1,2010-01-04,2010-01-04
1216,6,0.5,container (4 oz),113,g,1,2010-01-04,2010-01-04
1217,1,1,container (6 oz),170,g,1,2010-01-04,2013-12-26
1217,2,1,cup (8 fl oz),245,g,1,2010-01-04,2013-12-26
1217,3,1,container (8 oz),227,g,1,2010-01-04,2010-01-04
1217,5,1,"container, Dannon Sprinkl'ins (4.1 oz)",116,g,1,2010-01-04,2010-01-04
1217,6,0.5,container (4 oz),113,g,1,2010-01-04,2010-01-04
1218,1,1,container (6 oz),170,g,1,2010-01-04,2013-12-26
1218,2,1,container (4.4 oz),125,g,1,2010-01-04,2010-01-04
1218,3,1,cup (8 fl oz),245,g,1,2010-01-04,2013-12-26
1218,4,1,container (8 oz),227,g,1,2010-01-04,2010-01-04
1219,1,1,container (6 oz),170,g,1,2010-01-04,2016-02-06
1219,2,1,cup (8 fl oz),245,g,1,2010-01-04,2010-01-04
1219,3,1,container (8 oz),227,g,1,2010-01-04,2016-02-06
1220,1,1,container (6 oz),170,g,1,2010-01-04,2013-12-26
1220,2,1,container (8 oz),227,g,1,2010-01-04,2010-01-04
1220,3,0.5,container (4 oz),113,g,1,2010-01-04,2010-01-04
1220,4,1,cup (8 fl oz),245,g,1,2013-12-23,2013-12-23
1221,1,1,container (6 oz),170,g,1,2013-12-23,2013-12-23
1222,1,1,container (6 oz),170,g,1,2013-12-23,2013-12-23
1225,1,1,tbsp,19,g,1,2013-12-23,2013-12-23
1226,1,0.25,cup,60,g,1,2010-01-04,2013-12-26
1226,2,1,cup,240,g,1,2010-01-04,2013-12-26
1227,1,1,cup grated,97,g,1,2013-12-23,2013-12-23
1228,1,1,"cup, crumbled",122,g,1,2013-12-23,2016-02-06
1229,1,1,"cup, crumbled",118,g,1,2013-12-23,2016-02-06
1230,1,1,cup,245,g,1,2012-03-02,2012-03-02
1231,1,1,container,170,g,1,2012-03-02,2012-03-02
1235,1,0.5,cup,68,g,1,2012-03-02,2012-03-02
1236,1,0.5,cup,86,g,1,2012-03-02,2012-03-02
1237,1,1,bar,50,g,1,2012-03-02,2012-03-02
1238,1,1,serving,70,g,1,2013-12-23,2013-12-23
1239,1,1,serving,82,g,1,2012-03-02,2012-03-02
1240,1,1,unit,96,g,1,2012-03-02,2012-03-02
1241,1,1,serving,70,g,1,2012-03-02,2012-03-02
1242,1,1,serving,70,g,1,2012-03-02,2012-03-02
1243,1,0.5,cup,68,g,1,2012-03-02,2012-03-02
1244,1,1,bar,68,g,1,2012-03-02,2012-03-02
1250,1,1,can,227,g,1,2012-03-02,2012-03-02
1251,1,0.25,cup shredded,28,g,1,2012-03-02,2012-03-02
1252,1,1,slice (2/3 oz),19,g,1,2013-12-23,2016-02-06
1252,2,1,slice (3/4 oz),21,g,1,2013-12-23,2016-02-06
1253,1,1,oz,28.35,g,1,2012-03-02,2015-01-07
1253,2,1,slice (3/4 oz),21,g,1,2012-03-02,2015-01-07
1253,3,1,slice (1 oz),28,g,1,2012-03-02,2015-01-07
1253,4,1,cubic inch,18,g,1,2012-03-02,2015-01-07
1253,5,1,"cup, diced",140,g,1,2012-03-02,2015-01-07
1253,6,1,"cup, shredded",113,g,1,2012-03-02,2015-01-07
1253,7,1,"cup, melted",244,g,1,2012-03-02,2015-01-07
1254,1,1,cup,113,g,1,2012-03-02,2012-03-02
1254,2,1,oz,28.35,g,1,2012-03-02,2012-03-02
1254,3,1,slice (3/4 oz),21,g,1,2012-03-02,2012-03-02
1254,4,1,package (8 oz),227,g,1,2012-03-02,2012-03-02
1255,1,1,oz,28,g,1,2013-12-23,2013-12-23
1256,1,1,container,170,g,1,2013-02-22,2013-02-22
1258,1,1,"cup, sifted",107,g,1,2013-02-22,2013-02-22
1258,2,1,tbsp,7,g,1,2013-02-22,2013-02-22
1259,1,1,piece,21,g,1,2013-12-23,2013-12-23
1259,2,1,package,566,g,1,2013-12-23,2013-12-23
1260,1,1,slice,21,g,1,2013-12-23,2013-12-23
1263,1,1,medium,298,g,1,2013-12-23,2013-12-23
1264,1,26,pieces,95,g,1,2013-12-23,2013-12-23
1265,1,1,serving,28,g,1,2013-12-23,2013-12-23
1266,1,1,serving,28,g,1,2013-12-23,2013-12-23
1267,1,2,tsp,5,g,1,2013-12-23,2013-12-23
1270,1,1,slice (2/3 oz),19,g,1,2015-01-06,2016-02-06
1270,2,1,slice (3/4 oz),21,g,1,2015-01-06,2016-02-06
1270,3,1,slice (1 oz),28,g,1,2015-01-06,2016-02-06
1271,1,1,cup,86,g,1,2015-01-06,2015-01-06
1284,1,1,container (5.3 oz),150,g,1,2016-02-06,2016-02-06
1284,2,1,cup (8 fl oz),245,g,1,2019-02-13,2019-02-13
1284,3,1,container (6 oz),170,g,1,2019-02-13,2019-02-13
1284,4,1,container (8 oz),227,g,1,2019-02-13,2019-02-13
1284,5,1,"container, Dannon Sprinkl'ins (4.1 oz)",116,g,1,2019-02-13,2019-02-13
1284,6,0,container (4 oz),113,g,1,2019-02-13,2019-02-13
1285,1,1,container (5.3 oz),150,g,1,2016-02-06,2016-02-06
1286,1,1,container (5.3 oz),150,g,1,2016-02-06,2016-02-06
1287,1,1,container (7 oz),200,g,1,2016-02-06,2016-02-06
1291,1,1,cup,252,g,1,2016-02-06,2016-02-06
1291,2,1,fl oz,31.5,g,1,2016-02-06,2016-02-06
1291,3,1,can (13 oz),369,g,1,2016-02-06,2016-02-06
1291,4,0.5,cup,126,g,1,2016-02-06,2016-02-06
1292,1,1,cup,250,g,1,2019-02-13,2019-02-13
1292,2,1,fl oz,31.2,g,1,2019-02-13,2019-02-13
1292,3,1,quart,1000,g,1,2019-02-13,2019-02-13
1295,1,1,cup (8 fl oz),245,g,1,2016-02-06,2016-02-06
1295,2,1,container (8 oz),227,g,1,2016-02-06,2016-02-06
1295,3,0.5,container (4 oz),113,g,1,2016-02-06,2016-02-06
2001,1,1,tsp,1.9,g,1,1994-01-31,2013-12-26
2001,2,1,tbsp,6,g,1,2002-09-06,2013-12-26
2002,1,1,"tsp, whole",2.1,g,1,1994-01-31,2013-12-26
2002,2,1,"tbsp, whole",6.7,g,1,2002-09-06,2013-12-26
2003,1,1,"tsp, leaves",0.7,g,1,2013-12-23,2013-12-23
2003,2,1,"tbsp, leaves",2.1,g,1,2002-09-06,2006-11-30
2003,3,1,"tsp, ground",1.4,g,1,2002-09-06,2006-11-30
2003,4,1,"tbsp, ground",4.5,g,1,2002-09-06,2006-11-30
2004,1,1,"tsp, crumbled",0.6,g,1,1994-01-31,2013-12-26
2004,2,1,"tbsp, crumbled",1.8,g,1,2002-09-06,2013-12-26
2005,1,1,tsp,2.1,g,1,1994-01-31,2013-12-26
2005,2,1,tbsp,6.7,g,1,2002-09-06,2013-12-26
2006,1,1,"tsp, ground",2,g,1,1994-01-31,2013-12-26
2006,2,1,"tbsp, ground",5.8,g,1,2002-09-06,2013-12-26
2007,1,1,tsp,2,g,1,1994-01-31,2013-12-26
2007,2,1,tbsp,6.5,g,1,2002-09-06,2013-12-26
2008,1,1,tsp,0.6,g,1,1994-01-31,2013-12-26
2008,2,1,tbsp,1.9,g,1,2002-09-06,2013-12-26
2009,1,1,tsp,2.7,g,1,2013-12-23,2013-12-23
2009,2,1,tbsp,8,g,1,2013-12-23,2013-12-23
2010,1,1,tsp,2.6,g,1,1994-01-31,2013-12-26
2010,2,1,tbsp,7.8,g,1,2002-09-06,2013-12-26
2011,1,1,tsp,2.1,g,1,1994-01-31,2013-12-26
2011,2,1,tbsp,6.5,g,1,2002-09-06,2013-12-26
2012,1,1,tsp,0.6,g,1,1994-11-02,2013-12-26
2012,2,1,tbsp,1.8,g,1,2002-09-06,2013-12-26
2013,1,1,tsp,1.8,g,1,1994-01-31,2013-12-26
2013,2,1,tbsp,5,g,1,2002-09-06,2013-12-26
2014,1,1,"tsp, whole",2.1,g,1,1994-01-31,2013-12-26
2014,2,1,"tbsp, whole",6,g,1,2002-09-06,2013-12-26
2015,1,1,tsp,2,g,1,1994-01-31,2013-12-26
2015,2,1,tbsp,6.3,g,1,2002-09-06,2013-12-26
2016,1,1,tsp,2.1,g,1,1994-01-31,2013-12-26
2016,2,1,tbsp,6.6,g,1,2002-09-06,2013-12-26
2017,1,1,tsp,1,g,1,1994-01-31,2013-12-26
2017,2,1,tbsp,3.1,g,1,2002-09-06,2013-12-26
2018,1,1,"tsp, whole",2,g,1,1994-01-31,2013-12-26
2018,2,1,"tbsp, whole",5.8,g,1,2002-09-06,2013-12-26
2019,1,1,tsp,3.7,g,1,1994-11-17,2013-12-26
2019,2,1,tbsp,11.1,g,1,1997-08-29,2013-12-26
2020,1,1,tsp,3.1,g,1,2013-12-23,2013-12-23
2020,2,1,tbsp,9.7,g,1,2013-12-23,2013-12-23
2021,1,1,tsp,1.8,g,1,2013-12-23,2013-12-23
2021,2,1,tbsp,5.2,g,1,2013-12-23,2013-12-23
2022,1,1,tsp,1.7,g,1,1994-01-31,2013-12-26
2022,2,1,tbsp,5.3,g,1,2002-09-06,2013-12-26
2023,1,1,tsp,0.6,g,1,1994-01-31,2013-12-26
2023,2,1,tbsp,1.7,g,1,2002-09-06,2013-12-26
2024,1,1,tsp,2,g,1,2013-12-23,2013-12-23
2024,2,1,tbsp,6.3,g,1,2013-12-23,2013-12-23
2025,1,1,tsp,2.2,g,1,1994-01-31,2013-12-26
2025,2,1,tbsp,7,g,1,2002-09-06,2013-12-26
2026,1,1,tsp,2.4,g,1,1994-01-31,2013-12-26
2026,2,1,tbsp,6.9,g,1,2002-09-06,2013-12-26
2027,1,1,"tsp, leaves",1,g,1,1994-01-31,2006-11-30
2027,2,1,"tsp, ground",1.8,g,1,2002-09-06,2006-11-30
2028,1,1,tsp,2.3,g,1,2013-12-23,2013-12-23
2028,2,1,tbsp,6.8,g,1,2013-12-23,2013-12-23
2029,1,1,tsp,0.5,g,1,1994-01-31,2006-11-30
2029,2,1,TBSP,1.6,g,1,2002-09-06,2006-11-30
2030,1,1,"tsp, ground",2.3,g,1,2012-04-04,2013-12-26
2030,2,1,"tbsp, ground",6.9,g,1,2012-04-04,2013-12-26
2030,3,1,"tsp, whole",2.9,g,1,2002-09-06,2012-04-04
2030,4,1,dash,0.1,g,1,2011-01-18,2011-01-18
2031,1,1,tsp,1.8,g,1,1994-01-31,2013-12-26
2031,2,1,tbsp,5.3,g,1,2002-09-06,2013-12-26
2032,1,1,"tsp, ground",2.4,g,1,1994-01-31,2013-12-26
2032,2,1,"tbsp, ground",7.1,g,1,2002-09-06,2013-12-26
2033,1,1,tsp,2.8,g,1,1994-01-31,2013-12-26
2033,2,1,tbsp,8.8,g,1,2002-09-06,2013-12-26
2034,1,1,tsp,1.5,g,1,1994-01-31,2013-12-26
2034,2,1,tbsp,4.4,g,1,2002-09-06,2013-12-26
2035,1,1,tsp,1.7,g,1,1994-01-31,2013-12-26
2035,2,1,tbsp,5.6,g,1,2002-09-06,2013-12-26
2036,1,1,tsp,1.2,g,1,1994-01-31,2013-12-26
2036,2,1,tbsp,3.3,g,1,2002-09-06,2013-12-26
2037,1,1,tsp,0.7,g,1,1994-01-31,2013-12-26
2037,2,1,tbsp,2.1,g,1,2002-09-06,2013-12-26
2038,1,1,tsp,0.7,g,1,1994-01-31,2013-12-26
2038,2,1,tbsp,2,g,1,2002-09-06,2013-12-26
2039,1,1,tsp,1.4,g,1,1994-01-31,2013-12-26
2039,2,1,tbsp,4.4,g,1,2002-09-06,2013-12-26
2041,1,1,"tsp, leaves",0.6,g,1,1994-01-31,2006-11-30
2041,2,1,"tbsp, leaves",1.8,g,1,2002-09-06,2006-11-30
2041,3,1,"tsp, ground",1.6,g,1,2002-09-06,2006-11-30
2041,4,1,"tbsp, ground",4.8,g,1,2002-09-06,2006-11-30
2042,1,1,"tsp, leaves",1,g,1,1994-01-31,2006-11-30
2042,2,1,"tbsp, leaves",2.7,g,1,2002-09-06,2006-11-30
2042,3,1,"tsp, ground",1.4,g,1,2002-09-06,2006-11-30
2042,4,1,"tbsp, ground",4.3,g,1,2002-09-06,2006-11-30
2043,1,1,tsp,3,g,1,1994-01-31,2013-12-26
2043,2,1,tbsp,9.4,g,1,2002-09-06,2013-12-26
2044,1,5,leaves,2.5,g,1,1994-11-17,2013-12-26
2044,2,2,"tbsp, chopped",5.3,g,1,1997-08-29,2013-12-26
2044,3,0.25,"cup leaves, whole",6,g,1,2007-11-28,2007-11-28
2045,1,5,sprigs,1,g,1,1994-11-17,2013-12-26
2045,2,1,cup sprigs,8.9,g,1,1997-08-29,2013-12-26
2046,1,1,tsp or 1 packet,5,g,1,1994-11-02,2006-11-30
2046,2,1,CUP,249,g,1,2002-09-06,2006-11-30
2047,1,1,tsp,6,g,1,1994-09-29,2013-12-26
2047,2,1,TBSP,18,g,1,2002-09-06,2006-11-30
2047,3,1,cup,292,g,1,2002-09-06,2013-12-26
2047,4,1,dash,0.4,g,1,2002-09-06,2006-11-30
2048,1,1,tbsp,14.9,g,1,1994-11-02,2013-12-26
2048,2,1,cup,239,g,1,1997-08-29,2013-12-26
2048,3,1,tsp,5,g,1,2005-12-28,2006-11-30
2049,1,1,tsp,0.8,g,1,2001-07-04,2006-11-30
2049,2,0.5,tsp,0.4,g,1,2007-11-28,2007-11-28
2050,1,1,tsp,4.2,g,1,1994-11-17,2013-12-26
2050,2,1,TBSP,13,g,1,1997-08-29,2006-11-30
2050,3,1,cup,208,g,1,2002-09-06,2013-12-26
2052,1,1,tsp,4.2,g,1,2013-12-23,2013-12-23
2052,2,1,tbsp,13,g,1,2013-12-23,2013-12-23
2053,1,1,tbsp,14.9,g,1,2007-11-28,2013-12-26
2053,2,1,cup,238,g,1,2007-11-28,2013-12-26
2053,3,1,tsp,5,g,1,2004-07-15,2006-11-30
2054,1,1,"tbsp, drained",8.6,g,1,2013-12-23,2013-12-23
2055,1,1,tsp,5,g,1,1994-11-02,2013-12-26
2055,2,1,tbsp,15,g,1,1999-02-12,2013-12-26
2063,1,1,tsp,0.7,g,1,2001-07-04,2013-12-26
2063,2,1,tbsp,1.7,g,1,2002-09-06,2013-12-26
2064,1,2,leaves,0.1,g,1,2005-12-28,2013-12-26
2064,2,2,tbsp,3.2,g,1,2005-12-28,2013-12-26
2065,1,2,leaves,0.3,g,1,2005-12-28,2013-12-26
2065,2,2,tbsp,11.4,g,1,2011-01-18,2013-12-26
2066,1,1,tsp,0.5,g,1,2005-12-28,2013-12-26
2066,2,1,tbsp,1.6,g,1,2005-12-28,2013-12-26
2068,1,1,tbsp,14.9,g,1,2013-12-23,2013-12-23
2068,2,1,cup,239,g,1,2013-12-23,2013-12-23
2068,3,1,tsp,5,g,1,2013-12-23,2013-12-23
2069,1,1,tbsp,16,g,1,2013-12-23,2013-12-23
2069,2,1,cup,255,g,1,2013-12-23,2013-12-23
2069,3,1,tsp,5.3,g,1,2013-12-23,2013-12-23
2074,1,0.25,tsp,1,g,1,2013-12-23,2013-12-23
2075,1,2,tsp,5.7,g,1,2013-12-23,2013-12-23
2076,1,1.33,tbsp,9,g,1,2013-12-23,2013-12-23
3001,1,1,packet,28,g,1,2013-12-23,2013-12-23
3002,1,1,tbsp,14.7,g,1,1994-09-29,2009-02-11
3002,2,1,oz,28.35,g,1,1999-03-22,2006-11-30
3002,3,1,jar,71,g,1,1998-01-15,2006-11-30
3003,1,1,oz,28.35,g,1,1994-09-29,2009-02-11
3003,2,1,tbsp,14.7,g,1,1999-03-22,2009-02-11
3003,3,1,jar,71,g,1,1998-01-15,2006-11-30
3005,1,1,tbsp,16,g,1,1994-09-29,2009-02-11
3005,2,1,oz,28.35,g,1,1999-03-22,2006-11-30
3005,3,1,jar,71,g,1,1998-01-15,2006-11-30
3007,1,1,oz,28.35,g,1,2013-12-23,2013-12-23
3007,2,1,jar,71,g,1,2013-12-23,2013-12-23
3008,1,1,TBSP,15,g,1,1994-01-31,2006-11-30
3008,2,1,oz,28.35,g,1,1999-03-22,2006-11-30
3008,3,1,jar,71,g,1,1998-01-15,2006-11-30
3008,4,1,jar Gerber Second Foods (2.5 oz),71,g,1,2002-09-06,2006-11-30
3009,1,1,oz,28.35,g,1,2013-12-23,2013-12-23
3009,2,1,jar,71,g,1,2013-12-23,2013-12-23
3010,1,1,tbsp,22,g,1,1994-09-29,2009-02-11
3010,2,1,oz,28.35,g,1,1999-03-22,2006-11-30
3010,3,1,jar,71,g,1,1998-01-15,2006-11-30
3010,4,1,container,70,g,1,2002-09-06,2009-02-11
3011,1,1,oz,28.35,g,1,2013-12-23,2013-12-23
3011,2,1,jar,71,g,1,2013-12-23,2013-12-23
3012,1,1,TBSP,15,g,1,1994-09-29,2006-11-30
3012,2,1,oz,28.35,g,1,1999-03-22,2006-11-30
3012,3,1,jar,71,g,1,1998-01-15,2006-11-30
3012,4,1,jar Beech-Nut Stage 1 (2.5 oz),71,g,1,2002-09-06,2006-11-30
3012,5,1,jar Gerber Second Foods (2.5 oz),71,g,1,2002-09-06,2006-11-30
3012,6,1,jar Heinz Strained-2 (2.5 oz),71,g,1,2002-09-06,2006-11-30
3013,1,1,TBSP,15,g,1,1994-09-29,2006-11-30
3013,2,1,oz,28.35,g,1,1999-03-22,2006-11-30
3013,3,1,jar,71,g,1,1998-01-15,2006-11-30
3013,4,1,jar Gerber Third Foods (2.5 oz),71,g,1,2002-09-06,2006-11-30
3013,5,1,jar Heinz Junior-3 (2.5 oz),71,g,1,2002-09-06,2006-11-30
3014,1,1,stick,10,g,1,2013-12-23,2013-12-23
3014,2,1,jar,71,g,1,2013-12-23,2013-12-23
3014,3,1,jar Gerber Graduate (2.5 oz),71,g,1,2013-12-23,2013-12-23
3015,1,1,TBSP,15,g,1,1994-09-29,2006-11-30
3015,2,1,oz,28.35,g,1,1999-03-22,2006-11-30
3015,3,1,jar,71,g,1,1998-01-15,2006-11-30
3015,4,1,jar Beech-Nut Stage 1 (2.5 oz),71,g,1,2002-09-06,2006-11-30
3015,5,1,jar Gerber Second Foods (2.5 oz),71,g,1,2002-09-06,2006-11-30
3015,6,1,jar Heinz Strained-2 (2.5 oz),71,g,1,2002-09-06,2006-11-30
3016,1,1,tbsp,19,g,1,1994-09-29,2009-02-11
3016,2,1,container,68,g,1,1999-03-22,2009-02-11
3017,1,1,stick,10,g,1,2013-12-23,2013-12-23
3017,2,1,jar,71,g,1,2013-12-23,2013-12-23
3017,3,1,jar Gerber Graduate (2.5 oz),71,g,1,2013-12-23,2013-12-23
3021,1,1,stick,10,g,1,2013-12-23,2013-12-23
3021,2,1,jar,71,g,1,2013-12-23,2013-12-23
3021,3,1,jar Gerber Graduate (2.5 oz),71,g,1,2013-12-23,2013-12-23
3026,1,1,serving,88,g,1,2019-02-13,2019-02-13
3044,1,1,tbsp,16,g,1,2013-12-23,2013-12-23
3044,2,1,oz,28.35,g,1,2013-12-23,2013-12-23
3044,3,1,jar,113,g,1,2013-12-23,2013-12-23
3044,4,1,jar Gerber Second Food (4 oz),113,g,1,2013-12-23,2013-12-23
3044,5,1,jar Beech-Nut Stage 2 (4 oz),113,g,1,2013-12-23,2013-12-23
3044,6,1,jar Heinz Strained-2 (4 oz),113,g,1,2013-12-23,2013-12-23
3045,1,1,tbsp,16,g,1,2013-12-23,2013-12-23
3045,2,1,oz,28.35,g,1,2013-12-23,2013-12-23
3045,3,1,jar,170,g,1,2013-12-23,2013-12-23
3045,4,1,jar Beech-Nut Stage 3 (6 oz),170,g,1,2013-12-23,2013-12-23
3045,5,1,jar Gerber Third Foods (6 oz),170,g,1,2013-12-23,2013-12-23
3046,1,1,tbsp,16,g,1,2013-12-23,2013-12-23
3046,2,1,piece,8,g,1,2013-12-23,2013-12-23
3047,1,1,tbsp,16,g,1,2013-12-23,2013-12-23
3047,2,1,oz,28.35,g,1,2013-12-23,2013-12-23
3047,3,1,jar,113,g,1,2013-12-23,2013-12-23
3047,4,1,jar Gerber Second Food (4 oz),113,g,1,2013-12-23,2013-12-23
3047,5,1,jar Beech-Nut Stage 2 (4 oz),113,g,1,2013-12-23,2013-12-23
3047,6,1,jar Heinz Strained-2 (4 oz),113,g,1,2013-12-23,2013-12-23
3048,1,1,container,113,g,1,2013-12-23,2013-12-23
3050,1,1,tbsp,16,g,1,2013-12-23,2013-12-23
3050,2,1,oz,28.35,g,1,2013-12-23,2013-12-23
3050,3,1,jar,170,g,1,2013-12-23,2013-12-23
3050,4,1,jar Beech-Nut Stage 3 (6 oz),170,g,1,2013-12-23,2013-12-23
3050,5,1,jar Gerber Third Foods (6 oz),170,g,1,2013-12-23,2013-12-23
3050,6,1,jar Heinz Junior-3 (6 oz),170,g,1,2013-12-23,2013-12-23
3053,1,1,cup,256,g,1,2013-12-23,2013-12-23
3053,2,1,tbsp,16,g,1,2013-12-23,2013-12-23
3053,3,1,oz,28.35,g,1,2013-12-23,2013-12-23
3053,4,1,jar,113,g,1,2013-12-23,2013-12-23
3053,5,1,jar Earth's Best (4.5 oz),128,g,1,2013-12-23,2013-12-23
3053,6,1,jar Gerber Second Food (4 oz),113,g,1,2013-12-23,2013-12-23
3053,7,1,jar Beech-Nut Stage 2 (4 oz),113,g,1,2013-12-23,2013-12-23
3053,8,1,jar Heinz Strained-2 (4 oz),113,g,1,2013-12-23,2013-12-23
3054,1,1,cup,256,g,1,2013-12-23,2013-12-23
3054,2,1,tbsp,16,g,1,2013-12-23,2013-12-23
3054,3,1,oz,28.35,g,1,2013-12-23,2013-12-23
3054,4,1,jar,170,g,1,2013-12-23,2013-12-23
3054,5,1,jar Beech-Nut Stage 3 (6 oz),170,g,1,2013-12-23,2013-12-23
3054,6,1,jar Gerber Third Foods (6 oz),170,g,1,2013-12-23,2013-12-23
3054,7,1,jar Heinz Junior-3 (6 oz),170,g,1,2013-12-23,2013-12-23
3055,1,1,jar Beech-Nut Stage 2 (4 oz),113,g,1,2013-12-23,2013-12-23
3067,1,1,oz,28.35,g,1,2013-12-23,2013-12-23
3067,2,1,jar,170,g,1,2013-12-23,2013-12-23
3068,1,1,tbsp,16,g,1,2013-12-23,2013-12-23
3068,2,1,oz,28.35,g,1,2013-12-23,2013-12-23
3068,3,1,jar,113,g,1,2013-12-23,2013-12-23
3068,4,1,jar Gerber Second Food (4 oz),113,g,1,2013-12-23,2013-12-23
3068,5,1,jar Beech-Nut Stage 2 (4 oz),113,g,1,2013-12-23,2013-12-23
3068,6,1,jar Heinz Strained-2 (4 oz),113,g,1,2013-12-23,2013-12-23
3069,1,1,tbsp,16,g,1,2013-12-23,2013-12-23
3069,2,1,oz,28.35,g,1,2013-12-23,2013-12-23
3069,3,1,jar,170,g,1,2013-12-23,2013-12-23
3069,4,1,jar Beech-Nut Stage 3 (6 oz),170,g,1,2013-12-23,2013-12-23
3069,5,1,jar Gerber Third Foods (6 oz),170,g,1,2013-12-23,2013-12-23
3069,6,1,jar Heinz Junior-3 (6 oz),170,g,1,2013-12-23,2013-12-23
3070,1,1,jar Beech-Nut Stage 2 (4 oz),113,g,1,2013-12-23,2013-12-23
3070,2,1,tbsp,16,g,1,2013-12-23,2013-12-23
3070,3,1,oz,28.35,g,1,2013-12-23,2013-12-23
3070,4,1,jar,113,g,1,2013-12-23,2013-12-23
3070,5,1,jar Heinz Strained-2 (4 oz),113,g,1,2013-12-23,2013-12-23
3072,1,1,tbsp,16,g,1,2013-12-23,2013-12-23
3072,2,1,oz,28.35,g,1,2013-12-23,2013-12-23
3072,3,1,jar,170,g,1,2013-12-23,2013-12-23
3073,1,1,cup,256,g,1,2013-12-23,2013-12-23
3073,2,1,tbsp,16,g,1,2013-12-23,2013-12-23
3073,3,1,oz,28.35,g,1,2013-12-23,2013-12-23
3073,4,1,jar,113,g,1,2013-12-23,2013-12-23
3073,5,1,jar Gerber Second Food (4 oz),113,g,1,2013-12-23,2013-12-23
3073,6,1,jar Beech-Nut Stage 2 (4 oz),113,g,1,2013-12-23,2013-12-23
3073,7,1,jar Heinz Strained-2 (4 oz),113,g,1,2013-12-23,2013-12-23
3077,1,1,"jar, Gerber (4 oz)",113,g,1,2013-12-23,2013-12-23
3082,1,1,tbsp,16,g,1,2013-12-23,2013-12-23
3082,2,1,oz,28.35,g,1,2013-12-23,2013-12-23
3082,3,1,jar,113,g,1,2013-12-23,2013-12-23
3082,4,1,jar Gerber Second Food (4 oz),113,g,1,2013-12-23,2013-12-23
3082,5,1,jar Beech-Nut Stage 2 (4 oz),113,g,1,2013-12-23,2013-12-23
3082,6,1,jar Heinz Strained-2 (4 oz),113,g,1,2013-12-23,2013-12-23
3083,1,1,tbsp,16,g,1,2013-12-23,2013-12-23
3083,2,1,oz,28.35,g,1,2013-12-23,2013-12-23
3083,3,1,jar,170,g,1,2013-12-23,2013-12-23
3083,4,1,jar Beech-Nut Stage 3 (6 oz),170,g,1,2013-12-23,2013-12-23
3083,5,1,jar Gerber Third Foods (6 oz),170,g,1,2013-12-23,2013-12-23
3083,6,1,jar Heinz Junior-3 (6 oz),170,g,1,2013-12-23,2013-12-23
3084,1,1,cup,256,g,1,2013-12-23,2013-12-23
3084,2,1,tbsp,16,g,1,2013-12-23,2013-12-23
3084,3,1,oz,28.35,g,1,2013-12-23,2013-12-23
3084,4,1,jar,113,g,1,2013-12-23,2013-12-23
3084,5,1,jar Earth's Best (4.5 oz),113,g,1,2013-12-23,2013-12-23
3084,6,1,jar Gerber Second Food (4 oz),113,g,1,2013-12-23,2013-12-23
3085,1,1,cup,256,g,1,2013-12-23,2013-12-23
3085,2,1,tbsp,16,g,1,2013-12-23,2013-12-23
3085,3,1,oz,28.35,g,1,2013-12-23,2013-12-23
3085,4,1,jar,170,g,1,2013-12-23,2013-12-23
3085,5,1,jar Gerber Third Foods (6 oz),170,g,1,2013-12-23,2013-12-23
3089,1,1,oz,28.35,g,1,1999-03-22,2006-11-30
3089,2,1,jar,113,g,1,1994-01-31,2006-11-30
3090,1,1,oz,28.35,g,1,1999-03-22,2006-11-30
3090,2,1,jar,170,g,1,1994-01-31,2006-11-30
3091,1,1,CUP,240,g,1,1994-09-29,2006-11-30
3091,2,1,TBSP,15,g,1,1999-03-22,2006-11-30
3091,3,1,oz,28.35,g,1,1998-01-15,2006-11-30
3091,4,1,jar,113,g,1,2002-09-06,2006-11-30
3091,5,1,jar Beech-Nut Stage I (4 oz),113,g,1,2002-09-06,2006-11-30
3091,6,1,jar Gerber First Foods (2.5 oz),71,g,1,2002-09-06,2006-11-30
3091,7,1,jar Gerber Second Food (4 oz),113,g,1,2002-09-06,2006-11-30
3091,8,1,jar Heinz Strained-2 (4 oz),113,g,1,2002-09-06,2006-11-30
3091,9,1,jar Heinz Beginner-1 (2.5 oz),71,g,1,2002-09-06,2006-11-30
3092,1,1,CUP,240,g,1,1994-09-29,2006-11-30
3092,2,1,TBSP,15,g,1,1999-03-22,2006-11-30
3092,3,1,oz,28.35,g,1,1998-01-15,2006-11-30
3092,4,1,jar,170,g,1,2002-09-06,2006-11-30
3092,5,1,jar Beech-Nut Stage 3 (6 oz),170,g,1,2002-09-06,2006-11-30
3093,1,1,oz,28.35,g,1,2013-12-23,2013-12-23
3093,2,1,jar,128,g,1,2013-12-23,2013-12-23
3096,1,1,"jar, Gerber (4 oz)",113,g,1,2013-12-23,2013-12-23
3098,1,1,CUP,224,g,1,1994-09-29,2006-11-30
3098,2,1,TBSP,14,g,1,1999-03-22,2006-11-30
3098,3,1,oz,28.35,g,1,1998-01-15,2006-11-30
3098,4,1,jar,113,g,1,2002-09-06,2006-11-30
3098,5,1,jar Gerber Second Food (4 oz),113,g,1,2002-09-06,2006-11-30
3098,6,1,jar Heinz Strained-2 (4 oz),113,g,1,2002-09-06,2006-11-30
3099,1,1,CUP,224,g,1,1994-09-29,2006-11-30
3099,2,1,TBSP,14,g,1,1999-03-22,2006-11-30
3099,3,1,oz,28.35,g,1,1998-01-15,2006-11-30
3099,4,1,jar,113,g,1,2002-09-06,2006-11-30
3099,5,1,jar Beech-Nut Baby's First (2.5 oz),71,g,1,2002-09-06,2006-11-30
3099,6,1,jar Beech-Nut Stage I (4 oz),113,g,1,2002-09-06,2006-11-30
3099,7,1,jar Gerber First Foods (2.5 oz),71,g,1,2002-09-06,2006-11-30
3099,8,1,jar Earth's Best (4.5 oz),128,g,1,2002-09-06,2006-11-30
3099,9,1,jar Gerber Second Food (4 oz),113,g,1,2002-09-06,2006-11-30
3099,10,1,jar Heinz Strained-2 (4 oz),113,g,1,2002-09-06,2006-11-30
3099,11,1,jar Heinz Beginner-1 (2.5 oz),71,g,1,2002-09-06,2006-11-30
3100,1,1,CUP,224,g,1,1994-09-29,2006-11-30
3100,2,1,TBSP,14,g,1,1999-03-22,2006-11-30
3100,3,1,oz,28.35,g,1,1998-01-15,2006-11-30
3100,4,1,jar,170,g,1,2002-09-06,2006-11-30
3100,5,1,jar Beech-Nut Stage 3 (6 oz),170,g,1,2002-09-06,2006-11-30
3100,6,1,jar Gerber Third Foods (6 oz),170,g,1,2002-09-06,2006-11-30
3100,7,1,jar Heinz Junior-3 (6 oz),170,g,1,2002-09-06,2006-11-30
3104,1,1,tbsp,16,g,1,1994-09-29,2009-02-11
3104,2,1,oz,28.35,g,1,1999-03-22,2009-02-11
3104,3,1,jar,113,g,1,1998-01-15,2011-01-18
3105,1,1,tbsp,16,g,1,1994-09-29,2009-02-11
3105,2,1,oz,28.35,g,1,1999-03-22,2009-02-11
3105,3,1,jar,99,g,1,1998-01-15,2009-02-11
3105,4,1,container,67,g,1,2002-09-06,2009-02-11
3108,1,1,CUP,224,g,1,1994-09-29,2006-11-30
3108,2,1,TBSP,14,g,1,1999-03-22,2006-11-30
3108,3,1,oz,28.35,g,1,1998-01-15,2006-11-30
3108,4,1,jar,113,g,1,2002-09-06,2006-11-30
3108,5,1,jar Beech-Nut Baby's First (2.5 oz),71,g,1,2002-09-06,2006-11-30
3108,6,1,jar Beech-Nut Stage I (4 oz),113,g,1,2002-09-06,2006-11-30
3108,7,1,jar Gerber First Foods (2.5 oz),71,g,1,2002-09-06,2006-11-30
3108,8,1,jar Earth's Best (4.5 oz),128,g,1,2002-09-06,2006-11-30
3108,9,1,jar Gerber Second Food (4 oz),113,g,1,2002-09-06,2006-11-30
3108,10,1,jar Heinz Strained-2 (4 oz),113,g,1,2002-09-06,2006-11-30
3108,11,1,jar Heinz Beginner-1 (2.5 oz),71,g,1,2002-09-06,2006-11-30
3109,1,1,CUP,224,g,1,1994-09-29,2006-11-30
3109,2,1,TBSP,14,g,1,1999-03-22,2006-11-30
3109,3,1,oz,28.35,g,1,1998-01-15,2006-11-30
3109,4,1,jar,170,g,1,2002-09-06,2006-11-30
3109,5,1,jar Beech-Nut Stage 3 (6 oz),170,g,1,2002-09-06,2006-11-30
3109,6,1,jar Gerber Third Foods (6 oz),170,g,1,2002-09-06,2006-11-30
3109,7,1,jar Heinz Junior-3 (6 oz),170,g,1,2002-09-06,2006-11-30
3112,1,1,cup,163,g,1,2013-12-23,2013-12-23
3112,2,1,tbsp,10,g,1,2013-12-23,2013-12-23
3112,3,1,jar Gerber Graduate (4.5 oz),71,g,1,2013-12-23,2013-12-23
3114,1,1,"jar, Gerber (4 oz)",113,g,1,2013-12-23,2013-12-23
3115,1,1,oz,28.35,g,1,2013-12-23,2013-12-23
3116,1,1,TBSP,16,g,1,1994-09-29,2006-11-30
3116,2,1,oz,28.35,g,1,1999-03-22,2006-11-30
3116,3,1,jar,113,g,1,1998-01-15,2006-11-30
3116,4,1,jar Beech-Nut Baby's First (2.5 oz),71,g,1,2002-09-06,2006-11-30
3116,5,1,jar Beech-Nut Stage I (4 oz),113,g,1,2002-09-06,2006-11-30
3116,6,1,jar Gerber First Foods (2.5 oz),71,g,1,2002-09-06,2006-11-30
3116,7,1,jar Earth's Best (4.5 oz),128,g,1,2002-09-06,2006-11-30
3116,8,1,jar Gerber Second Food (4 oz),113,g,1,2002-09-06,2006-11-30
3116,9,1,jar Heinz Strained-2 (4 oz),113,g,1,2002-09-06,2006-11-30
3116,10,1,jar Heinz Beginner-1 (2.5 oz),71,g,1,2002-09-06,2006-11-30
3117,1,1,TBSP,16,g,1,1994-09-29,2006-11-30
3117,2,1,oz,28.35,g,1,1999-03-22,2006-11-30
3117,3,1,jar,170,g,1,1998-01-15,2006-11-30
3117,4,1,jar Beech-Nut Stage 3 (6 oz),170,g,1,2002-09-06,2006-11-30
3117,5,1,jar Gerber Third Foods (6 oz),170,g,1,2002-09-06,2006-11-30
3117,6,1,jar Heinz Junior-3 (6 oz),170,g,1,2002-09-06,2006-11-30
3118,1,1,tbsp,15,g,1,2013-12-23,2013-12-23
3118,2,1,oz,28.35,g,1,2013-12-23,2013-12-23
3118,3,1,jar,113,g,1,2013-12-23,2013-12-23
3118,4,1,jar Gerber Second Food (4 oz),113,g,1,2013-12-23,2013-12-23
3118,5,1,jar Heinz Strained-2 (4.25 oz),120,g,1,2013-12-23,2013-12-23
3119,1,1,jar,113,g,1,1994-09-29,2013-12-26
3119,2,1,TBSP,15,g,1,1999-03-22,2006-11-30
3119,3,1,oz,28.35,g,1,1998-01-15,2006-11-30
3119,4,1,cup,240,g,1,2002-09-06,2013-12-26
3119,5,1,jar Gerber Second Food (4 oz),113,g,1,2002-09-06,2006-11-30
3119,6,1,jar Beech-Nut Stage 2 (4 oz),113,g,1,2002-09-06,2006-11-30
3119,7,1,jar Heinz Strained-2 (4 oz),113,g,1,2002-09-06,2006-11-30
3120,1,1,CUP,240,g,1,1994-09-29,2006-11-30
3120,2,1,TBSP,15,g,1,1999-03-22,2006-11-30
3120,3,1,oz,28.35,g,1,1998-01-15,2006-11-30
3120,4,1,jar,170,g,1,2002-09-06,2006-11-30
3120,5,1,jar Heinz Junior-3 (6 oz),170,g,1,2002-09-06,2006-11-30
3121,1,1,tbsp,16,g,1,1994-09-29,2009-02-11
3121,2,1,oz,28.35,g,1,1999-03-22,2009-02-11
3121,3,1,jar,95,g,1,1998-01-15,2009-02-11
3121,4,1,CUP,240,g,1,2002-09-06,2009-02-11
3121,5,1,container,91,g,1,2002-09-06,2009-02-11
3122,1,1,oz,28.35,g,1,2013-12-23,2013-12-23
3127,1,1,CUP,240,g,1,1994-09-29,2006-11-30
3127,2,1,TBSP,15,g,1,1999-03-22,2006-11-30
3127,3,1,oz,28.35,g,1,1998-01-15,2006-11-30
3127,4,1,jar,113,g,1,2002-09-06,2006-11-30
3127,5,1,jar Gerber Second Food (4 oz),113,g,1,2002-09-06,2006-11-30
3128,1,1,tbsp,15,g,1,2013-12-23,2013-12-23
3128,2,1,oz,28.35,g,1,2013-12-23,2013-12-23
3128,3,1,jar,170,g,1,2013-12-23,2013-12-23
3128,4,1,jar Gerber Third Foods (6 oz),170,g,1,2013-12-23,2013-12-23
3128,5,1,jar Heinz Junior-3 (6 oz),170,g,1,2013-12-23,2013-12-23
3129,1,1,tbsp,15,g,1,2013-12-23,2013-12-23
3129,2,1,oz,28.35,g,1,2013-12-23,2013-12-23
3129,3,1,jar,113,g,1,2013-12-23,2013-12-23
3129,4,1,jar Gerber Second Food (4 oz),113,g,1,2013-12-23,2013-12-23
3129,5,1,jar Heinz Strained-2 (4.25 oz),120,g,1,2013-12-23,2013-12-23
3130,1,1,tbsp,17,g,1,1994-09-29,2009-02-11
3130,2,1,oz,28.35,g,1,1999-03-22,2006-11-30
3130,3,1,jar,95,g,1,1998-01-15,2009-02-11
3130,4,1,container,67,g,1,2002-09-06,2009-02-11
3131,1,1,tbsp,17,g,1,1994-09-29,2009-02-11
3131,2,1,oz,28.35,g,1,1999-03-22,2006-11-30
3131,3,1,jar,95,g,1,1998-01-15,2009-02-11
3131,4,1,container,67,g,1,2002-09-06,2009-02-11
3132,1,1,TBSP,16,g,1,1994-09-29,2006-11-30
3132,2,1,oz,28.35,g,1,1999-03-22,2006-11-30
3132,3,1,jar,113,g,1,1998-01-15,2006-11-30
3132,4,1,jar Beech-Nut Baby's First (2.5 oz),71,g,1,2002-09-06,2006-11-30
3132,5,1,jar Beech-Nut Stage I (4 oz),113,g,1,2002-09-06,2006-11-30
3132,6,1,jar Gerber First Foods (2.5 oz),71,g,1,2002-09-06,2006-11-30
3132,7,1,jar Earth's Best (4.5 oz),113,g,1,2002-09-06,2006-11-30
3132,8,1,jar Gerber Second Food (4 oz),113,g,1,2002-09-06,2006-11-30
3132,9,1,jar Heinz Strained-2 (4 oz),113,g,1,2002-09-06,2006-11-30
3132,10,1,jar Heinz Beginner-1 (2.5 oz),71,g,1,2002-09-06,2006-11-30
3133,1,1,TBSP,16,g,1,1994-09-29,2006-11-30
3133,2,1,oz,28.35,g,1,1999-03-22,2006-11-30
3133,3,1,jar,170,g,1,1998-01-15,2006-11-30
3133,4,1,jar Beech-Nut Stage 3 (6 oz),170,g,1,2002-09-06,2006-11-30
3133,5,1,jar Gerber Third Foods (6 oz),170,g,1,2002-09-06,2006-11-30
3133,6,1,jar Heinz Junior-3 (6 oz),170,g,1,2002-09-06,2006-11-30
3134,1,1,tbsp,15,g,1,2013-12-23,2013-12-23
3134,2,1,oz,28.35,g,1,2013-12-23,2013-12-23
3134,3,1,jar,113,g,1,2013-12-23,2013-12-23
3134,4,1,jar Gerber Second Food (4 oz),113,g,1,2013-12-23,2013-12-23
3134,5,1,jar Heinz Strained-2 (4 oz),113,g,1,2013-12-23,2013-12-23
3135,1,1,tbsp,15,g,1,2013-12-23,2013-12-23
3135,2,1,oz,28.35,g,1,2013-12-23,2013-12-23
3135,3,1,jar,170,g,1,2013-12-23,2013-12-23
3135,4,1,jar Gerber Third Foods (6 oz),170,g,1,2013-12-23,2013-12-23
3136,1,1,tbsp,15,g,1,2013-12-23,2013-12-23
3136,2,1,oz,28.35,g,1,2013-12-23,2013-12-23
3136,3,1,jar,113,g,1,2013-12-23,2013-12-23
3136,4,1,jar Gerber Second Food (4 oz),113,g,1,2013-12-23,2013-12-23
3136,5,1,jar Heinz Strained-2 (4.25 oz),120,g,1,2013-12-23,2013-12-23
3137,1,1,oz,28.35,g,1,2013-12-23,2013-12-23
3137,2,1,jar,170,g,1,2013-12-23,2013-12-23
3139,1,1,tbsp,15,g,1,2013-12-23,2013-12-23
3139,2,1,jar Gerber First Foods (2.5 oz),71,g,1,2013-12-23,2013-12-23
3140,1,1,tbsp,15,g,1,2013-12-23,2013-12-23
3140,2,1,oz,28.35,g,1,2013-12-23,2013-12-23
3140,3,1,"jar, Gerber (4 oz)",113,g,1,2013-12-23,2013-12-23
3140,4,1,jar,113,g,1,2013-12-23,2013-12-23
3141,1,1,oz,28.35,g,1,2013-12-23,2013-12-23
3141,2,1,jar Gerber,128,g,1,2013-12-23,2013-12-23
3142,1,1,TBSP,16,g,1,1994-09-29,2006-11-30
3142,2,1,oz,28.35,g,1,1999-03-22,2006-11-30
3142,3,1,jar,113,g,1,1998-01-15,2006-11-30
3142,4,1,jar Earth's Best (4.5 oz),128,g,1,2002-09-06,2006-11-30
3142,5,1,jar Gerber Second Food (4 oz),113,g,1,2002-09-06,2006-11-30
3142,6,1,jar Beech-Nut Stage 2 (4 oz),113,g,1,2002-09-06,2006-11-30
3142,7,1,jar Heinz Strained-2 (4 oz),113,g,1,2002-09-06,2006-11-30
3143,1,1,tbsp,16,g,1,2013-12-23,2013-12-23
3143,2,1,oz,28.35,g,1,2013-12-23,2013-12-23
3143,3,1,jar,170,g,1,2013-12-23,2013-12-23
3143,4,1,jar Heinz Junior-3 (6 oz),170,g,1,2013-12-23,2013-12-23
3144,1,1,oz,28.35,g,1,1999-03-22,2006-11-30
3144,2,1,jar,113,g,1,1994-01-31,2006-11-30
3145,1,1,oz,28.35,g,1,2013-12-23,2013-12-23
3145,2,1,jar,170,g,1,2013-12-23,2013-12-23
3147,1,1,tbsp,16,g,1,2013-12-23,2013-12-23
3147,2,1,jar NFS,170,g,1,2013-12-23,2013-12-23
3147,3,1,jar Beech-Nut Stage 3 (6 oz),170,g,1,2013-12-23,2013-12-23
3150,1,1,oz,28.35,g,1,2013-12-23,2013-12-23
3150,2,1,jar,113,g,1,2013-12-23,2013-12-23
3151,1,1,oz,28.35,g,1,2013-12-23,2013-12-23
3151,2,1,jar,170,g,1,2013-12-23,2013-12-23
3152,1,1,oz,28.35,g,1,1999-03-22,2006-11-30
3152,2,1,jar,113,g,1,1994-01-31,2006-11-30
3153,1,1,oz,28.35,g,1,2013-12-23,2013-12-23
3153,2,1,jar,170,g,1,2013-12-23,2013-12-23
3154,1,1,"jar, Gerber (4 oz)",113,g,1,2013-12-23,2013-12-23
3156,1,1,tbsp,15,g,1,2013-12-23,2013-12-23
3156,2,1,oz,28.35,g,1,2013-12-23,2013-12-23
3156,3,1,jar,170,g,1,2013-12-23,2013-12-23
3156,4,1,jar Gerber Third Foods (6 oz),170,g,1,2013-12-23,2013-12-23
3156,5,1,jar Heinz Junior-3 (6 oz),170,g,1,2013-12-23,2013-12-23
3157,1,1,tbsp,15,g,1,2013-12-23,2013-12-23
3157,2,1,oz,28.35,g,1,2013-12-23,2013-12-23
3157,3,1,jar,113,g,1,2013-12-23,2013-12-23
3157,4,1,jar Gerber Second Food (4 oz),113,g,1,2013-12-23,2013-12-23
3157,5,1,jar Heinz Strained-2 (4.25 oz),120,g,1,2013-12-23,2013-12-23
3158,1,1,TBSP,16,g,1,1994-09-29,2006-11-30
3158,2,1,oz,28.35,g,1,1999-03-22,2006-11-30
3158,3,1,jar,113,g,1,1998-01-15,2006-11-30
3158,4,1,jar Gerber Second Food (4 oz),113,g,1,2002-09-06,2006-11-30
3158,5,1,jar Beech-Nut Stage 2 (4 oz),113,g,1,2002-09-06,2006-11-30
3158,6,1,jar Heinz Strained-2 (4 oz),113,g,1,2002-09-06,2006-11-30
3159,1,1,tbsp,16,g,1,2013-12-23,2013-12-23
3159,2,1,oz,28.35,g,1,2013-12-23,2013-12-23
3159,3,1,jar,170,g,1,2013-12-23,2013-12-23
3159,4,1,jar Gerber Third Foods (6 oz),170,g,1,2013-12-23,2013-12-23
3161,1,1,oz,28.35,g,1,2013-12-23,2013-12-23
3161,2,1,jar Gerber,128,g,1,2013-12-23,2013-12-23
3163,1,1,tbsp,15,g,1,2013-12-23,2013-12-23
3163,2,1,jar NFS,113,g,1,2013-12-23,2013-12-23
3163,3,1,jar Gerber Second Food (4 oz),113,g,1,2013-12-23,2013-12-23
3164,1,1,oz,28.35,g,1,1999-03-22,2006-11-30
3164,2,1,jar,113,g,1,1994-01-31,2006-11-30
3165,1,1,oz,28.35,g,1,2013-12-23,2013-12-23
3165,2,1,jar,170,g,1,2013-12-23,2013-12-23
3166,1,1,fl oz,31.7,g,1,2013-12-23,2013-12-23
3166,2,1,jar,127,g,1,2013-12-23,2013-12-23
3166,3,1,bottle Earth's Best (4.2 fl oz),131,g,1,2013-12-23,2013-12-23
3166,4,1,bottle Heinz Strained (4 fl oz),125,g,1,2013-12-23,2013-12-23
3166,5,1,bottle Gerber First Food (4 fl oz),125,g,1,2013-12-23,2013-12-23
3166,6,1,bottle Beech-Nut Stage I (4 fl oz),125,g,1,2013-12-23,2013-12-23
3167,1,1,fl oz,31.2,g,1,2013-12-23,2013-12-23
3167,2,1,bottle Earth's Best (4.2 fl oz),131,g,1,2013-12-23,2013-12-23
3167,3,1,bottle Heinz Strained (4 fl oz),125,g,1,2013-12-23,2013-12-23
3167,4,1,bottle NFS,125,g,1,2013-12-23,2013-12-23
3167,5,1,bottle Beech-Nut Stage 2 (4 fl oz),125,g,1,2013-12-23,2013-12-23
3167,6,1,bottle Gerber Second Foods (4 fl oz),125,g,1,2013-12-23,2013-12-23
3168,1,1,fl oz,31.2,g,1,2013-12-23,2013-12-23
3168,2,1,jar,127,g,1,2013-12-23,2013-12-23
3171,1,1,fl oz,31.2,g,1,2013-12-23,2013-12-23
3171,2,1,jar,127,g,1,2013-12-23,2013-12-23
3171,3,1,bottle (4 fl oz),125,g,1,2013-12-23,2013-12-23
3172,1,1,fl oz,31.2,g,1,2013-12-23,2013-12-23
3172,2,1,jar,127,g,1,2013-12-23,2013-12-23
3172,3,1,bottle Heinz Strained (4 fl oz),125,g,1,2013-12-23,2013-12-23
3172,4,1,bottle Gerber Second Foods (4 fl oz),125,g,1,2013-12-23,2013-12-23
3172,5,1,bottle Beech-Nut Stage 3 (4 fl oz),125,g,1,2013-12-23,2013-12-23
3174,1,1,fl oz,31.2,g,1,2013-12-23,2013-12-23
3174,2,1,jar,127,g,1,2013-12-23,2013-12-23
3174,3,1,bottle Heinz Strained (4 fl oz),125,g,1,2013-12-23,2013-12-23
3175,1,1,fl oz,31.2,g,1,2013-12-23,2013-12-23
3175,2,1,jar,127,g,1,2013-12-23,2013-12-23
3177,1,1,fl oz,31.2,g,1,2013-12-23,2013-12-23
3177,2,1,jar,127,g,1,2013-12-23,2013-12-23
3179,1,1,fl oz,31.2,g,1,2013-12-23,2013-12-23
3179,2,1,jar,127,g,1,2013-12-23,2013-12-23
3179,3,1,bottle (4 fl oz),125,g,1,2013-12-23,2013-12-23
3181,1,1,tbsp,2.4,g,1,2013-12-23,2013-12-23
3181,2,0.5,oz,15,g,1,2013-12-23,2013-12-23
3184,1,0.5,oz,15,g,1,2013-12-23,2013-12-23
3185,1,1,TBSP,2.5,g,1,1994-01-31,2006-11-30
3185,2,0.5,oz,15,g,1,1997-08-29,2006-11-30
3186,1,1,tbsp,2.5,g,1,2013-12-23,2013-12-23
3186,2,0.5,oz,15,g,1,2013-12-23,2013-12-23
3187,1,1,oz,28.35,g,1,2013-12-23,2013-12-23
3187,2,1,jar,113,g,1,2013-12-23,2013-12-23
3188,1,1,oz,28.35,g,1,2013-12-23,2013-12-23
3188,2,1,jar,170,g,1,2013-12-23,2013-12-23
3189,1,1,tbsp,3.2,g,1,1994-01-31,2009-02-11
3189,2,0.5,oz,15,g,1,1997-08-29,2006-11-30
3189,3,0.25,CUP,12.2,g,1,2007-11-28,2007-11-28
3189,4,1,box,223,g,1,2007-11-28,2007-11-28
3190,1,1,serving,15,g,1,2013-12-23,2019-02-13
3190,2,0.5,oz,15,g,1,2013-12-23,2013-12-23
3190,3,1,tbsp,2.5,g,1,2019-02-13,2019-02-13
3191,1,1,oz,28.35,g,1,2013-12-23,2013-12-23
3191,2,1,jar,113,g,1,2013-12-23,2013-12-23
3192,1,1,oz,28.35,g,1,2013-12-23,2013-12-23
3192,2,1,jar,170,g,1,2013-12-23,2013-12-23
3194,1,1,TBSP,2.5,g,1,1994-01-31,2006-11-30
3194,2,0.5,oz,15,g,1,1997-08-29,2006-11-30
3195,1,1,tbsp,16,g,1,2013-12-23,2013-12-23
3195,2,1,oz,28.35,g,1,2013-12-23,2013-12-23
3195,3,1,jar,113,g,1,2013-12-23,2013-12-23
3195,4,1,jar Gerber Second Food (4 oz),113,g,1,2013-12-23,2013-12-23
3195,5,1,jar Heinz Strained-2 (4.25 oz),120,g,1,2013-12-23,2013-12-23
3197,1,1,oz,28.35,g,1,2013-12-23,2013-12-23
3197,2,1,jar,113,g,1,2013-12-23,2013-12-23
3198,1,1,oz,28.35,g,1,2013-12-23,2013-12-23
3198,2,1,jar,170,g,1,2013-12-23,2013-12-23
3199,1,1,oz,28.35,g,1,2013-12-23,2013-12-23
3199,2,1,jar,113,g,1,2013-12-23,2013-12-23
3201,1,1,oz,28.35,g,1,2013-12-23,2013-12-23
3201,2,1,jar,170,g,1,2013-12-23,2013-12-23
3205,1,1,tbsp,5.3,g,1,2013-12-23,2013-12-23
3205,2,1,packet (.75 oz),21,g,1,2013-12-23,2013-12-23
3206,1,1,cookie,8,g,1,2013-12-23,2013-12-23
3209,1,1,cracker,0.7,g,1,2013-12-23,2013-12-23
3211,1,1,tbsp,2.4,g,1,2013-12-23,2013-12-23
3211,2,0.5,oz,14.2,g,1,2013-12-23,2013-12-23
3212,1,1,TBSP,2.5,g,1,1994-01-31,2006-11-30
3212,2,0.5,oz,15,g,1,1997-08-29,2006-11-30
3213,1,1,oz,28.35,g,1,2013-12-23,2013-12-23
3213,2,1,cookie,6.5,g,1,2013-12-23,2013-12-23
3214,1,1,oz,28.35,g,1,2013-12-23,2013-12-23
3214,2,1,cookie,5,g,1,2013-12-23,2013-12-23
3215,1,1,oz,28.35,g,1,2013-12-23,2013-12-23
3215,2,1,pretzel,6,g,1,2013-12-23,2013-12-23
3220,1,1,oz,28.35,g,1,2013-12-23,2013-12-23
3220,2,1,jar,113,g,1,2013-12-23,2013-12-23
3221,1,1,oz,28.35,g,1,2013-12-23,2013-12-23
3221,2,1,jar,170,g,1,2013-12-23,2013-12-23
3222,1,1,oz,28.35,g,1,2013-12-23,2013-12-23
3224,1,1,oz,28.35,g,1,2013-12-23,2013-12-23
3224,2,1,jar,113,g,1,2013-12-23,2013-12-23
3225,1,1,oz,28.35,g,1,2013-12-23,2013-12-23
3225,2,1,jar,170,g,1,2013-12-23,2013-12-23
3226,1,1,oz,28.35,g,1,2013-12-23,2013-12-23
3226,2,1,jar,113,g,1,2013-12-23,2013-12-23
3227,1,1,TBSP,15,g,1,1994-09-29,2006-11-30
3227,2,1,oz,28.35,g,1,1999-03-22,2006-11-30
3227,3,1,jar,113,g,1,1998-01-15,2006-11-30
3227,4,1,jar Gerber Second Food (4 oz),113,g,1,2002-09-06,2006-11-30
3227,5,1,jar Heinz Strained-2 (4 oz),113,g,1,2002-09-06,2006-11-30
3228,1,1,TBSP,15,g,1,1994-09-29,2006-11-30
3228,2,1,oz,28.35,g,1,1999-03-22,2006-11-30
3228,3,1,jar,220,g,1,1998-01-15,2006-11-30
3228,4,1,jar Gerber Third Foods (6 oz),170,g,1,2002-09-06,2006-11-30
3233,1,1,tbsp,15,g,1,2013-12-23,2013-12-23
3233,2,1,oz,28.35,g,1,2013-12-23,2013-12-23
3233,3,1,jar,113,g,1,2013-12-23,2013-12-23
3233,4,1,jar Gerber Second Food (4 oz),113,g,1,2013-12-23,2013-12-23
3235,1,1,tbsp,15,g,1,2013-12-23,2013-12-23
3235,2,1,oz,28.35,g,1,2013-12-23,2013-12-23
3235,3,1,jar,113,g,1,2013-12-23,2013-12-23
3235,4,1,jar Gerber Second Food (4 oz),113,g,1,2013-12-23,2013-12-23
3235,5,1,jar Heinz Strained-2 (4.25 oz),120,g,1,2013-12-23,2013-12-23
3236,1,1,tbsp,15,g,1,2013-12-23,2013-12-23
3236,2,1,oz,28.35,g,1,2013-12-23,2013-12-23
3236,3,1,jar,170,g,1,2013-12-23,2013-12-23
3236,4,1,jar Gerber Third Foods (6 oz),170,g,1,2013-12-23,2013-12-23
3236,5,1,jar Heinz Junior-3 (6 oz),170,g,1,2013-12-23,2013-12-23
3245,1,1,cup,229,g,1,2013-12-23,2013-12-23
3245,2,1,tbsp,14,g,1,2013-12-23,2013-12-23
3245,3,1,oz,28.35,g,1,2013-12-23,2013-12-23
3245,4,1,jar,113,g,1,2013-12-23,2013-12-23
3245,5,1,jar Gerber Second Food (4 oz),113,g,1,2013-12-23,2013-12-23
3245,6,1,jar Beech-Nut Stage 2 (4 oz),113,g,1,2013-12-23,2013-12-23
3245,7,1,jar Heinz Strained-2 (4 oz),113,g,1,2013-12-23,2013-12-23
3246,1,1,CUP,229,g,1,1994-09-29,2006-11-30
3246,2,1,TBSP,14,g,1,1999-03-22,2006-11-30
3246,3,1,oz,28.35,g,1,1998-01-15,2006-11-30
3246,4,1,jar,170,g,1,2002-09-06,2006-11-30
3246,5,1,jar Beech-Nut Stage 3 (6 oz),170,g,1,2002-09-06,2006-11-30
3246,6,1,jar Gerber Third Foods (6 oz),170,g,1,2002-09-06,2006-11-30
3246,7,1,jar Heinz Junior-3 (6 oz),170,g,1,2002-09-06,2006-11-30
3265,1,1,fl oz,31.2,g,1,2013-12-23,2013-12-23
3265,2,1,jar,127,g,1,2013-12-23,2013-12-23
3265,3,1,bottle Earth's Best (4.2 fl oz),131,g,1,2013-12-23,2013-12-23
3265,4,1,bottle Heinz Strained (4 fl oz),125,g,1,2013-12-23,2013-12-23
3265,5,1,bottle Beech-Nut Stage 2 (4 fl oz),125,g,1,2013-12-23,2013-12-23
3265,6,1,bottle Gerber Second Foods (4 fl oz),125,g,1,2013-12-23,2013-12-23
3267,1,1,fl oz,31.2,g,1,2013-12-23,2013-12-23
3269,1,1,serving,189,g,1,2013-12-23,2013-12-23
3274,1,1,cup,256,g,1,2013-12-23,2013-12-23
3274,2,1,tbsp,16,g,1,2013-12-23,2013-12-23
3274,3,1,oz,28.35,g,1,2013-12-23,2013-12-23
3274,4,1,jar,170,g,1,2013-12-23,2013-12-23
3274,5,1,jar Beech-Nut Stage 3 (6 oz),170,g,1,2013-12-23,2013-12-23
3274,6,1,jar Gerber Third Foods (6 oz),170,g,1,2013-12-23,2013-12-23
3279,1,1,serving,99,g,1,2016-02-06,2016-02-06
3280,1,1,tbsp,15,g,1,2013-12-23,2013-12-23
3280,2,1,oz,28.35,g,1,2013-12-23,2013-12-23
3280,3,1,jar,170,g,1,2013-12-23,2013-12-23
3280,4,1,jar Gerber Third Foods (6 oz),170,g,1,2013-12-23,2013-12-23
3280,5,1,jar Heinz Junior-3 (6 oz),170,g,1,2013-12-23,2013-12-23
3282,1,1,serving 3.5 oz serving,99,g,1,1994-09-29,2013-12-26
3282,2,1,TBSP,15,g,1,1999-03-22,2006-11-30
3282,3,1,oz,28.35,g,1,1998-01-15,2006-11-30
3282,4,1,cup,240,g,1,2002-09-06,2013-12-26
3282,5,1,package 7 oz,198,g,1,2002-09-06,2013-12-26
3283,1,1,oz,28.35,g,1,1999-03-22,2006-11-30
3283,2,1,jar,113,g,1,1994-01-31,2006-11-30
3286,1,1,oz,28.35,g,1,1999-03-22,2006-11-30
3286,2,1,jar,113,g,1,1994-01-31,2006-11-30
3287,1,1,tbsp,16,g,1,2013-12-23,2013-12-23
3287,2,1,oz,28.35,g,1,2013-12-23,2013-12-23
3287,3,1,jar,170,g,1,2013-12-23,2013-12-23
3287,4,1,jar Beech-Nut Stage 3 (6 oz),170,g,1,2013-12-23,2013-12-23
3287,5,1,jar Gerber Third Foods (6 oz),170,g,1,2013-12-23,2013-12-23
3287,6,1,jar Heinz Junior-3 (6 oz),170,g,1,2013-12-23,2013-12-23
3289,1,1,tbsp,15,g,1,2013-12-23,2013-12-23
3289,2,1,jar NFS,113,g,1,2013-12-23,2013-12-23
3289,3,1,jar Gerber Second Food (4 oz),113,g,1,2013-12-23,2013-12-23
3290,1,1,tbsp,15,g,1,2013-12-23,2013-12-23
3290,2,1,jar NFS,113,g,1,2013-12-23,2013-12-23
3290,3,1,jar Gerber Second Food (4 oz),113,g,1,2013-12-23,2013-12-23
3293,1,1,oz,28.35,g,1,2013-12-23,2013-12-23
3293,2,1,jar Earth's Best,113,g,1,2013-12-23,2013-12-23
3296,1,1,oz,28.35,g,1,2013-12-23,2013-12-23
3296,2,1,jar Beech nut,170,g,1,2013-12-23,2013-12-23
3297,1,1,oz,28.35,g,1,2013-12-23,2013-12-23
3297,2,1,jar,113,g,1,2013-12-23,2013-12-23
3297,3,1,jar Gerber Second Food (4 oz),113,g,1,2013-12-23,2013-12-23
3297,4,1,jar Beech-Nut Stage 2 (4 oz),113,g,1,2013-12-23,2013-12-23
3297,5,1,jar Heinz Strained-2 (4 oz),113,g,1,2013-12-23,2013-12-23
3298,1,1,tbsp,29,g,1,2013-12-23,2013-12-23
3298,2,1,container,162,g,1,2013-12-23,2013-12-23
3303,1,1,tbsp,16,g,1,2013-12-23,2013-12-23
3303,2,1,jar Beech-Nut Stage 2 (4 oz),113,g,1,2013-12-23,2013-12-23
3681,1,1,oz,28.35,g,1,2013-12-23,2013-12-23
3685,1,1,oz,28.35,g,1,1999-03-22,2006-11-30
3686,1,1,oz,28.35,g,1,1999-03-22,2006-11-30
3689,1,1,oz,28.35,g,1,1999-03-22,2006-11-30
3690,1,1,oz,28.35,g,1,2013-12-23,2013-12-23
3694,1,1,oz,28.35,g,1,1999-03-22,2006-11-30
3712,1,1,oz,28.35,g,1,1999-03-22,2006-11-30
3934,1,1,oz,28.35,g,1,2013-12-23,2013-12-23
3956,1,1,oz,31,g,1,2013-12-23,2013-12-23
3956,2,1,container,113,g,1,2013-12-23,2013-12-23
3959,1,1,container,170,g,1,2013-12-23,2013-12-23
3964,1,1,bar,19,g,1,2013-12-23,2013-12-23
3965,1,1,tbsp,16,g,1,2013-12-23,2013-12-23
3965,2,1,container,69,g,1,2013-12-23,2013-12-23
3994,1,1,bottle,140,g,1,2013-12-23,2013-12-23
3995,1,1,packet,99,g,1,2013-12-23,2013-12-23
3996,1,3,tbsp,16,g,1,2019-02-13,2019-02-13
4001,1,1,tbsp,12.8,g,1,1994-11-17,2013-12-26
4001,2,1,cup,205,g,1,2002-09-06,2013-12-26
4002,1,1,tbsp,12.8,g,1,1994-11-02,2013-12-26
4002,2,1,cup,205,g,1,2002-09-06,2013-12-26
4015,1,1,tbsp,15,g,1,2011-01-18,2011-01-18
4015,2,1,cup,245,g,1,2011-01-18,2011-01-18
4015,3,1,serving (2 tbsp),30,g,1,2011-01-18,2011-01-18
4016,1,1,tablespoon,15,g,1,1994-11-17,2015-01-07
4016,2,1,CUP,245,g,1,2002-09-06,2006-11-30
4017,1,1,tbsp,16,g,1,1994-01-31,2011-01-18
4017,2,1,cup,250,g,1,2002-09-06,2011-01-18
4017,3,1,serving (2 tbsp),30,g,1,2011-01-18,2011-01-18
4018,1,1,tbsp,14.7,g,1,1994-01-31,2011-01-18
4018,2,1,cup,235,g,1,2002-09-06,2011-01-18
4020,1,1,tablespoon,16,g,1,1994-01-31,2015-01-07
4020,2,1,CUP,260,g,1,2002-09-06,2006-11-30
4020,3,1,serving (2 tbsp),30,g,1,2011-01-18,2011-01-18
4021,1,1,tablespoon,15,g,1,1994-01-31,2015-01-07
4021,2,1,CUP,240,g,1,1998-01-15,2006-11-30
4022,1,1,tablespoon,16,g,1,1994-01-31,2015-01-07
4022,2,1,CUP,260,g,1,2002-09-06,2006-11-30
4023,1,1,tablespoon,15,g,1,1994-01-31,2015-01-07
4023,2,1,CUP,245,g,1,2002-09-06,2006-11-30
4023,3,1,serving (2 tbsp),15,g,1,2011-01-18,2011-01-18
4025,1,1,tbsp,13.8,g,1,1994-01-31,2011-01-18
4025,2,1,cup,220,g,1,1998-01-15,2011-01-18
4025,3,1,packet,10,g,1,2004-07-15,2009-02-11
4026,1,1,tablespoon,13.8,g,1,1994-01-31,2015-01-07
4026,2,1,CUP,220,g,1,2002-09-06,2006-11-30
4027,1,1,tbsp,15,g,1,1994-01-31,2013-12-26
4027,2,1,cup,240,g,1,2002-09-06,2013-12-26
4028,1,1,tablespoon,15,g,1,2013-12-23,2013-12-23
4028,2,1,cup,240,g,1,2013-12-23,2013-12-23
4029,1,1,tablespoon,14.1,g,1,1994-01-31,2015-01-07
4029,2,1,CUP,225,g,1,2002-09-06,2006-11-30
4030,1,1,tablespoon,15,g,1,2013-12-23,2013-12-23
4030,2,1,cup,245,g,1,2013-12-23,2013-12-23
4031,1,1,tbsp,12.8,g,1,2013-12-23,2013-12-23
4031,2,1,cup,205,g,1,2013-12-23,2013-12-23
4034,1,1,tbsp,13.6,g,1,1994-01-31,2011-01-18
4034,2,1,cup,218,g,1,2002-09-06,2011-01-18
4034,3,1,tsp,4.5,g,1,2002-09-06,2009-02-11
4037,1,1,tablespoon,13.6,g,1,2013-12-23,2013-12-23
4037,2,1,cup,218,g,1,2013-12-23,2013-12-23
4037,3,1,tsp,4.5,g,1,2013-12-23,2013-12-23
4038,1,1,tsp,4.5,g,1,2013-12-23,2015-01-07
4038,2,1,tablespoon,13.6,g,1,2013-12-23,2015-01-07
4038,3,1,cup,218,g,1,2013-12-23,2015-01-07
4042,1,1,tbsp,13.5,g,1,1994-11-02,2011-01-18
4042,2,1,cup,216,g,1,2002-09-06,2011-01-18
4042,3,1,tsp,4.5,g,1,2002-09-06,2006-11-30
4044,1,1,tbsp,13.6,g,1,1994-01-31,2011-01-18
4044,2,1,cup,218,g,1,2002-09-06,2011-01-18
4044,3,1,tsp,4.5,g,1,2002-09-06,2006-11-30
4047,1,1,tbsp,13.6,g,1,2013-12-23,2013-12-23
4047,2,1,cup,218,g,1,2013-12-23,2013-12-23
4047,3,1,tsp,4.5,g,1,2013-12-23,2013-12-23
4053,1,1,tablespoon,13.5,g,1,1994-01-31,2015-01-07
4053,2,1,CUP,216,g,1,2002-09-06,2006-11-30
4053,3,1,tsp,4.5,g,1,2002-09-06,2006-11-30
4055,1,1,tbsp,13.6,g,1,2013-12-23,2013-12-23
4055,2,1,cup,216,g,1,2013-12-23,2013-12-23
4055,3,1,tsp,4.5,g,1,2013-12-23,2013-12-23
4058,1,1,tablespoon,13.6,g,1,1994-11-02,2015-01-07
4058,2,1,CUP,218,g,1,2002-09-06,2006-11-30
4058,3,1,tsp,4.5,g,1,2002-09-06,2006-11-30
4060,1,1,TBSP,13.6,g,1,1994-01-31,2006-11-30
4060,2,1,CUP,218,g,1,2002-09-06,2006-11-30
4060,3,1,tsp,4.5,g,1,2002-09-06,2006-11-30
4073,1,1,tsp,4.7,g,1,1994-01-31,2006-11-30
4073,2,1,stick,113,g,1,2002-09-06,2006-11-30
4114,1,1,tbsp,14.7,g,1,1994-01-31,2011-01-18
4114,2,1,cup,235,g,1,2002-09-06,2011-01-18
4120,1,1,cup,250,g,1,1994-01-31,2019-02-13
4120,2,1,tbsp,16,g,1,2002-09-06,2019-02-13
4120,3,1,individual packet,12.3,g,1,2019-02-13,2019-02-13
4128,1,1,cup,232,g,1,1994-01-31,2019-02-13
4128,2,1,tsp,4.8,g,1,2002-09-06,2019-02-13
4133,1,1,tablespoon,14,g,1,2013-12-23,2013-12-23
4133,2,1,cup,220,g,1,2013-12-23,2013-12-23
4135,1,1,tablespoon,16,g,1,2013-12-23,2013-12-23
4135,2,1,cup,250,g,1,2013-12-23,2013-12-23
4141,1,1,tablespoon,15,g,1,2013-12-23,2013-12-23
4142,1,1,tablespoon,16,g,1,1994-01-31,2015-01-07
4142,2,1,CUP,260,g,1,2002-09-06,2006-11-30
4143,1,1,tablespoon,14.7,g,1,1994-01-31,2015-01-07
4143,2,1,CUP,235,g,1,2002-09-06,2006-11-30
4144,1,1,tablespoon,15,g,1,1994-01-31,2015-01-07
4144,2,1,CUP,240,g,1,2002-09-06,2006-11-30
4145,1,1,tablespoon,13.8,g,1,1994-01-31,2015-01-07
4145,2,1,CUP,220,g,1,2002-09-06,2006-11-30
4146,1,1,tablespoon,14,g,1,2013-12-23,2013-12-23
4146,2,1,cup,220,g,1,2013-12-23,2013-12-23
4367,1,1,tablespoon,16,g,1,2013-12-23,2013-12-23
4367,2,1,cup,256,g,1,2013-12-23,2013-12-23
4501,1,1,tablespoon,13.6,g,1,2013-12-23,2013-12-23
4501,2,1,cup,218,g,1,2013-12-23,2013-12-23
4501,3,1,tsp,4.5,g,1,2013-12-23,2013-12-23
4502,1,1,tablespoon,13.6,g,1,1994-01-31,2015-01-07
4502,2,1,CUP,218,g,1,2002-09-06,2006-11-30
4502,3,1,tsp,4.5,g,1,2002-09-06,2006-11-30
4506,1,1,TBSP,13.6,g,1,1994-01-31,2006-11-30
4506,2,1,CUP,218,g,1,2002-09-06,2006-11-30
4506,3,1,tsp,4.5,g,1,2002-09-06,2006-11-30
4510,1,1,tbsp,13.6,g,1,1994-01-31,2011-01-18
4510,2,1,cup,218,g,1,2002-09-06,2011-01-18
4510,3,1,tsp,4.5,g,1,2002-09-06,2006-11-30
4511,1,1,tablespoon,13.6,g,1,1994-01-31,2015-01-07
4511,2,1,CUP,218,g,1,2002-09-06,2006-11-30
4511,3,1,tsp,4.5,g,1,2002-09-06,2006-11-30
4513,1,1,tablespoon,13.6,g,1,2013-12-23,2013-12-23
4513,2,1,cup,218,g,1,2013-12-23,2013-12-23
4513,3,2,tbsp (1/8 cup),27,g,1,2013-12-23,2013-12-23
4514,1,1,tablespoon,13.6,g,1,2013-12-23,2013-12-23
4514,2,1,cup,218,g,1,2013-12-23,2013-12-23
4514,3,1,tsp,4.5,g,1,2013-12-23,2013-12-23
4515,1,1,tablespoon,13.6,g,1,2013-12-23,2013-12-23
4515,2,1,cup,218,g,1,2013-12-23,2013-12-23
4515,3,1,tsp,4.5,g,1,2013-12-23,2013-12-23
4516,1,1,tablespoon,13.6,g,1,2013-12-23,2013-12-23
4516,2,1,cup,218,g,1,2013-12-23,2013-12-23
4516,3,1,tsp,4.5,g,1,2013-12-23,2013-12-23
4517,1,1,tablespoon,13.6,g,1,2013-12-23,2013-12-23
4517,2,1,cup,218,g,1,2013-12-23,2013-12-23
4517,3,1,tsp,4.5,g,1,2013-12-23,2013-12-23
4518,1,1,TBSP,13.6,g,1,1994-01-31,2006-11-30
4518,2,1,CUP,218,g,1,2002-09-06,2006-11-30
4518,3,1,tsp,4.5,g,1,2002-09-06,2006-11-30
4528,1,1,tbsp,13.6,g,1,2013-12-23,2013-12-23
4528,2,1,cup,218,g,1,2013-12-23,2013-12-23
4528,3,1,tsp,4.5,g,1,2013-12-23,2013-12-23
4529,1,1,tablespoon,13.6,g,1,2013-12-23,2013-12-23
4529,2,1,cup,218,g,1,2013-12-23,2013-12-23
4529,3,1,tsp,4.5,g,1,2013-12-23,2013-12-23
4530,1,1,tablespoon,13.6,g,1,2013-12-23,2013-12-23
4530,2,1,cup,218,g,1,2013-12-23,2013-12-23
4530,3,1,tsp,4.5,g,1,2013-12-23,2013-12-23
4531,1,1,tablespoon,13.6,g,1,1994-01-31,2015-01-07
4531,2,1,CUP,218,g,1,2002-09-06,2006-11-30
4531,3,1,tsp,4.5,g,1,2002-09-06,2006-11-30
4532,1,1,tablespoon,13.6,g,1,2013-12-23,2013-12-23
4532,2,1,cup,218,g,1,2013-12-23,2013-12-23
4532,3,1,tsp,4.5,g,1,2013-12-23,2013-12-23
4534,1,1,tbsp,13.6,g,1,2013-12-23,2013-12-23
4534,2,1,cup,218,g,1,2013-12-23,2013-12-23
4534,3,1,tsp,4.5,g,1,2013-12-23,2013-12-23
4536,1,1,tablespoon,13.6,g,1,2013-12-23,2013-12-23
4536,2,1,cup,218,g,1,2013-12-23,2013-12-23
4536,3,1,tsp,4.5,g,1,2013-12-23,2013-12-23
4539,1,1,tbsp,15,g,1,1994-01-31,2011-01-18
4539,2,1,cup,245,g,1,2002-09-06,2011-01-18
4541,1,1,tablespoon,13.6,g,1,2013-12-23,2013-12-23
4541,2,1,cup,218,g,1,2013-12-23,2013-12-23
4541,3,1,tsp,4.5,g,1,2013-12-23,2013-12-23
4542,1,1,tbsp,12.8,g,1,1994-11-17,2013-12-26
4542,2,1,cup,205,g,1,2002-09-06,2013-12-26
4543,1,1,tablespoon,13.6,g,1,1994-01-31,2015-01-07
4543,2,1,CUP,218,g,1,2002-09-06,2006-11-30
4543,3,1,tsp,4.5,g,1,2002-09-06,2006-11-30
4544,1,1,tablespoon,12.8,g,1,2013-12-23,2013-12-23
4544,2,1,cup,205,g,1,2013-12-23,2013-12-23
4545,1,1,TBSP,13.6,g,1,1994-01-31,2006-11-30
4545,2,1,CUP,218,g,1,2002-09-06,2006-11-30
4545,3,1,tsp,4.5,g,1,2002-09-06,2006-11-30
4546,1,1,tablespoon,12.8,g,1,2013-12-23,2013-12-23
4546,2,1,cup,205,g,1,2013-12-23,2013-12-23
4548,1,1,tbsp,12.8,g,1,2013-12-23,2013-12-23
4548,2,1,cup,205,g,1,2013-12-23,2013-12-23
4549,1,1,TBSP,12.8,g,1,2001-07-04,2006-11-30
4549,2,1,CUP,205,g,1,2002-09-06,2006-11-30
4550,1,1,TBSP,12.8,g,1,1994-01-31,2006-11-30
4550,2,1,CUP,205,g,1,2002-09-06,2006-11-30
4551,1,1,tbsp,12.8,g,1,2013-12-23,2013-12-23
4551,2,1,cup,205,g,1,2013-12-23,2013-12-23
4554,1,1,TBSP,12.8,g,1,2001-07-04,2006-11-30
4554,2,1,CUP,205,g,1,2002-09-06,2006-11-30
4556,1,1,TBSP,12.8,g,1,1994-01-31,2006-11-30
4556,2,1,CUP,205,g,1,2002-09-06,2006-11-30
4559,1,1,tbsp,12.8,g,1,2013-12-23,2013-12-23
4559,2,1,cup,205,g,1,2013-12-23,2013-12-23
4560,1,1,TBSP,12.8,g,1,1994-01-31,2006-11-30
4560,2,1,CUP,205,g,1,2002-09-06,2006-11-30
4570,1,1,tbsp,13.6,g,1,2013-12-23,2013-12-23
4570,2,1,cup,218,g,1,2013-12-23,2013-12-23
4572,1,1,tbsp,13.6,g,1,2013-12-23,2013-12-23
4572,2,1,cup,218,g,1,2013-12-23,2013-12-23
4572,3,1,tsp,4.5,g,1,2013-12-23,2013-12-23
4573,1,1,tbsp,13.6,g,1,2013-12-23,2013-12-23
4573,2,1,cup,218,g,1,2013-12-23,2013-12-23
4573,3,1,tsp,4.5,g,1,2013-12-23,2013-12-23
4575,1,1,tbsp,12.8,g,1,1997-08-29,2013-12-26
4575,2,1,tsp,4.3,g,1,1994-11-17,2013-12-26
4575,3,1,cup,205,g,1,2002-09-06,2013-12-26
4576,1,1,tbsp,12.8,g,1,2013-12-23,2013-12-23
4576,2,1,cup,205,g,1,2013-12-23,2013-12-23
4581,1,1,tbsp,14,g,1,2013-12-23,2013-12-23
4581,2,1,cup,218,g,1,2013-12-23,2013-12-23
4581,3,1,tsp,4.5,g,1,2013-12-23,2013-12-23
4582,1,1,tbsp,14,g,1,1994-01-31,2011-01-18
4582,2,1,cup,218,g,1,2002-09-06,2011-01-18
4582,3,1,tsp,4.5,g,1,2002-09-06,2006-11-30
4583,1,1,tbsp,14,g,1,2013-12-23,2013-12-23
4583,2,1,cup,218,g,1,2013-12-23,2013-12-23
4583,3,1,tsp,4.5,g,1,2013-12-23,2013-12-23
4584,1,1,TBSP,14,g,1,1994-01-31,2006-11-30
4584,2,1,CUP,218,g,1,2002-09-06,2006-11-30
4584,3,1,tsp,4.5,g,1,2002-09-06,2006-11-30
4585,1,1,tbsp,14.1,g,1,2013-12-23,2013-12-23
4585,2,1,cup,227,g,1,2013-12-23,2013-12-23
4585,3,1,tsp,4.7,g,1,2013-12-23,2013-12-23
4585,4,1,stick,111,g,1,2013-12-23,2013-12-23
4586,1,1,TBSP,12.8,g,1,1994-01-31,2006-11-30
4586,2,1,CUP,205,g,1,2002-09-06,2006-11-30
4587,1,1,TBSP,12.8,g,1,1994-01-31,2006-11-30
4587,2,1,CUP,205,g,1,2002-09-06,2006-11-30
4588,1,1,tbsp,13.6,g,1,2013-12-23,2013-12-23
4588,2,1,cup,218,g,1,2013-12-23,2013-12-23
4588,3,1,tsp,4.5,g,1,2013-12-23,2013-12-23
4589,1,1,tsp,4.5,g,1,2013-12-23,2015-01-07
4589,2,1,tbsp,13.6,g,1,2013-12-23,2015-01-07
4589,3,1,cup,218,g,1,2013-12-23,2013-12-23
4590,1,1,tbsp,13.6,g,1,2013-12-23,2013-12-23
4590,2,1,tsp,4.5,g,1,2013-12-23,2013-12-23
4590,3,1,cup,218,g,1,2013-12-23,2013-12-23
4591,1,1,tbsp,13.6,g,1,2013-12-23,2013-12-23
4591,2,1,tsp,4.5,g,1,2013-12-23,2013-12-23
4591,3,1,cup,218,g,1,2013-12-23,2013-12-23
4592,1,1,tbsp,12.5,g,1,2013-12-23,2013-12-23
4592,2,1,tsp,4.5,g,1,2013-12-23,2013-12-23
4592,3,1,cup,205,g,1,2013-12-23,2013-12-23
4593,1,1,tbsp,13.6,g,1,2013-12-23,2013-12-23
4593,2,1,tsp,4.5,g,1,2013-12-23,2013-12-23
4593,3,1,cup,218,g,1,2013-12-23,2013-12-23
4594,1,1,tbsp,13.6,g,1,2013-12-23,2013-12-23
4594,2,1,tsp,4.5,g,1,2013-12-23,2013-12-23
4594,3,1,cup,218,g,1,2013-12-23,2013-12-23
4595,1,1,TBSP,12.8,g,1,1994-01-31,2006-11-30
4595,2,1,CUP,205,g,1,2002-09-06,2006-11-30
4600,1,1,tablespoon,14,g,1,2013-12-23,2013-12-23
4601,1,1,tablespoon,14,g,1,2013-12-23,2013-12-23
4602,1,1,tablespoon,14,g,1,2013-12-23,2013-12-23
4609,1,1,tsp,4.3,g,1,2013-12-23,2013-12-23
4610,1,1,tbsp,14,g,1,2013-12-23,2013-12-23
4610,2,1,cup,227,g,1,2013-12-23,2013-12-23
4610,3,1,tsp,4.7,g,1,2013-12-23,2013-12-23
4610,4,1,"pat (1"" sq, 1/3"" high)",5,g,1,2013-12-23,2013-12-23
4610,5,1,stick,113,g,1,2013-12-23,2013-12-23
4611,1,1,tbsp,14.2,g,1,2013-12-23,2013-12-23
4611,2,1,cup,227,g,1,2013-12-23,2013-12-23
4612,1,1,tbsp,14.3,g,1,2013-12-23,2013-12-23
4612,2,1,cup,229,g,1,2013-12-23,2013-12-23
4612,3,1,tsp,4.8,g,1,2013-12-23,2013-12-23
4613,1,1,tbsp,14,g,1,2013-12-23,2013-12-23
4613,2,1,cup,229,g,1,2013-12-23,2013-12-23
4613,3,1,tsp,4.8,g,1,2013-12-23,2013-12-23
4614,1,1,tbsp,14.3,g,1,2013-12-23,2013-12-23
4614,2,1,cup,229,g,1,2013-12-23,2013-12-23
4614,3,1,tsp,4.8,g,1,2013-12-23,2013-12-23
4615,1,1,tbsp,12.8,g,1,2013-12-23,2013-12-23
4615,2,1,cup,205,g,1,2013-12-23,2013-12-23
4617,1,1,tbsp,14.2,g,1,2013-12-23,2013-12-23
4617,2,1,cup,227,g,1,2013-12-23,2013-12-23
4617,3,1,"pat (1"" sq, 1/3"" high)",5,g,1,2013-12-23,2013-12-23
4617,4,1,stick,113,g,1,2013-12-23,2013-12-23
4618,1,1,tbsp,14.2,g,1,2013-12-23,2013-12-23
4618,2,1,cup,227,g,1,2013-12-23,2013-12-23
4620,1,1,tbsp,14,g,1,2013-12-23,2013-12-23
4624,1,1,tbsp,15,g,1,2013-12-23,2013-12-23
4626,1,1,tablespoon,14,g,1,2013-12-23,2013-12-23
4627,1,1,tablespoon,14,g,1,2013-12-23,2013-12-23
4628,1,1,tbsp,14,g,1,2013-12-23,2013-12-23
4629,1,1,tbsp (1 NLEA serving),14,g,1,2013-12-23,2013-12-23
4631,1,1,tbsp,14.6,g,1,2013-12-23,2013-12-23
4631,2,1,cup,233,g,1,2013-12-23,2013-12-23
4633,1,1,tbsp,15,g,1,2013-12-23,2013-12-23
4633,2,1,cup,240,g,1,2013-12-23,2013-12-23
4634,1,1,tbsp,12.8,g,1,2013-12-23,2013-12-23
4634,2,1,cup,205,g,1,2013-12-23,2013-12-23
4635,1,1,tbsp,16,g,1,2013-12-23,2013-12-23
4635,2,1,cup,256,g,1,2013-12-23,2013-12-23
4636,1,1,tbsp,14,g,1,2013-12-23,2013-12-23
4636,2,1,cup,231,g,1,2013-12-23,2013-12-23
4638,1,1,tablespoon,14,g,1,2013-12-23,2013-12-23
4639,1,1,tablespoon,15,g,1,2013-12-23,2013-12-23
4639,2,1,serving,30,g,1,2013-12-23,2013-12-23
4640,1,1,tablespoon,15,g,1,2005-02-05,2015-01-07
4640,2,1,serving (2 tbsp),30,g,1,2011-01-18,2011-01-18
4641,1,1,tablespoon,15,g,1,2013-12-23,2013-12-23
4642,1,1,tablespoon,13.6,g,1,2013-12-23,2013-12-23
4642,2,1,teaspoon,4.5,g,1,2013-12-23,2013-12-23
4642,3,1,cup,218,g,1,2013-12-23,2013-12-23
4643,1,1,tablespoon,13.6,g,1,2013-12-23,2013-12-23
4643,2,1,cup,218,g,1,2013-12-23,2013-12-23
4644,1,1,tablespoon,13.6,g,1,2013-12-23,2013-12-23
4644,2,1,teaspoon,4.5,g,1,2013-12-23,2013-12-23
4644,3,1,cup,218,g,1,2013-12-23,2013-12-23
4645,1,1,tablespoon,13.6,g,1,2013-12-23,2013-12-23
4645,2,1,teaspoon,4.5,g,1,2013-12-23,2013-12-23
4645,3,1,cup,218,g,1,2013-12-23,2013-12-23
4646,1,1,tbsp,13.6,g,1,2013-12-23,2013-12-23
4646,2,1,cup,218,g,1,2013-12-23,2013-12-23
4646,3,1,tsp,4.5,g,1,2013-12-23,2013-12-23
4648,1,1,tbsp,13.6,g,1,2013-12-23,2013-12-23
4648,2,1,cup,218,g,1,2013-12-23,2013-12-23
4648,3,1,tsp,4.5,g,1,2013-12-23,2013-12-23
4649,1,1,tbsp,13.6,g,1,2013-12-23,2013-12-23
4649,2,1,cup,218,g,1,2013-12-23,2013-12-23
4649,3,1,tsp,4.5,g,1,2013-12-23,2013-12-23
4650,1,1,tbsp,13.6,g,1,2013-12-23,2013-12-23
4650,2,1,cup,218,g,1,2013-12-23,2013-12-23
4650,3,1,tsp,4.5,g,1,2013-12-23,2013-12-23
4651,1,1,tbsp,13.6,g,1,2013-12-23,2013-12-23
4651,2,1,cup,218,g,1,2013-12-23,2013-12-23
4651,3,1,tsp,4.5,g,1,2013-12-23,2013-12-23
4652,1,1,tbsp,13.6,g,1,2013-12-23,2013-12-23
4652,2,1,cup,218,g,1,2013-12-23,2013-12-23
4652,3,1,tsp,4.5,g,1,2013-12-23,2013-12-23
4653,1,1,tbsp,13.6,g,1,2013-12-23,2013-12-23
4653,2,1,cup,218,g,1,2013-12-23,2013-12-23
4653,3,1,tsp,4.5,g,1,2013-12-23,2013-12-23
4654,1,1,tbsp,13.6,g,1,2013-12-23,2013-12-23
4654,2,1,cup,218,g,1,2013-12-23,2013-12-23
4654,3,1,tsp,4.5,g,1,2013-12-23,2013-12-23
4655,1,1,tbsp,14,g,1,2013-12-23,2013-12-23
4656,1,1,tbsp,13.6,g,1,2013-12-23,2013-12-23
4656,2,1,cup,218,g,1,2013-12-23,2013-12-23
4656,3,1,tsp,4.5,g,1,2013-12-23,2013-12-23
4657,1,1,tbsp,13.6,g,1,2013-12-23,2013-12-23
4657,2,1,cup,218,g,1,2013-12-23,2013-12-23
4657,3,1,tsp,4.5,g,1,2013-12-23,2013-12-23
4658,1,1,tbsp,13.6,g,1,2013-12-23,2013-12-23
4658,2,1,cup,218,g,1,2013-12-23,2013-12-23
4658,3,1,tsp,4.5,g,1,2013-12-23,2013-12-23
4659,1,1,tbsp,13.6,g,1,2013-12-23,2013-12-23
4659,2,1,cup,218,g,1,2013-12-23,2013-12-23
4659,3,1,tsp,4.5,g,1,2013-12-23,2013-12-23
4660,1,1,tbsp,13.6,g,1,2013-12-23,2013-12-23
4660,2,1,cup,218,g,1,2013-12-23,2013-12-23
4660,3,1,tsp,4.5,g,1,2013-12-23,2013-12-23
4661,1,1,tbsp,13.6,g,1,2013-12-23,2013-12-23
4661,2,1,cup,218,g,1,2013-12-23,2013-12-23
4661,3,1,tsp,4.5,g,1,2013-12-23,2013-12-23
4662,1,1,tbsp,13.6,g,1,2013-12-23,2013-12-23
4662,2,1,cup,218,g,1,2013-12-23,2013-12-23
4662,3,1,tsp,4.5,g,1,2013-12-23,2013-12-23
4663,1,1,tbsp,13.6,g,1,2013-12-23,2013-12-23
4663,2,1,cup,218,g,1,2013-12-23,2013-12-23
4663,3,1,tsp,4.5,g,1,2013-12-23,2013-12-23
4664,1,1,tbsp,13.6,g,1,2013-12-23,2013-12-23
4664,2,1,cup,218,g,1,2013-12-23,2013-12-23
4664,3,1,tsp,4.5,g,1,2013-12-23,2013-12-23
4665,1,1,tbsp,14,g,1,2013-12-23,2013-12-23
4666,1,1,tbsp,12.8,g,1,2013-12-23,2013-12-23
4666,2,1,cup,205,g,1,2013-12-23,2013-12-23
4667,1,1,tbsp,12.8,g,1,2013-12-23,2013-12-23
4667,2,1,cup,205,g,1,2013-12-23,2013-12-23
4668,1,1,tbsp,14,g,1,2013-12-23,2013-12-23
4668,2,1,cup,227,g,1,2013-12-23,2013-12-23
4668,3,1,tsp,4.7,g,1,2013-12-23,2013-12-23
4669,1,1,tablespoon,13.6,g,1,2006-02-23,2015-01-07
4669,2,1,CUP,218,g,1,2006-02-23,2007-03-25
4669,3,1,teaspoon,4.5,g,1,2006-02-23,2007-03-25
4678,1,1,tbsp,14,g,1,2013-12-23,2013-12-23
4683,1,1,tbsp (1 NLEA serving),14,g,1,2013-12-23,2013-12-23
4686,1,2,tbsp (1 serving),30,g,1,2007-12-03,2007-12-03
4688,1,1,serving (approximately 10 sprays),8,g,1,2009-01-25,2009-01-25
4690,1,1,tbsp,14.9,g,1,2010-01-04,2010-01-04
4691,1,1,tablespoon,14,g,1,2010-01-04,2011-01-18
4691,2,1,cup,227,g,1,2010-01-04,2011-01-18
4691,3,1,teaspoon,4,g,1,2010-01-04,2010-01-04
4692,1,1,tbsp,14,g,1,2010-01-04,2010-01-04
4693,1,1,tbsp,14,g,1,2010-01-04,2010-01-04
4694,1,1,tbsp,14,g,1,2010-01-04,2011-01-18
4694,2,1,cup,229,g,1,2010-01-04,2011-01-18
4694,3,1,teaspoon,4.8,g,1,2010-01-04,2011-01-18
4695,1,1,tbsp,14,g,1,2010-01-04,2011-01-18
4695,2,1,cup,229,g,1,2010-01-04,2011-01-18
4695,3,1,teaspoon,4.8,g,1,2010-01-04,2011-01-18
4696,1,1,tbsp,14,g,1,2010-01-04,2011-01-18
4696,2,1,cup,229,g,1,2010-01-04,2011-01-18
4696,3,1,teaspoon,4.8,g,1,2010-01-04,2011-01-18
4697,1,1,tbsp,14,g,1,2010-01-04,2010-01-04
4698,1,1,tablespoon,14,g,1,2011-01-18,2011-01-18
4698,2,1,cup,218,g,1,2011-01-18,2011-01-18
4698,3,1,teaspoon,4.5,g,1,2011-01-18,2011-01-18
4699,1,1,tablespoon,14,g,1,2013-12-23,2013-12-23
4699,2,1,cup,218,g,1,2013-12-23,2013-12-23
4699,3,1,teaspoon,4.5,g,1,2013-12-23,2013-12-23
4700,1,1,tablespoon,13.6,g,1,2011-01-18,2011-01-18
4700,2,1,cup,218,g,1,2011-01-18,2011-01-18
4700,3,1,teaspoon,4.5,g,1,2011-01-18,2011-01-18
4701,1,1,tablespoon,13.6,g,1,2011-01-18,2011-01-18
4701,2,1,cup,218,g,1,2011-01-18,2011-01-18
4701,3,1,teaspoon,4.5,g,1,2011-01-18,2011-01-18
4702,1,1,tablespoon,13.6,g,1,2012-03-02,2012-03-02
4702,2,1,cup,218,g,1,2012-03-02,2012-03-02
4702,3,1,teaspoon,4.5,g,1,2012-03-02,2012-03-02
4703,1,2,tbsp,30,g,1,2012-03-02,2013-12-26
4704,1,2,tbsp,33,g,1,2013-12-23,2013-12-23
4705,1,2,tbsp (1 NLEA serving),34,g,1,2012-03-02,2012-03-02
4706,1,2,tbsp (1 NLEA serving),30,g,1,2012-03-02,2012-03-02
4707,1,1,tablespoon,13.7,g,1,2013-12-23,2013-12-23
4707,2,1,cup,219,g,1,2013-12-23,2013-12-23
4708,1,1,tbsp,15,g,1,2013-12-23,2013-12-23
4708,2,1,cup,232,g,1,2013-12-23,2013-12-23
5000,1,3,oz,85,g,1,2013-02-22,2013-12-26
5000,2,1,breast,384,g,1,2013-12-23,2013-12-23
5001,1,3,oz,85,g,1,2013-12-23,2013-12-23
5001,2,1,chicken,1046,g,1,2013-12-23,2013-12-23
5002,1,3,oz,85,g,1,2013-12-23,2013-12-23
5002,2,1,unit (yield from 1 lb ready-to-cook chicken),308,g,1,2013-12-23,2013-12-23
5002,3,1,chicken,1028,g,1,2013-12-23,2013-12-23
5003,1,3,oz,85,g,1,2013-12-23,2013-12-23
5003,2,1,unit (yield from 1 lb ready-to-cook chicken),212,g,1,2013-12-23,2013-12-23
5003,3,1,chicken,708,g,1,2013-12-23,2013-12-23
5004,1,3,oz,85,g,1,2013-12-23,2013-12-23
5004,2,1,unit (yield from 1 lb ready-to-cook chicken),205,g,1,2013-12-23,2013-12-23
5004,3,1,chicken,682,g,1,2013-12-23,2013-12-23
5005,1,3,oz,85,g,1,2013-12-23,2013-12-23
5005,2,1,unit (yield from 1 lb ready-to-cook chicken),225,g,1,2013-12-23,2013-12-23
5005,3,1,chicken,751,g,1,2013-12-23,2013-12-23
5006,1,4,oz,113,g,1,1994-01-31,2019-02-13
5006,2,1,unit (yield from 1 lb ready-to-cook chicken),276,g,1,1997-08-29,2013-12-26
5006,3,0.5,"chicken, bone removed",460,g,1,2013-12-23,2013-12-23
5007,1,3,oz,85,g,1,1994-01-31,2013-12-26
5007,2,1,unit (yield from 1 lb ready-to-cook chicken),280,g,1,1997-08-29,2013-12-26
5007,3,0.5,"chicken, bone removed",466,g,1,2013-12-23,2013-12-23
5008,1,3,oz,85,g,1,1997-08-29,2013-12-26
5008,2,1,unit (yield from 1 lb ready-to-cook chicken),188,g,1,1994-01-31,2013-12-26
5008,3,0.5,"chicken, bone removed",314,g,1,2013-12-23,2013-12-23
5009,1,3,oz,85,g,1,1994-01-31,2019-02-13
5009,2,1,"cup, chopped or diced",140,g,1,1997-08-29,2019-02-13
5009,3,0.5,unit (yield from 1 lb ready-to-cook chicken),178,g,1,2002-09-06,2019-02-13
5009,4,0,"chicken, bone removed",299,g,1,2019-02-13,2019-02-13
5010,1,1,"cup, chopped or diced",140,g,1,1994-01-31,2006-11-30
5010,2,1,unit (yield from 1 lb ready-to-cook chicken),200,g,1,1997-08-29,2006-11-30
5010,3,0.5,"chicken, bone removed",334,g,1,2002-09-06,2006-11-30
5011,1,4,oz,113,g,1,1997-08-29,2019-02-13
5011,2,1,unit (yield from 1 lb ready-to-cook chicken),197,g,1,1994-01-31,2013-12-26
5011,3,0.5,"chicken, bone and skin removed",329,g,1,2013-12-23,2013-12-23
5012,1,1,"cup, chopped or diced",140,g,1,1994-01-31,2006-11-30
5012,2,1,unit (yield from 1 lb ready-to-cook chicken),155,g,1,1997-08-29,2006-11-30
5012,3,0.5,"chicken, bone and skin removed",258,g,1,1998-01-15,2006-11-30
5013,1,1,"cup, chopped or diced",140,g,1,1994-01-31,2006-11-30
5013,2,1,TBSP,8.7,g,1,1997-08-29,2006-11-30
5013,3,1,unit (yield from 1 lb ready-to-cook chicken),146,g,1,2002-09-06,2006-11-30
5014,1,1,"cup, chopped or diced",140,g,1,1994-01-31,2006-11-30
5014,2,1,TBSP,8.7,g,1,1997-08-29,2006-11-30
5014,3,1,unit (yield from 1 lb ready-to-cook chicken),157,g,1,2002-09-06,2006-11-30
5015,1,4,oz,113,g,1,2013-12-23,2019-02-13
5015,2,0.5,unit (yield from 1 lb ready-to-cook chicken),47,g,1,2013-12-23,2019-02-13
5015,3,0,"chicken, skin only",79,g,1,2019-02-13,2019-02-13
5016,1,3,oz,85,g,1,2013-12-23,2019-02-13
5016,2,0.5,unit (yield from 1 lb ready-to-cook chicken),114,g,1,2013-12-23,2019-02-13
5016,3,0,"chicken, skin only",190,g,1,2019-02-13,2019-02-13
5017,1,1,unit (yield from 1 lb ready-to-cook chicken),33,g,1,2013-12-23,2013-12-23
5017,2,0.5,"chicken, skin only",56,g,1,2013-12-23,2013-12-23
5018,1,1,unit (yield from 1 lb ready-to-cook chicken),34,g,1,2013-12-23,2013-12-23
5018,2,0.5,"chicken, skin only",56,g,1,2013-12-23,2013-12-23
5019,1,3,oz,85,g,1,2013-12-23,2019-02-13
5019,2,0.5,unit (yield from 1 lb ready-to-cook chicken),44,g,1,2013-12-23,2019-02-13
5019,3,0,"chicken, skin only",72,g,1,2019-02-13,2019-02-13
5020,1,1,unit (yield from 1 lb ready-to-cook chicken),23,g,1,2013-12-23,2013-12-23
5020,2,1,giblets,75,g,1,2013-12-23,2013-12-23
5021,1,1,"cup, chopped or diced",145,g,1,2013-12-23,2013-12-23
5021,2,1,unit (yield from 1 lb ready-to-cook chicken),13,g,1,2013-12-23,2013-12-23
5022,1,3,oz,85,g,1,2013-12-23,2019-02-13
5022,2,1,cup chopped or dice,145,g,1,2019-02-13,2019-02-13
5023,1,4,oz,113,g,1,2013-12-23,2019-02-13
5023,2,1,lb,453,g,1,2013-12-23,2013-12-23
5024,1,1,cup chopped or dice,145,g,1,2013-12-23,2013-12-23
5025,1,1,heart,6.1,g,1,2001-07-04,2006-11-30
5025,2,1,unit (yield from 1 lb ready-to-cook chicken),1.8,g,1,2002-09-06,2006-11-30
5026,1,1,"cup, chopped or diced",145,g,1,2013-12-23,2013-12-23
5026,2,1,unit (yield from 1 lb ready-to-cook chicken),1,g,1,2013-12-23,2013-12-23
5027,1,4,oz,113,g,1,2013-12-23,2019-02-13
5027,2,1,liver,44,g,1,2019-02-13,2019-02-13
5028,1,3,oz,85,g,1,2013-12-23,2019-02-13
5028,2,1,liver,44,g,1,2019-02-13,2019-02-13
5029,1,4,oz,113,g,1,2001-07-04,2019-02-13
5029,2,0.5,unit (yield from 1 lb ready-to-cook chicken),116,g,1,2002-09-06,2019-02-13
5029,3,0,"chicken, bone removed",194,g,1,2019-02-13,2019-02-13
5030,1,1,unit (yield from 1 lb ready-to-cook chicken),113,g,1,2013-12-23,2013-12-23
5030,2,0.5,"chicken, bone removed",188,g,1,2013-12-23,2013-12-23
5031,1,1,unit (yield from 1 lb ready-to-cook chicken),78,g,1,2013-12-23,2013-12-23
5031,2,0.5,"chicken, bone removed",130,g,1,2013-12-23,2013-12-23
5032,1,1,unit (yield from 1 lb ready-to-cook chicken),79,g,1,2013-12-23,2013-12-23
5032,2,0.5,"chicken, bone removed",132,g,1,2013-12-23,2013-12-23
5033,1,1,unit (yield from 1 lb ready-to-cook chicken),90,g,1,2013-12-23,2013-12-23
5033,2,0.5,"chicken, bone removed",150,g,1,2013-12-23,2013-12-23
5034,1,4,oz,113,g,1,1996-09-30,2019-02-13
5034,2,1,unit (yield from 1 lb ready-to-cook chicken),160,g,1,2002-09-06,2013-12-26
5034,3,0.5,"chicken, bone removed",266,g,1,2013-12-23,2013-12-23
5035,1,3,oz,85,g,1,2013-12-23,2013-12-23
5035,2,1,unit (yield from 1 lb ready-to-cook chicken),167,g,1,2013-12-23,2013-12-23
5035,3,0.5,"chicken, bone removed",278,g,1,2013-12-23,2013-12-23
5036,1,1,unit (yield from 1 lb ready-to-cook chicken),110,g,1,2013-12-23,2013-12-23
5036,2,0.5,"chicken, bone removed",184,g,1,2013-12-23,2013-12-23
5037,1,1,unit (yield from 1 lb ready-to-cook chicken),101,g,1,2013-12-23,2013-12-23
5037,2,0.5,"chicken, bone removed",167,g,1,2013-12-23,2013-12-23
5038,1,1,unit (yield from 1 lb ready-to-cook chicken),110,g,1,2013-12-23,2013-12-23
5038,2,0.5,"chicken, bone removed",184,g,1,2013-12-23,2013-12-23
5039,1,1,unit (yield from 1 lb ready-to-cook chicken),88,g,1,1996-09-30,2006-11-30
5039,2,0.5,"chicken, bone and skin removed",147,g,1,2002-09-06,2006-11-30
5040,1,1,cup,140,g,1,2013-12-23,2013-12-23
5040,2,1,unit (yield from 1 lb ready-to-cook chicken),64,g,1,2013-12-23,2013-12-23
5041,1,1,"cup, chopped or diced",140,g,1,2013-12-23,2013-12-23
5041,2,1,unit (yield from 1 lb ready-to-cook chicken),64,g,1,2013-12-23,2013-12-23
5041,3,0.5,"chicken, bone and skin removed",107,g,1,2013-12-23,2013-12-23
5042,1,1,"cup, chopped or diced",140,g,1,2013-12-23,2013-12-23
5042,2,1,unit (yield from 1 lb ready-to-cook chicken),71,g,1,2013-12-23,2013-12-23
5042,3,0.5,"chicken, bone and skin removed",119,g,1,2013-12-23,2013-12-23
5043,1,1,unit (yield from 1 lb ready-to-cook chicken),109,g,1,1996-09-30,2006-11-30
5043,2,0.5,"chicken, bone and skin removed",182,g,1,2002-09-06,2006-11-30
5044,1,1,cup,140,g,1,2013-12-23,2013-12-23
5044,2,1,unit (yield from 1 lb ready-to-cook chicken),91,g,1,2013-12-23,2013-12-23
5045,1,1,"cup, chopped or diced",140,g,1,2013-12-23,2013-12-23
5045,2,1,unit (yield from 1 lb ready-to-cook chicken),81,g,1,2013-12-23,2013-12-23
5045,3,0.5,"chicken, bone and skin removed",136,g,1,2013-12-23,2013-12-23
5046,1,1,"cup, chopped or diced",140,g,1,2013-12-23,2013-12-23
5046,2,1,unit (yield from 1 lb ready-to-cook chicken),86,g,1,2013-12-23,2013-12-23
5046,3,0.5,"chicken, bone and skin removed",143,g,1,2013-12-23,2013-12-23
5047,1,1,tbsp,12.8,g,1,2013-12-23,2013-12-23
5047,2,1,unit (yield from 1 lb ready-to-cook chicken),32,g,1,2013-12-23,2013-12-23
5047,3,0.5,"chicken, separable fat",52,g,1,2013-12-23,2013-12-23
5048,1,1,unit (yield from 1 lb ready-to-cook chicken),59,g,1,1996-09-30,2006-11-30
5048,2,0.5,"back, bone removed",99,g,1,2002-09-06,2006-11-30
5049,1,1,unit (yield from 1 lb ready-to-cook chicken),72,g,1,2013-12-23,2013-12-23
5049,2,0.5,"back, bone removed",120,g,1,2013-12-23,2013-12-23
5050,1,1,unit (yield from 1 lb ready-to-cook chicken),44,g,1,2013-12-23,2013-12-23
5050,2,0.5,"back, bone removed",72,g,1,2013-12-23,2013-12-23
5051,1,1,unit (yield from 1 lb ready-to-cook chicken),32,g,1,2013-12-23,2013-12-23
5051,2,0.5,"back, bone removed",53,g,1,2013-12-23,2013-12-23
5052,1,3,oz,85,g,1,2013-12-23,2013-12-23
5052,2,1,unit (yield from 1 lb ready-to-cook chicken),36,g,1,2013-12-23,2013-12-23
5052,3,1,"cup, chopped or diced",160,g,1,2013-12-23,2013-12-23
5053,1,4,oz,113,g,1,1998-01-15,2019-02-13
5053,2,0.5,unit (yield from 1 lb ready-to-cook chicken),31,g,1,1996-09-30,2019-02-13
5053,3,0,"back, bone and skin removed",51,g,1,2019-02-13,2019-02-13
5054,1,1,unit (yield from 1 lb ready-to-cook chicken),35,g,1,2013-12-23,2013-12-23
5054,2,0.5,"back, bone and skin removed",58,g,1,2013-12-23,2013-12-23
5055,1,3,oz,85,g,1,2013-12-23,2019-02-13
5055,2,0.5,unit (yield from 1 lb ready-to-cook chicken),24,g,1,2013-12-23,2019-02-13
5055,3,0,"back, bone and skin removed",40,g,1,2019-02-13,2019-02-13
5056,1,1,unit (yield from 1 lb ready-to-cook chicken),26,g,1,2013-12-23,2013-12-23
5056,2,0.5,"back, bone and skin removed",42,g,1,2013-12-23,2013-12-23
5057,1,0.5,"breast, bone removed (yield from 1 lb ready-to-cook chicken)",87,g,1,1994-01-31,2006-11-30
5057,2,0.5,"breast, bone removed",145,g,1,1997-08-29,2006-11-30
5058,1,3,oz,85,g,1,1994-01-31,2019-02-13
5058,2,0.5,unit (yield from 1 lb ready-to-cook chicken),84,g,1,1997-08-29,2019-02-13
5058,3,0,"breast, bone removed",140,g,1,2019-02-13,2019-02-13
5059,1,1,unit (yield from 1 lb ready-to-cook chicken),59,g,1,1994-01-31,2006-11-30
5059,2,0.5,"breast, bone removed",98,g,1,1997-08-29,2006-11-30
5060,1,1,"cup, chopped or diced",140,g,1,1994-01-31,2006-11-30
5060,2,1,unit (yield from 1 lb ready-to-cook chicken),58,g,1,1997-08-29,2006-11-30
5060,3,0.5,"breast, bone removed",98,g,1,2002-09-06,2006-11-30
5061,1,1,"cup, chopped or diced",140,g,1,1994-01-31,2006-11-30
5061,2,1,unit (yield from 1 lb ready-to-cook chicken),66,g,1,1997-08-29,2006-11-30
5061,3,0.5,"breast, bone removed",110,g,1,2002-09-06,2006-11-30
5062,1,4,oz,113,g,1,1997-08-29,2019-02-13
5062,2,1,piece,272,g,1,1994-01-31,2013-12-26
5062,3,1,package,926,g,1,2013-12-23,2013-12-23
5063,1,1,unit (yield from 1 lb ready-to-cook chicken),52,g,1,1994-01-31,2006-11-30
5063,2,0.5,"breast, bone and skin removed",86,g,1,1997-08-29,2006-11-30
5064,1,1,"cup, chopped or diced",140,g,1,1994-01-31,2006-11-30
5064,2,1,unit (yield from 1 lb ready-to-cook chicken),52,g,1,1997-08-29,2006-11-30
5064,3,0.5,"breast, bone and skin removed",86,g,1,2002-09-06,2006-11-30
5065,1,1,"cup, chopped or diced",140,g,1,1994-01-31,2006-11-30
5065,2,1,unit (yield from 1 lb ready-to-cook chicken),57,g,1,1997-08-29,2006-11-30
5065,3,0.5,"breast, bone and skin removed",95,g,1,2002-09-06,2006-11-30
5066,1,4,oz,113,g,1,1994-01-31,2019-02-13
5066,2,1,drumstick with skin,133,g,1,1997-08-29,2019-02-13
5066,3,1,drumstick,130,g,1,2019-02-13,2019-02-13
5067,1,1,unit (yield from 1 lb ready-to-cook chicken),43,g,1,1994-01-31,2006-11-30
5067,2,1,"drumstick, bone removed",72,g,1,1997-08-29,2006-11-30
5068,1,1,unit (yield from 1 lb ready-to-cook chicken),29,g,1,1994-01-31,2006-11-30
5068,2,1,"drumstick, bone removed",49,g,1,1997-08-29,2006-11-30
5069,1,3,oz,85,g,1,1994-01-31,2019-02-13
5069,2,1,drumstick with skin (yield from 1 lb ready-to-cook chicken),105,g,1,1997-08-29,2019-02-13
5069,3,1,drumstick without skin,96,g,1,2019-02-13,2019-02-13
5070,1,1,"cup, chopped or diced",140,g,1,1994-01-31,2006-11-30
5070,2,1,unit (yield from 1 lb ready-to-cook chicken),34,g,1,1997-08-29,2006-11-30
5070,3,1,"drumstick, bone removed",57,g,1,2002-09-06,2006-11-30
5071,1,4,oz,113,g,1,1994-01-31,2019-02-13
5071,2,1,drumstick  with skin,130,g,1,1997-08-29,2019-02-13
5071,3,1,drumstick without skin,122,g,1,2019-02-13,2019-02-13
5072,1,1,unit (yield from 1 lb ready-to-cook chicken),25,g,1,1994-01-31,2006-11-30
5072,2,1,"drumstick, bone and skin removed",42,g,1,1997-08-29,2006-11-30
5073,1,3,oz,85,g,1,1994-01-31,2019-02-13
5073,2,1,drumstick without skin,96,g,1,1997-08-29,2019-02-13
5073,3,1,drumstick with skin,105,g,1,2019-02-13,2019-02-13
5074,1,3,oz,85,g,1,1994-01-31,2013-12-26
5074,2,1,"drumstick, bone and skin removed",46,g,1,1997-08-29,2013-12-26
5074,3,1,"cup, chopped or diced",160,g,1,2002-09-06,2013-12-26
5074,4,1,unit (yield from 1 lb ready-to-cook chicken),28,g,1,2013-12-23,2013-12-23
5075,1,4,oz,113,g,1,1994-01-31,2019-02-13
5075,2,1,"leg, with skin (Sum of drumstick+thigh+back)",344,g,1,1997-08-29,2013-12-26
5075,3,1,drumstick with skin,111,g,1,2013-12-23,2013-12-23
5075,4,1,thigh with skin,185,g,1,2013-12-23,2013-12-23
5075,5,1,back with skin,49,g,1,2013-12-23,2013-12-23
5076,1,1,unit (yield from 1 lb ready-to-cook chicken),95,g,1,1994-01-31,2006-11-30
5076,2,1,"leg, bone removed",158,g,1,1997-08-29,2006-11-30
5077,1,1,unit (yield from 1 lb ready-to-cook chicken),67,g,1,1994-01-31,2006-11-30
5077,2,1,"leg, bone removed",112,g,1,1997-08-29,2006-11-30
5078,1,3,oz,85,g,1,1994-01-31,2013-12-26
5078,2,1,"leg, with skin (Sum of drumstick+thigh+back)",258,g,1,1997-08-29,2013-12-26
5078,3,1,thigh with skin,133,g,1,2002-09-06,2013-12-26
5078,4,1,drumstick with skin,91,g,1,2013-12-23,2013-12-23
5078,5,1,back with skin,35,g,1,2013-12-23,2013-12-23
5079,1,1,"cup, chopped or diced",140,g,1,1994-01-31,2006-11-30
5079,2,1,unit (yield from 1 lb ready-to-cook chicken),75,g,1,1997-08-29,2006-11-30
5079,3,1,"leg, bone removed",125,g,1,2002-09-06,2006-11-30
5080,1,4,oz,113,g,1,1994-01-31,2019-02-13
5080,2,1,"leg, bone and skin removed (Sum of drumstick+thigh+back meat only)",265,g,1,1997-08-29,2013-12-26
5080,3,1,thigh bone and skin removed,147,g,1,2013-12-23,2013-12-23
5080,4,1,drumstick bone and skin removed,88,g,1,2013-12-23,2013-12-23
5080,5,1,back bone and skin removed,30,g,1,2013-12-23,2013-12-23
5081,1,1,unit (yield from 1 lb ready-to-cook chicken),56,g,1,1994-01-31,2006-11-30
5081,2,1,"leg, bone and skin removed",94,g,1,1997-08-29,2006-11-30
5082,1,3,oz,85,g,1,1994-01-31,2013-12-26
5082,2,1,leg (Sum of drumstick+thigh+back meat only),199,g,1,1997-08-29,2016-02-06
5082,3,1,drumstick bone and skin,105,g,1,2002-09-06,2016-02-06
5082,4,1,thigh bone and skin,72,g,1,2013-12-23,2016-02-06
5082,5,1,back bone and skin,22,g,1,2013-12-23,2016-02-06
5083,1,3,oz,85,g,1,1994-01-31,2013-12-26
5083,2,1,"cup, chopped or diced",160,g,1,1997-08-29,2013-12-26
5083,3,1,unit (yield from 1 lb ready-to-cook chicken),60,g,1,2002-09-06,2013-12-26
5083,4,1,"leg, bone and skin removed",101,g,1,2013-12-23,2013-12-23
5084,1,1,unit (yield from 1 lb ready-to-cook chicken),15,g,1,1996-09-30,2006-11-30
5084,2,1,"neck, bone removed",50,g,1,2002-09-06,2006-11-30
5085,1,1,unit (yield from 1 lb ready-to-cook chicken),16,g,1,2013-12-23,2013-12-23
5085,2,1,"neck, bone removed",52,g,1,2013-12-23,2013-12-23
5086,1,1,unit (yield from 1 lb ready-to-cook chicken),11,g,1,2013-12-23,2013-12-23
5086,2,1,"neck, bone removed",36,g,1,2013-12-23,2013-12-23
5087,1,1,unit (yield from 1 lb ready-to-cook chicken),11,g,1,2013-12-23,2013-12-23
5087,2,1,"neck, bone removed",38,g,1,2013-12-23,2013-12-23
5088,1,1,unit (yield from 1 lb ready-to-cook chicken),6,g,1,1996-09-30,2006-11-30
5088,2,1,"neck, bone and skin removed",20,g,1,2002-09-06,2006-11-30
5089,1,1,unit (yield from 1 lb ready-to-cook chicken),7,g,1,2013-12-23,2013-12-23
5089,2,1,"neck, bone and skin removed",22,g,1,2013-12-23,2013-12-23
5090,1,3,oz,85,g,1,2013-12-23,2019-02-13
5090,2,1,unit (yield from 1 lb ready-to-cook chicken),5,g,1,2013-12-23,2019-02-13
5090,3,1,"neck, bone and skin removed",18,g,1,2019-02-13,2019-02-13
5091,1,4,oz,113,g,1,1994-01-31,2019-02-13
5091,2,1,thigh with skin,193,g,1,1997-08-29,2019-02-13
5092,1,1,unit (yield from 1 lb ready-to-cook chicken),52,g,1,1994-01-31,2006-11-30
5092,2,1,"thigh, bone removed",86,g,1,1997-08-29,2006-11-30
5093,1,1,unit (yield from 1 lb ready-to-cook chicken),38,g,1,1994-01-31,2006-11-30
5093,2,1,"thigh, bone removed",62,g,1,1997-08-29,2006-11-30
5094,1,3,oz,85,g,1,1994-01-31,2019-02-13
5094,2,1,thigh with skin,137,g,1,1997-08-29,2019-02-13
5094,3,1,thigh without skin,116,g,1,2019-02-13,2019-02-13
5095,1,1,unit (yield from 1 lb ready-to-cook chicken),41,g,1,1994-01-31,2006-11-30
5095,2,1,"thigh, bone removed",68,g,1,1997-08-29,2006-11-30
5096,1,4,oz,113,g,1,1994-01-31,2019-02-13
5096,2,1,thigh without skin,149,g,1,1997-08-29,2019-02-13
5097,1,3,oz,85,g,1,1997-08-29,2019-02-13
5097,2,1,unit (yield from 1 lb ready-to-cook chicken),31,g,1,1994-01-31,2019-02-13
5097,3,1,"thigh, bone and skin removed",52,g,1,2019-02-13,2019-02-13
5098,1,3,oz,85,g,1,1994-01-31,2019-02-13
5098,2,1,thigh without skin,116,g,1,1997-08-29,2019-02-13
5098,3,1,thigh with skin,137,g,1,2019-02-13,2019-02-13
5099,1,1,"cup, chopped or diced",140,g,1,1994-01-31,2006-11-30
5099,2,1,unit (yield from 1 lb ready-to-cook chicken),33,g,1,1997-08-29,2006-11-30
5099,3,1,"thigh, bone and skin removed",55,g,1,2002-09-06,2006-11-30
5100,1,4,oz,113,g,1,1994-01-31,2019-02-13
5100,2,1,piece,107,g,1,1997-08-29,2019-02-13
5100,3,1,package,1150,g,1,2019-02-13,2019-02-13
5101,1,1,unit (yield from 1 lb ready-to-cook chicken),29,g,1,1994-01-31,2006-11-30
5101,2,1,"wing, bone removed",49,g,1,1997-08-29,2006-11-30
5102,1,1,unit (yield from 1 lb ready-to-cook chicken),19,g,1,1994-01-31,2006-11-30
5102,2,1,"wing, bone removed",32,g,1,1997-08-29,2006-11-30
5103,1,3,oz,85,g,1,1994-01-31,2019-02-13
5103,2,1,piece,85,g,1,2019-02-13,2019-02-13
5104,1,1,"cup, chopped or diced",140,g,1,1994-01-31,2006-11-30
5104,2,1,unit (yield from 1 lb ready-to-cook chicken),24,g,1,1997-08-29,2006-11-30
5104,3,1,"wing, bone removed",40,g,1,2002-09-06,2006-11-30
5105,1,1,"wing, bone and skin removed (yield from 1 lb ready-to-cook chicken)",17,g,1,1994-01-31,2006-11-30
5105,2,1,"wing, bone and skin removed",29,g,1,1997-08-29,2006-11-30
5106,1,3,oz,85,g,1,1994-01-31,2019-02-13
5106,2,1,unit (yield from 1 lb ready-to-cook chicken),12,g,1,1997-08-29,2019-02-13
5106,3,1,"wing, bone and skin removed",20,g,1,2019-02-13,2019-02-13
5107,1,1,unit (yield from 1 lb ready-to-cook chicken),13,g,1,1994-01-31,2006-11-30
5107,2,1,"wing, bone and skin removed",21,g,1,1997-08-29,2006-11-30
5108,1,3,oz,85,g,1,1994-01-31,2019-02-13
5108,2,1,"cup, chopped or diced",140,g,1,1997-08-29,2019-02-13
5108,3,1,unit (yield from 1 lb ready-to-cook chicken),14,g,1,2002-09-06,2019-02-13
5108,4,1,"wing, bone and skin removed",24,g,1,2019-02-13,2019-02-13
5109,1,3,oz,85,g,1,2013-12-23,2013-12-23
5109,2,1,chicken,1509,g,1,2013-12-23,2013-12-23
5110,1,3,oz,85,g,1,2013-12-23,2013-12-23
5110,2,1,unit (yield from 1 lb ready-to-cook chicken),235,g,1,2013-12-23,2013-12-23
5110,3,1,chicken,1072,g,1,2013-12-23,2013-12-23
5111,1,3,oz,85,g,1,2016-02-06,2016-02-06
5111,2,1,breast,635,g,1,2016-02-06,2016-02-06
5111,3,1,bird,4405,g,1,2016-02-06,2016-02-06
5112,1,3,oz,85,g,1,2013-12-23,2013-12-23
5112,2,1,unit (yield from 1 lb ready-to-cook chicken),210,g,1,2013-12-23,2013-12-23
5112,3,0.5,"chicken, bone removed",480,g,1,2013-12-23,2013-12-23
5113,1,3,oz,85,g,1,2001-07-04,2013-12-26
5113,2,1,unit (yield from 1 lb ready-to-cook chicken),209,g,1,2002-09-06,2013-12-26
5113,3,0.5,"chicken, bone and skin removed",477,g,1,2013-12-23,2013-12-23
5114,1,1,"cup, chopped or diced",140,g,1,2013-12-23,2013-12-23
5114,2,1,unit (yield from 1 lb ready-to-cook chicken),171,g,1,2013-12-23,2013-12-23
5115,1,1,unit (yield from 1 lb ready-to-cook chicken),25,g,1,2013-12-23,2013-12-23
5115,2,1,giblets,113,g,1,2013-12-23,2013-12-23
5116,1,1,"cup, chopped or diced",145,g,1,2013-12-23,2013-12-23
5116,2,1,unit (yield from 1 lb ready-to-cook chicken),15,g,1,2013-12-23,2013-12-23
5117,1,1,unit (yield from 1 lb ready-to-cook chicken),99,g,1,1996-09-30,2006-11-30
5117,2,0.5,"chicken, bone and skin removed",220,g,1,2002-09-06,2006-11-30
5118,1,1,"cup, chopped or diced",140,g,1,2013-12-23,2013-12-23
5118,2,1,unit (yield from 1 lb ready-to-cook chicken),78,g,1,2013-12-23,2013-12-23
5119,1,1,unit (yield from 1 lb ready-to-cook chicken),113,g,1,1996-09-30,2006-11-30
5119,2,0.5,"chicken, bone and skin removed",258,g,1,2002-09-06,2006-11-30
5120,1,1,"cup, chopped or diced",140,g,1,2013-12-23,2013-12-23
5120,2,1,unit (yield from 1 lb ready-to-cook chicken),94,g,1,2013-12-23,2013-12-23
5121,1,3,oz,85,g,1,2013-12-23,2013-12-23
5121,2,1,chicken,905,g,1,2013-12-23,2013-12-23
5122,1,3,oz,85,g,1,2013-12-23,2013-12-23
5122,2,1,"cup, chopped or diced",160,g,1,2013-12-23,2013-12-23
5122,3,1,unit (yield from 1 lb ready-to-cook chicken),202,g,1,2013-12-23,2013-12-23
5122,4,1,"chicken, bone removed",593,g,1,2013-12-23,2013-12-23
5123,1,3,oz,85,g,1,2013-12-23,2013-12-23
5123,2,1,unit (yield from 1 lb ready-to-cook chicken),271,g,1,2013-12-23,2013-12-23
5123,3,0.5,"chicken, bone removed",398,g,1,2013-12-23,2013-12-23
5124,1,3,oz,85,g,1,2013-12-23,2013-12-23
5124,2,1,unit (yield from 1 lb ready-to-cook chicken),178,g,1,2013-12-23,2013-12-23
5124,3,0.5,"chicken, bone removed",261,g,1,2013-12-23,2013-12-23
5125,1,4,oz,113,g,1,2013-12-23,2019-02-13
5125,2,1,unit (yield from 1 lb ready-to-cook chicken),194,g,1,2013-12-23,2013-12-23
5125,3,0.5,"chicken, bone and skin removed",284,g,1,2013-12-23,2013-12-23
5126,1,3,oz,85,g,1,1994-01-31,2019-02-13
5126,2,1,"cup, chopped or diced",140,g,1,1997-08-29,2019-02-13
5126,3,1,unit (yield from 1 lb ready-to-cook chicken),137,g,1,2019-02-13,2019-02-13
5127,1,1,unit (yield from 1 lb ready-to-cook chicken),28,g,1,2013-12-23,2013-12-23
5127,2,1,giblets,81,g,1,2013-12-23,2013-12-23
5128,1,1,"cup, chopped or diced",145,g,1,2013-12-23,2013-12-23
5128,2,1,unit (yield from 1 lb ready-to-cook chicken),17,g,1,2013-12-23,2013-12-23
5129,1,1,unit (yield from 1 lb ready-to-cook chicken),89,g,1,2013-12-23,2013-12-23
5129,2,0.5,"chicken, bone and skin removed",130,g,1,2013-12-23,2013-12-23
5130,1,1,"cup, chopped or diced",140,g,1,2013-12-23,2013-12-23
5130,2,1,unit (yield from 1 lb ready-to-cook chicken),64,g,1,2013-12-23,2013-12-23
5131,1,1,unit (yield from 1 lb ready-to-cook chicken),105,g,1,2013-12-23,2013-12-23
5131,2,0.5,"chicken, bone and skin removed",154,g,1,2013-12-23,2013-12-23
5132,1,1,"cup, chopped or diced",140,g,1,2013-12-23,2013-12-23
5132,2,1,unit (yield from 1 lb ready-to-cook chicken),73,g,1,2013-12-23,2013-12-23
5133,1,3,oz,85,g,1,2013-12-23,2013-12-23
5133,2,1,capon,2152,g,1,2013-12-23,2013-12-23
5134,1,3,oz,85,g,1,2013-12-23,2013-12-23
5134,2,1,capon,1418,g,1,2013-12-23,2013-12-23
5134,3,1,unit (yield from 1 lb ready-to cook capon),218,g,1,2013-12-23,2013-12-23
5135,1,3,oz,85,g,1,2001-07-04,2013-12-26
5135,2,1,unit (yield from 1 lb ready-to cook capon),297,g,1,2002-09-06,2006-11-30
5135,3,0.5,"capon, bone removed",964,g,1,2013-12-23,2013-12-23
5136,1,3,oz,85,g,1,2013-12-23,2013-12-23
5136,2,1,unit (yield from 1 lb ready-to cook capon),196,g,1,2013-12-23,2013-12-23
5136,3,0.5,"capon, bone removed",637,g,1,2013-12-23,2013-12-23
5137,1,1,giblets,115,g,1,2013-12-23,2013-12-23
5137,2,1,unit (yield from 1 lb ready-to cook capon),18,g,1,2013-12-23,2013-12-23
5138,1,1,"cup, chopped or diced",145,g,1,2013-12-23,2013-12-23
5138,2,1,unit (yield from 1 lb ready-to cook capon),11,g,1,2013-12-23,2013-12-23
5139,1,3,oz,85,g,1,2013-12-23,2013-12-23
5139,2,1,unit (yield from 1 lb ready-to-cook duck),287,g,1,2013-12-23,2013-12-23
5139,3,0.5,duck,634,g,1,2013-12-23,2013-12-23
5140,1,1,"cup, chopped or diced",140,g,1,2013-12-23,2013-12-23
5140,2,1,unit (yield from 1 lb ready-to-cook duck),173,g,1,2013-12-23,2013-12-23
5140,3,0.5,duck,382,g,1,2013-12-23,2013-12-23
5141,1,1,unit (yield from 1 lb ready-to-cook duck),137,g,1,2013-12-23,2013-12-23
5141,2,0.5,duck,303,g,1,2013-12-23,2013-12-23
5142,1,1,"cup, chopped or diced",140,g,1,2013-12-23,2013-12-23
5142,2,1,unit (yield from 1 lb ready-to-cook duck),100,g,1,2015-01-06,2015-01-06
5142,3,0.5,duck,221,g,1,2013-12-23,2013-12-23
5143,1,1,liver,44,g,1,2013-12-23,2013-12-23
5143,2,1,unit (yield from 1 lb ready-to-cook duck),10,g,1,2013-12-23,2013-12-23
5144,1,3,oz,85,g,1,2013-12-23,2013-12-23
5144,2,1,unit (yield from 1 lb ready-to-cook duck),239,g,1,2013-12-23,2013-12-23
5144,3,0.5,duck,270,g,1,2013-12-23,2013-12-23
5145,1,1,unit (yield from 1 lb ready-to-cook duck),73,g,1,2013-12-23,2013-12-23
5145,2,0.5,"breast, bone and skin removed",83,g,1,2013-12-23,2013-12-23
5146,1,3,oz,85,g,1,2013-12-23,2013-12-23
5146,2,1,unit (yield from 1 lb ready-to-cook goose),320,g,1,2013-12-23,2013-12-23
5146,3,0.5,goose,1319,g,1,2013-12-23,2013-12-23
5147,1,1,"cup, chopped or diced",140,g,1,2013-12-23,2013-12-23
5147,2,1,unit (yield from 1 lb ready-to-cook goose),188,g,1,2013-12-23,2013-12-23
5147,3,0.5,goose,774,g,1,2013-12-23,2013-12-23
5148,1,3,oz,85,g,1,2013-12-23,2013-12-23
5148,2,1,unit (yield from 1 lb ready-to-cook goose),185,g,1,2013-12-23,2013-12-23
5148,3,0.5,goose,766,g,1,2013-12-23,2013-12-23
5149,1,1,unit (yield from 1 lb ready-to-cook goose),143,g,1,2013-12-23,2013-12-23
5149,2,0.5,goose,591,g,1,2013-12-23,2013-12-23
5150,1,1,liver,94,g,1,2013-12-23,2013-12-23
5150,2,1,unit (yield from 1 lb ready-to-cook goose),11,g,1,2013-12-23,2013-12-23
5151,1,3,oz,85,g,1,2013-12-23,2013-12-23
5151,2,1,unit (yield from 1 lb ready-to-cook guinea),359,g,1,2013-12-23,2013-12-23
5151,3,0.5,guinea,345,g,1,2013-12-23,2013-12-23
5152,1,3,oz,85,g,1,2013-12-23,2013-12-23
5152,2,1,unit (yield from 1 lb ready-to-cook guinea),275,g,1,2013-12-23,2013-12-23
5152,3,0.5,guinea,264,g,1,2013-12-23,2013-12-23
5153,1,3,oz,85,g,1,2013-12-23,2013-12-23
5153,2,1,unit (yield from 1 lb ready-to-eat pheasant),371,g,1,2013-12-23,2013-12-23
5153,3,0.5,pheasant,400,g,1,2013-12-23,2013-12-23
5154,1,3,oz,85,g,1,2013-12-23,2013-12-23
5154,2,1,unit (yield from 1 lb ready-to-eat pheasant),326,g,1,2013-12-23,2013-12-23
5154,3,0.5,pheasant,352,g,1,2013-12-23,2013-12-23
5155,1,3,oz,85,g,1,2013-12-23,2013-12-23
5155,2,1,unit (yield from 1 lb ready-to-eat pheasant),169,g,1,2013-12-23,2013-12-23
5155,3,0.5,"breast, bone and skin removed",182,g,1,2013-12-23,2013-12-23
5156,1,1,unit (yield from 1 lb ready-to-eat pheasant),99,g,1,2013-12-23,2013-12-23
5156,2,1,"leg, bone and skin removed",107,g,1,2013-12-23,2013-12-23
5157,1,1,quail,109,g,1,2013-12-23,2013-12-23
5157,2,1,unit (yield from 1 lb ready-to cook quail),405,g,1,2013-12-23,2013-12-23
5158,1,1,quail,92,g,1,2013-12-23,2013-12-23
5158,2,1,unit (yield from 1 lb ready-to cook quail),342,g,1,2013-12-23,2013-12-23
5159,1,3,oz,85,g,1,2013-12-23,2013-12-23
5159,2,1,unit (yield from 1 lb ready-to cook quail),208,g,1,2013-12-23,2013-12-23
5159,3,1,breast,56,g,1,2013-12-23,2013-12-23
5160,1,3,oz,85,g,1,2013-12-23,2013-12-23
5160,2,1,unit (yield from 1 lb ready-to-cook squab),297,g,1,2013-12-23,2013-12-23
5160,3,1,squab,199,g,1,2013-12-23,2013-12-23
5161,1,1,unit (yield from 1 lb ready-to-cook squab),251,g,1,2013-12-23,2013-12-23
5161,2,1,squab,168,g,1,2013-12-23,2013-12-23
5162,1,1,"breast, bone removed",101,g,1,2013-12-23,2013-12-23
5162,2,1,unit (yield from 1 lb ready-to-cook squab),151,g,1,2013-12-23,2013-12-23
5165,1,4,oz,113,g,1,1994-01-31,2019-02-13
5165,2,1,bird,5002,g,1,1997-08-29,2013-12-26
5166,1,3,oz,85,g,1,1994-01-31,2013-12-26
5166,2,1,bird,3812,g,1,1998-01-15,2013-12-26
5167,1,4,oz,113,g,1,1997-08-29,2019-02-13
5167,2,1,bird,5002,g,1,1994-01-31,2013-12-26
5168,1,3,oz,85,g,1,1994-01-31,2013-12-26
5168,2,1,bird,3812,g,1,1997-08-29,2013-12-26
5169,1,4,oz,113,g,1,2013-12-23,2019-02-13
5169,2,1,lb,453,g,1,2013-12-23,2013-12-23
5170,1,3,oz,85,g,1,2013-12-23,2019-02-13
5171,1,4,oz,113,g,1,2013-12-23,2019-02-13
5171,2,1,giblets,157,g,1,2013-12-23,2013-12-23
5172,1,3,oz,85,g,1,2013-12-23,2019-02-13
5172,2,1,giblets,95,g,1,2019-02-13,2019-02-13
5173,1,4,oz,113,g,1,2013-12-23,2019-02-13
5173,2,1,raw gizzard,63,g,1,2019-02-13,2019-02-13
5174,1,3,oz,85,g,1,2013-12-23,2019-02-13
5174,2,1,gizzard cooked,45,g,1,2019-02-13,2019-02-13
5175,1,4,oz,113,g,1,2011-01-18,2019-02-13
5175,2,1,piece,24,g,1,2019-02-13,2019-02-13
5176,1,3,oz,85,g,1,2011-01-18,2019-02-13
5176,2,1,heart,20,g,1,2019-02-13,2019-02-13
5177,1,4,oz,113,g,1,2013-12-23,2019-02-13
5177,2,1,raw liver,78,g,1,2019-02-13,2019-02-13
5178,1,3,oz,85,g,1,2013-12-23,2019-02-13
5178,2,1,liver cooked,53,g,1,2019-02-13,2019-02-13
5179,1,1,oz,28.35,g,1,2013-12-23,2013-12-23
5179,2,1,lb,453,g,1,2013-12-23,2013-12-23
5180,1,3,oz,85,g,1,2013-12-23,2019-02-13
5181,1,4,oz,113,g,1,1997-08-29,2019-02-13
5181,2,1,lb,453,g,1,1994-01-31,2013-12-26
5182,1,3,oz,85,g,1,1994-01-31,2019-02-13
5183,1,4,oz,113,g,1,1997-08-29,2019-02-13
5183,2,1,lb,453,g,1,1994-01-31,2015-01-07
5184,1,3,oz,85,g,1,1994-01-31,2019-02-13
5185,1,1,serving,85,g,1,1997-08-29,2015-01-07
5186,1,3,oz,85,g,1,1994-01-31,2019-02-13
5187,1,4,oz,113,g,1,1997-08-29,2019-02-13
5187,2,1,serving,85,g,1,2019-02-13,2019-02-13
5188,1,3,oz,85,g,1,1994-01-31,2019-02-13
5190,1,1,"cup, chopped or diced",140,g,1,1996-09-30,2006-11-30
5190,2,0.5,"back, bone removed",262,g,1,1998-01-15,2006-11-30
5190,3,1,unit (yield from 1 lb ready-to-cook turkey),34,g,1,2002-09-06,2006-11-30
5191,1,1,unit (yield from 1 lb ready-to-cook turkey),146,g,1,1994-01-31,2006-11-30
5191,2,0.5,"breast, bone removed",1132,g,1,1997-08-29,2006-11-30
5192,1,3,oz,85,g,1,1997-08-29,2019-02-13
5192,2,0.5,unit (yield from 1 lb ready-to-cook turkey),112,g,1,1994-01-31,2019-02-13
5192,3,0,"breast, bone removed",864,g,1,2019-02-13,2019-02-13
5193,1,1,unit (yield from 1 lb ready-to-cook turkey),105,g,1,2013-12-23,2013-12-23
5193,2,1,"leg, bone removed",816,g,1,2013-12-23,2013-12-23
5194,1,3,oz,85,g,1,2013-12-23,2019-02-13
5194,2,1,unit (yield from 1 lb ready-to-cook turkey),71,g,1,2013-12-23,2019-02-13
5194,3,1,"leg, bone removed",546,g,1,2019-02-13,2019-02-13
5195,1,1,unit (yield from 1 lb ready-to-cook turkey),33,g,1,1996-09-30,2006-11-30
5195,2,1,"wing, bone removed",256,g,1,2002-09-06,2006-11-30
5196,1,3,oz,85,g,1,1996-09-30,2019-02-13
5196,2,1,unit (yield from 1 lb ready-to-cook turkey),24,g,1,1998-01-15,2019-02-13
5196,3,1,"wing, bone removed",186,g,1,2019-02-13,2019-02-13
5200,1,3,oz,85,g,1,2013-12-23,2013-12-23
5200,2,0.5,"turkey, bone removed",808,g,1,2013-12-23,2013-12-23
5200,3,1,unit (yield from 1 lb ready-to-cook turkey),229,g,1,2013-12-23,2013-12-23
5216,1,3,oz,85,g,1,2013-12-23,2013-12-23
5216,2,1,back,911,g,1,2013-12-23,2013-12-23
5219,1,4,oz,113,g,1,2013-12-23,2019-02-13
5219,2,1,breast,1769,g,1,2013-12-23,2013-12-23
5220,1,3,oz,85,g,1,2013-12-23,2013-12-23
5220,2,1,breast,1413,g,1,2013-12-23,2013-12-23
5227,1,4,oz,113,g,1,2013-12-23,2019-02-13
5227,2,1,wing,346,g,1,2013-12-23,2013-12-23
5228,1,3,oz,85,g,1,2013-12-23,2013-12-23
5228,2,1,wing,213,g,1,2013-12-23,2013-12-23
5236,1,1,unit (yield from 1 lb ready-to-cook turkey),31,g,1,2013-12-23,2013-12-23
5236,2,0.5,"turkey, skin only",196,g,1,2013-12-23,2013-12-23
5277,1,3,oz,85,g,1,1997-08-29,2019-02-13
5277,2,1,can (5 oz),142,g,1,2019-02-13,2019-02-13
5282,1,1,tbsp,13,g,1,2013-12-23,2013-12-23
5282,2,1,oz,28.35,g,1,2013-12-23,2013-12-23
5284,1,3,oz,85,g,1,1994-09-29,2019-02-13
5284,2,1,"cup, drained",135,g,1,1997-08-29,2019-02-13
5284,3,1,can (5 oz),142,g,1,2002-09-06,2019-02-13
5284,4,1,can (5 oz) yields,125,g,1,2019-02-13,2019-02-13
5285,1,1,oz,28.35,g,1,1999-03-22,2006-11-30
5285,2,0.5,lb,227,g,1,1994-01-31,2006-11-30
5286,1,3,oz,85,g,1,2013-12-23,2013-12-23
5286,2,1,"package (net weight, 5 oz)",142,g,1,2013-12-23,2013-12-23
5293,1,3,oz,85,g,1,2013-12-23,2013-12-23
5293,2,0.5,"breast, bone removed",864,g,1,2013-12-23,2013-12-23
5294,1,3,oz,85,g,1,2013-12-23,2013-12-23
5294,2,1,"thigh, bone removed",314,g,1,2013-12-23,2013-12-23
5295,1,3,oz,85,g,1,1997-08-29,2013-12-26
5295,2,1,"box (net weight, 2.5 lb)",1134,g,1,1994-01-31,2013-12-26
5300,1,1,stick (2.25 oz),64,g,1,2013-12-23,2013-12-23
5301,1,0.5,lb,227,g,1,1996-09-30,2006-11-30
5302,1,0.5,lb,227,g,1,1996-09-30,2006-11-30
5303,1,0.5,lb,227,g,1,2013-12-23,2013-12-23
5304,1,0.5,lb,227,g,1,2013-12-23,2013-12-23
5305,1,4,oz,113,g,1,1999-03-22,2019-02-13
5305,2,1,lb,453.6,g,1,2002-09-06,2019-02-13
5305,3,1,"patty, 4 oz",114,g,1,2019-02-13,2019-02-13
5306,1,3,oz,85,g,1,1997-08-29,2019-02-13
5306,2,1,"patty (4 oz, raw) (yield after cooking)",82,g,1,1994-01-31,2019-02-13
5306,3,1,"unit, yield from 1 lb raw",330,g,1,2019-02-13,2019-02-13
5307,1,3,oz,85,g,1,2013-12-23,2013-12-23
5307,2,0.5,bird,168,g,1,2013-12-23,2013-12-23
5308,1,3,oz,85,g,1,2013-12-23,2013-12-23
5308,2,0.5,bird,129,g,1,2013-12-23,2013-12-23
5308,3,1,bird whole,257,g,1,2013-12-23,2013-12-23
5309,1,3,oz,85,g,1,2013-12-23,2013-12-23
5309,2,0.5,bird,120,g,1,2013-12-23,2013-12-23
5309,3,1,bird whole,239,g,1,2013-12-23,2013-12-23
5310,1,3,oz,85,g,1,2013-12-23,2013-12-23
5310,2,0.5,bird,110,g,1,2013-12-23,2013-12-23
5310,3,1,bird whole,220,g,1,2013-12-23,2013-12-23
5311,1,3,oz,85,g,1,1994-01-31,2019-02-13
5311,2,1,cup,205,g,1,2004-07-15,2013-12-26
5311,3,1,can (5 oz) yields,125,g,1,2013-12-23,2013-12-23
5312,1,3,oz,85,g,1,2013-12-23,2019-02-13
5312,2,1,piece,29,g,1,2013-12-23,2019-02-13
5312,3,1,serving,86,g,1,2019-02-13,2019-02-13
5313,1,3,oz,85,g,1,2013-12-23,2019-02-13
5313,2,1,serving,74,g,1,2019-02-13,2019-02-13
5314,1,4,oz,113,g,1,2013-12-23,2019-02-13
5314,2,1,piece,263,g,1,2013-12-23,2013-12-23
5314,3,0.5,breast,118,g,1,2013-12-23,2016-02-06
5315,1,1,unit (yield from 1 lb ready-to-cook duck),56,g,1,2013-12-23,2013-12-23
5315,2,3,oz,85,g,1,2013-12-23,2013-12-23
5315,3,0.5,"breast, bone removed",120,g,1,2013-12-23,2013-12-23
5316,1,3,oz,85,g,1,2013-12-23,2013-12-23
5316,2,0.5,"breast, bone and skin removed",95,g,1,2013-12-23,2013-12-23
5316,3,1,"cup, chopped or diced",174,g,1,2013-12-23,2013-12-23
5316,4,1,unit (yield from 1 lb ready-to-cook duck),44,g,1,2013-12-23,2013-12-23
5317,1,1,"leg, bone removed (yield after cooking)",92,g,1,2013-12-23,2013-12-23
5317,2,1,unit (yield from 1 lb ready-to-cook duck),43,g,1,2013-12-23,2013-12-23
5317,3,3,oz,85,g,1,2013-12-23,2013-12-23
5318,1,3,oz,85,g,1,2013-12-23,2013-12-23
5318,2,1,"cup chopped or diced, cooked",174,g,1,2013-12-23,2013-12-23
5318,3,1,unit (yield from 1 lb ready-to-cook duck),35,g,1,2013-12-23,2013-12-23
5318,4,1,"leg, bone and skin removed",75,g,1,2013-12-23,2013-12-23
5319,1,3,oz,85,g,1,2013-02-22,2019-02-13
5319,2,1,drumstick,71,g,1,2019-02-13,2019-02-13
5320,1,3,oz,85,g,1,2013-12-23,2019-02-13
5320,2,1,serving,96,g,1,2019-02-13,2019-02-13
5323,1,3,oz,85,g,1,2013-12-23,2019-02-13
5323,2,1,patty,60,g,1,2019-02-13,2019-02-13
5324,1,3,oz,85,g,1,2013-12-23,2019-02-13
5324,2,1,patty,60,g,1,2019-02-13,2019-02-13
5326,1,3,oz,85,g,1,2013-12-23,2019-02-13
5326,2,1,piece,15,g,1,2013-12-23,2019-02-13
5326,3,4,pieces,62,g,1,2019-02-13,2019-02-13
5327,1,3,oz,85,g,1,2016-02-06,2019-02-13
5327,2,1,piece,15,g,1,2016-02-06,2019-02-13
5327,3,4,pieces,62,g,1,2019-02-13,2019-02-13
5332,1,4,oz crumbled,113,g,1,2013-12-23,2019-02-13
5333,1,3,oz crumbled,85,g,1,2011-01-18,2011-01-18
5334,1,3,oz,85,g,1,2013-02-22,2019-02-13
5334,2,1,thigh,95,g,1,2019-02-13,2019-02-13
5335,1,3,oz,85,g,1,2013-12-23,2019-02-13
5335,2,1,lb,453.6,g,1,2013-12-23,2013-12-23
5339,1,3,oz,85,g,1,2013-02-22,2019-02-13
5339,2,1,wing,51,g,1,2019-02-13,2019-02-13
5341,1,1,serving (3 oz),85,g,1,2013-12-23,2016-02-06
5341,2,1,back,102,g,1,2013-12-23,2016-02-06
5341,3,1,oz,28.35,g,1,2013-12-23,2013-12-23
5342,1,3,oz,85,g,1,2013-12-23,2016-02-06
5342,2,1,breast breast with skin and bone,483,g,1,2013-12-23,2016-02-06
5342,3,1,oz,28.35,g,1,2013-12-23,2015-01-07
5343,1,1,drumstick,53,g,1,2013-12-23,2013-12-23
5343,2,1,serving (3oz),85,g,1,2013-12-23,2013-12-23
5343,3,1,oz,28.35,g,1,2013-12-23,2013-12-23
5344,1,3,oz,85,g,1,2013-12-23,2019-02-13
5345,1,1,thigh,89,g,1,2013-12-23,2013-12-23
5345,2,1,serving (3 oz),85,g,1,2013-12-23,2013-12-23
5345,3,1,oz,28.35,g,1,2013-12-23,2013-12-23
5346,1,1,wing,53,g,1,2013-12-23,2013-12-23
5346,2,1,serving (3 oz),85,g,1,2013-12-23,2013-12-23
5346,3,1,oz,28.35,g,1,2013-12-23,2013-12-23
5347,1,1,back,102,g,1,2013-12-23,2013-12-23
5347,2,1,serving (3 oz),85,g,1,2013-12-23,2013-12-23
5347,3,1,oz,28.35,g,1,2013-12-23,2013-12-23
5348,1,1,serving (3 oz),85,g,1,2013-12-23,2013-12-23
5348,2,1,oz,28.35,g,1,2013-12-23,2013-12-23
5348,3,1,breast,343,g,1,2013-12-23,2013-12-23
5349,1,1,drumstick,53,g,1,2013-12-23,2013-12-23
5349,2,1,serving (3 oz),85,g,1,2013-12-23,2013-12-23
5349,3,1,oz,28.35,g,1,2013-12-23,2013-12-23
5351,1,1,thigh,89,g,1,2013-12-23,2013-12-23
5351,2,1,serving,85,g,1,2013-12-23,2013-12-23
5352,1,1,wing,53,g,1,2013-12-23,2013-12-23
5352,2,1,serving (3 oz),85,g,1,2013-12-23,2013-12-23
5352,3,1,oz,28.35,g,1,2013-12-23,2013-12-23
5356,1,1,serving,85,g,1,2013-02-22,2013-02-22
5357,1,3,oz,85,g,1,2013-02-22,2013-12-26
5357,2,1,back,182,g,1,2013-12-23,2013-12-23
5358,1,3,oz,85,g,1,2013-02-22,2013-12-26
5358,2,1,breast,384,g,1,2013-12-23,2013-12-23
5359,1,3,oz,85,g,1,2013-02-22,2019-02-13
5359,2,1,drumstick,71,g,1,2019-02-13,2019-02-13
5361,1,3,oz,85,g,1,2013-02-22,2019-02-13
5361,2,1,thigh,95,g,1,2019-02-13,2019-02-13
5362,1,3,oz,85,g,1,2013-02-22,2019-02-13
5362,2,1,wing,51,g,1,2019-02-13,2019-02-13
5363,1,4,oz,113,g,1,2015-01-06,2015-01-06
5363,2,1,breast,219,g,1,2015-01-06,2015-01-06
5363,3,1,bird,627,g,1,2015-01-06,2015-01-06
5621,1,1,patty,117,g,1,2013-12-23,2013-12-23
5622,1,1,patty (yield from 135.8 g raw meat),109,g,1,2013-12-23,2013-12-23
5622,2,1,serving ( 3 oz ),85,g,1,2013-12-23,2013-12-23
5623,1,1,serving ( 3 oz ),85,g,1,2013-12-23,2013-12-23
5623,2,1,fan fillet,513,g,1,2013-12-23,2013-12-23
5624,1,1,serving ( 3 oz ),85,g,1,2013-12-23,2013-12-23
5624,2,1,steak,394,g,1,2013-12-23,2013-12-23
5625,1,3,oz,85,g,1,2013-12-23,2013-12-23
5625,2,1,flat fillet,354,g,1,2013-12-23,2013-12-23
5626,1,3,oz,85,g,1,2013-12-23,2013-12-23
5626,2,1,full rump,695,g,1,2013-12-23,2013-12-23
5627,1,1,serving ( 3 oz ),85,g,1,2013-12-23,2013-12-23
5627,2,1,full rump cooked ( yield from 695 g raw meat ),496,g,1,2013-12-23,2013-12-23
5628,1,3,oz,85,g,1,2013-12-23,2013-12-23
5628,2,1,inside drum,572,g,1,2013-12-23,2013-12-23
5629,1,1,serving ( 3 oz ),85,g,1,2013-12-23,2013-12-23
5629,2,1,inside drum cooked ( yield from 572 g raw meat ),416,g,1,2013-12-23,2013-12-23
5630,1,3,oz,85,g,1,2013-12-23,2013-12-23
5630,2,1,outside drum,422,g,1,2013-12-23,2013-12-23
5631,1,3,oz,85,g,1,2013-12-23,2013-12-23
5631,2,1,steak,300,g,1,2013-12-23,2013-12-23
5632,1,1,serving ( 3 oz ),85,g,1,2013-12-23,2013-12-23
5632,2,1,steak,244,g,1,2013-12-23,2013-12-23
5641,1,1,patty,109,g,1,2013-12-23,2013-12-23
5641,2,4,patty,435,g,1,2013-12-23,2013-12-23
5642,1,1,patty,93,g,1,2013-12-23,2013-12-23
5642,2,1,serving ( 3 oz ),85,g,1,2013-12-23,2013-12-23
5643,1,1,serving ( cooked from 4oz raw),85,g,1,2013-12-23,2013-12-23
5643,2,1,oz,28.35,g,1,2013-12-23,2013-12-23
5644,1,1,serving ( cooked from 4 oz raw ),85,g,1,2013-12-23,2013-12-23
5644,2,1,oz,28.35,g,1,2013-12-23,2013-12-23
5645,1,1,serving ( 3 oz ),85,g,1,2013-12-23,2013-12-23
5646,1,1,serving (cooked from 4 oz raw),85,g,1,2013-12-23,2013-12-23
5646,2,1,oz,28.35,g,1,2013-12-23,2013-12-23
5647,1,1,serving ( 3 oz ),85,g,1,2013-12-23,2013-12-23
5648,1,1,serving (cooked from 4 oz raw),85,g,1,2013-12-23,2013-12-23
5648,2,1,oz,28.35,g,1,2013-12-23,2013-12-23
5649,1,1,serving (cooked from 4 oz raw),85,g,1,2013-12-23,2013-12-23
5649,2,1,oz,28.35,g,1,2013-12-23,2013-12-23
5650,1,1,serving ( 3 oz ),85,g,1,2013-12-23,2013-12-23
5651,1,1,serving ( cooked from 4 oz raw),85,g,1,2013-12-23,2013-12-23
5651,2,1,oz,28.35,g,1,2013-12-23,2013-12-23
5652,1,1,serving ( 3 oz ),85,g,1,2013-12-23,2013-12-23
5653,1,1,serving (cooked from 4 oz raw),85,g,1,2013-12-23,2013-12-23
5653,2,1,oz,28.35,g,1,2013-12-23,2013-12-23
5653,3,1,lb,453,g,1,2013-12-23,2013-12-23
5654,1,1,serving (cooked from 4 oz raw),85,g,1,2013-12-23,2013-12-23
5654,2,1,lb,456,g,1,2013-12-23,2013-12-23
5654,3,1,oz,28.35,g,1,2013-12-23,2013-12-23
5655,1,1,serving ( cooked from 4 oz raw),85,g,1,2013-12-23,2013-12-23
5655,2,1,oz,28.35,g,1,2013-12-23,2013-12-23
5655,3,1,lb,453,g,1,2013-12-23,2013-12-23
5656,1,1,serving ( 3 oz ),85,g,1,2013-12-23,2013-12-23
5657,1,1,serving (cooked from 4 oz raw),85,g,1,2013-12-23,2013-12-23
5657,2,1,oz,28.35,g,1,2013-12-23,2013-12-23
5657,3,1,lb,453,g,1,2013-12-23,2013-12-23
5658,1,1,serving ( 3 oz ),85,g,1,2013-12-23,2013-12-23
5661,1,3,oz,85,g,1,2013-12-23,2019-02-13
5661,2,1,liver,44,g,1,2013-12-23,2019-02-13
5662,1,4,oz,113,g,1,2013-12-23,2019-02-13
5662,2,1,patty (cooked from 4 oz raw),85,g,1,2013-12-23,2019-02-13
5662,3,1,lb,453,g,1,2013-12-23,2013-12-23
5663,1,3,oz,85,g,1,2011-01-18,2011-01-18
5664,1,3,oz,85,g,1,2011-01-18,2019-02-13
5664,2,1,patty,85,g,1,2013-12-23,2019-02-13
5665,1,4,oz,113,g,1,2013-12-23,2019-02-13
5665,2,1,lb,453,g,1,2013-12-23,2013-12-23
5665,3,1,serving (cooked from 4 oz),85,g,1,2013-12-23,2013-12-23
5666,1,3,oz,85,g,1,2011-01-18,2011-01-18
5667,1,3,oz,85,g,1,2011-01-18,2011-01-18
5668,1,4,oz,113,g,1,2013-12-23,2019-02-13
5668,2,1,patty (cooked from 4 oz raw),85,g,1,2013-12-23,2019-02-13
5668,3,1,lb,453,g,1,2013-12-23,2013-12-23
5669,1,3,oz,85,g,1,2011-01-18,2011-01-18
5670,1,3,oz,85,g,1,2011-01-18,2011-01-18
5671,1,3,oz,85,g,1,2012-03-02,2019-02-13
5671,2,1,drumstick without skin,95,g,1,2012-03-02,2019-02-13
5671,3,1,drumstick with skin,105,g,1,2019-02-13,2019-02-13
5672,1,3,oz,85,g,1,2012-03-02,2019-02-13
5672,2,1,thigh without skin,111,g,1,2012-03-02,2019-02-13
5672,3,1,thigh with skin,129,g,1,2019-02-13,2019-02-13
5673,1,3,oz,85,g,1,2012-03-02,2019-02-13
5673,2,1,lb,453,g,1,2012-03-02,2012-03-02
5674,1,4,oz,113,g,1,2012-03-02,2019-02-13
5674,2,1,lb,453,g,1,2012-03-02,2012-03-02
5675,1,3,oz,85,g,1,2012-03-02,2019-02-13
5675,2,1,lb,453,g,1,2012-03-02,2012-03-02
5676,1,3,oz,85,g,1,2012-03-02,2019-02-13
5676,2,1,drumstick without skin,95,g,1,2012-03-02,2019-02-13
5676,3,1,drumstick with skin,105,g,1,2019-02-13,2019-02-13
5677,1,3,oz,85,g,1,2012-03-02,2019-02-13
5677,2,1,thigh without skin,111,g,1,2012-03-02,2019-02-13
5677,3,1,thigh with skin,129,g,1,2019-02-13,2019-02-13
5678,1,4,oz,113,g,1,2013-12-23,2019-02-13
5678,2,1,drumstick with skin,143,g,1,2013-12-23,2019-02-13
5678,3,1,drumstick without skin,136,g,1,2019-02-13,2019-02-13
5679,1,3,oz,85,g,1,2013-12-23,2019-02-13
5679,2,1,drumstick without skin,91,g,1,2013-12-23,2019-02-13
5679,3,1,drumstick with skin,129,g,1,2019-02-13,2019-02-13
5680,1,3,oz,85,g,1,2013-12-23,2019-02-13
5680,2,1,drumstick without skin,95,g,1,2013-12-23,2019-02-13
5680,3,1,drumstick with skin,106,g,1,2019-02-13,2019-02-13
5681,1,3,oz,85,g,1,2013-12-23,2013-12-23
5681,2,1,thigh without skin,132,g,1,2013-12-23,2013-12-23
5681,3,1,thigh with skin,158,g,1,2013-12-23,2013-12-23
5682,1,4,oz,113,g,1,2013-12-23,2019-02-13
5682,2,1,thigh without skin,148,g,1,2013-12-23,2013-12-23
5682,3,1,thigh with skin,191,g,1,2013-12-23,2013-12-23
5683,1,3,oz,85,g,1,2013-12-23,2019-02-13
5683,2,1,thigh with skin,130,g,1,2013-12-23,2019-02-13
5683,3,1,thigh without skin,112,g,1,2019-02-13,2019-02-13
5684,1,3,oz,85,g,1,2013-12-23,2019-02-13
5685,1,4,oz,113,g,1,2013-12-23,2019-02-13
5686,1,3,oz,85,g,1,2013-12-23,2019-02-13
5687,1,3,oz,85,g,1,2013-12-23,2019-02-13
5687,2,1,drumstick with skin,106,g,1,2013-12-23,2019-02-13
5687,3,1,drumstick without skin,95,g,1,2019-02-13,2019-02-13
5688,1,4,oz,113,g,1,2013-12-23,2019-02-13
5688,2,1,drumstick with skin,143,g,1,2013-12-23,2019-02-13
5688,3,1,drumstick without skin,130,g,1,2019-02-13,2019-02-13
5689,1,3,oz,85,g,1,2013-12-23,2019-02-13
5689,2,1,drumstick with skin,129,g,1,2013-12-23,2019-02-13
5689,3,1,drumstick without skin,91,g,1,2019-02-13,2019-02-13
5690,1,3,oz,85,g,1,2013-12-23,2013-12-23
5690,2,1,thigh without skin,132,g,1,2013-12-23,2013-12-23
5690,3,1,thigh with skin,158,g,1,2013-12-23,2013-12-23
5691,1,4,oz,113,g,1,2013-12-23,2019-02-13
5691,2,1,thigh without skin,148,g,1,2013-12-23,2013-12-23
5691,3,1,thigh,181,g,1,2013-12-23,2013-12-23
5692,1,3,oz,85,g,1,2013-12-23,2019-02-13
5692,2,1,thigh with skin,130,g,1,2013-12-23,2019-02-13
5692,3,1,thigh without skin,112,g,1,2019-02-13,2019-02-13
5693,1,3,oz,85,g,1,2013-02-22,2013-12-26
5693,2,1,back,182,g,1,2013-12-23,2013-12-23
5694,1,4,oz,113,g,1,2013-02-22,2019-02-13
5695,1,3,oz,85,g,1,2013-02-22,2016-02-06
5696,1,4,oz,113,g,1,2013-02-22,2019-02-13
5697,1,3,oz,85,g,1,2013-02-22,2016-02-06
5698,1,4,oz,113,g,1,2013-02-22,2019-02-13
5699,1,1,oz,28.35,g,1,2013-02-22,2016-02-06
5700,1,4,oz,113,g,1,2013-02-22,2019-02-13
5700,2,1,lb,453,g,1,2013-02-22,2013-12-26
5701,1,3,oz,85,g,1,2013-02-22,2016-02-06
5702,1,4,oz,113,g,1,2013-02-22,2019-02-13
5702,2,1,lb,453,g,1,2013-02-22,2013-12-26
5703,1,3,oz,85,g,1,2013-02-22,2016-02-06
5703,2,1,lb,453,g,1,2013-02-22,2013-02-22
5704,1,4,oz,113,g,1,2013-02-22,2019-02-13
5704,2,1,bird,5717,g,1,2013-02-22,2013-12-26
5705,1,3,oz,85,g,1,2013-02-22,2019-02-13
5705,2,1,bird,4147,g,1,2013-02-22,2013-12-26
5706,1,4,oz,113,g,1,2013-02-22,2019-02-13
5706,2,1,bird,5717,g,1,2013-02-22,2013-12-26
5707,1,3,oz,85,g,1,2013-02-22,2013-12-26
5707,2,1,bird,4147,g,1,2013-02-22,2013-12-26
5707,3,1,lb,453,g,1,2013-02-22,2013-12-26
5708,1,4,oz,113,g,1,2013-12-23,2019-02-13
5708,2,1,breast,1171,g,1,2013-12-23,2019-02-13
5709,1,3,oz,85,g,1,2013-12-23,2013-12-23
5709,2,1,breast,852,g,1,2013-12-23,2013-12-23
5710,1,4,oz,113,g,1,2013-12-23,2019-02-13
5710,2,1,breast,1150,g,1,2013-12-23,2013-12-23
5711,1,1,breast,863,g,1,2013-12-23,2013-12-23
5711,2,3,oz,85,g,1,2013-12-23,2013-12-23
5712,1,4,oz,113,g,1,2013-12-23,2019-02-13
5712,2,1,wing,518,g,1,2013-12-23,2013-12-23
5713,1,3,oz,85,g,1,2013-12-23,2013-12-23
5713,2,1,wing,375,g,1,2013-12-23,2013-12-23
5714,1,4,oz,113,g,1,2013-12-23,2019-02-13
5715,1,3,oz,85,g,1,2013-12-23,2019-02-13
5716,1,4,oz,113,g,1,2013-12-23,2019-02-13
5716,2,1,drumstick,356,g,1,2013-12-23,2013-12-23
5717,1,4,oz,113,g,1,2013-12-23,2019-02-13
5717,2,1,thigh,454,g,1,2013-12-23,2013-12-23
5718,1,3,oz,85,g,1,2013-12-23,2013-12-23
5718,2,1,breast,1654,g,1,2013-12-23,2013-12-23
5719,1,4,oz,113,g,1,2013-12-23,2019-02-13
5719,2,1,back,1245,g,1,2013-12-23,2013-12-23
5720,1,3,oz,85,g,1,2013-12-23,2013-12-23
5720,2,1,back,949,g,1,2013-12-23,2013-12-23
5721,1,4,oz,113,g,1,2013-12-23,2019-02-13
5721,2,1,breast,2110,g,1,2013-12-23,2013-12-23
5721,3,1,lb,453,g,1,2013-12-23,2013-12-23
5722,1,3,oz,85,g,1,2013-12-23,2013-12-23
5722,2,1,thigh,348,g,1,2013-12-23,2013-12-23
5723,1,3,oz,85,g,1,2013-12-23,2019-02-13
5723,2,1,drumstick,275,g,1,2013-12-23,2013-12-23
5724,1,4,oz,113,g,1,2013-12-23,2019-02-13
5724,2,1,drumstick,359,g,1,2013-12-23,2013-12-23
5725,1,3,oz,85,g,1,2013-12-23,2013-12-23
5725,2,1,drumstick,217,g,1,2013-12-23,2013-12-23
5726,1,4,oz,113,g,1,2013-12-23,2019-02-13
5726,2,1,thigh,424,g,1,2013-12-23,2013-12-23
5727,1,4,oz,113,g,1,2013-12-23,2019-02-13
5727,2,1,breast,1171,g,1,2013-12-23,2013-12-23
5728,1,3,oz,85,g,1,2013-12-23,2013-12-23
5728,2,1,thigh,327,g,1,2013-12-23,2013-12-23
5729,1,3,oz,85,g,1,2013-12-23,2013-12-23
5729,2,1,wing,358,g,1,2013-12-23,2013-12-23
5730,1,3,oz,85,g,1,2013-12-23,2013-12-23
5730,2,1,wing,219,g,1,2013-12-23,2013-12-23
5732,1,3,oz,85,g,1,2013-12-23,2013-12-23
5732,2,1,breast,1150,g,1,2013-12-23,2013-12-23
5733,1,3,oz,85,g,1,2013-12-23,2013-12-23
5733,2,1,breast,863,g,1,2013-12-23,2013-12-23
5734,1,3,oz,85,g,1,2013-12-23,2013-12-23
5734,2,1,wing,518,g,1,2013-12-23,2013-12-23
5735,1,3,oz,85,g,1,2013-12-23,2013-12-23
5735,2,1,wing,375,g,1,2013-12-23,2013-12-23
5736,1,4,oz,113,g,1,2013-12-23,2019-02-13
5736,2,1,drumstick,356,g,1,2013-12-23,2013-12-23
5737,1,3,oz,85,g,1,2013-12-23,2013-12-23
5737,2,1,drumstick,275,g,1,2013-12-23,2013-12-23
5738,1,4,oz,113,g,1,2013-12-23,2019-02-13
5738,2,1,drumstick,337,g,1,2013-12-23,2013-12-23
5739,1,3,oz,85,g,1,2013-12-23,2013-12-23
5739,2,1,drumstick,206,g,1,2013-12-23,2013-12-23
5740,1,4,oz,113,g,1,2013-12-23,2019-02-13
5740,2,1,thigh,367,g,1,2013-12-23,2013-12-23
5741,1,3,oz,85,g,1,2013-12-23,2013-12-23
5741,2,1,thigh,319,g,1,2013-12-23,2013-12-23
5742,1,4,oz,113,g,1,2013-12-23,2019-02-13
5742,2,1,thigh,454,g,1,2013-12-23,2013-12-23
5743,1,3,oz,85,g,1,2013-12-23,2013-12-23
5743,2,1,thigh,348,g,1,2013-12-23,2013-12-23
5744,1,4,oz,113,g,1,2013-12-23,2019-02-13
5744,2,1,back,1245,g,1,2013-12-23,2013-12-23
5745,1,3,oz,85,g,1,2013-12-23,2013-12-23
5745,2,1,back,949,g,1,2013-12-23,2013-12-23
5746,1,3,oz,85,g,1,2013-12-23,2013-12-23
5746,2,1,piece,181,g,1,2013-12-23,2013-12-23
5747,1,3,oz,85,g,1,2013-12-23,2013-12-23
5747,2,1,piece,196,g,1,2013-12-23,2013-12-23
5748,1,3,oz,85,g,1,2013-12-23,2013-12-23
5748,2,1,piece,195,g,1,2013-12-23,2013-12-23
5749,1,3,oz,85,g,1,2013-12-23,2013-12-23
5749,2,1,piece,192,g,1,2013-12-23,2013-12-23
6001,1,0.5,cup (4 fl oz),126,g,1,2013-12-23,2013-12-23
6001,2,1,can (10.75 oz),305,g,1,2013-12-23,2013-12-23
6002,1,1,cup (8 fl oz),257,g,1,1996-09-30,2006-11-30
6002,2,1,"can (11 oz), undiluted",312,g,1,2002-09-06,2006-11-30
6004,1,0.5,cup,130,g,1,1996-09-30,2013-12-26
6004,2,1,can 11.5 oz,326,g,1,2002-09-06,2013-12-26
6006,1,1,cup (8 fl oz),263,g,1,1996-09-30,2006-11-30
6006,2,1,can (11.25 oz),319,g,1,2002-09-06,2006-11-30
6007,1,1,cup (8 fl oz),243,g,1,2013-12-23,2013-12-23
6007,2,1,can (19.25 oz),546,g,1,2013-12-23,2013-12-23
6008,1,1,cup,240,g,1,2013-12-23,2013-12-23
6008,2,1,can 14.5 oz,435,g,1,2013-12-23,2013-12-23
6008,3,1,container 32 oz,960,g,1,2013-12-23,2013-12-23
6009,1,0.5,CUP,125,g,1,1996-09-30,2009-02-11
6009,2,1,can (10.75 oz),305,g,1,1998-01-15,2009-02-11
6010,1,0.5,cup,126,g,1,2013-12-23,2013-12-23
6010,2,1,can (10.75 oz),305,g,1,2013-12-23,2013-12-23
6011,1,0.5,cup,124,g,1,2013-12-23,2013-12-23
6013,1,0.5,cup (4 fl oz),126,g,1,2013-12-23,2013-12-23
6013,2,1,can (10.75 oz),305,g,1,2013-12-23,2013-12-23
6015,1,1,cup,245,g,1,2013-12-23,2013-12-23
6016,1,0.5,cup (4 fl oz),126,g,1,2013-12-23,2013-12-23
6016,2,1,can (10.75 oz),305,g,1,2013-12-23,2013-12-23
6017,1,0.5,cup (4 fl oz),126,g,1,2013-12-23,2013-12-23
6017,2,1,can (10.75 oz),305,g,1,2013-12-23,2013-12-23
6018,1,1,can,530,g,1,2013-12-23,2013-12-23
6018,2,1,cup,243,g,1,2013-12-23,2013-12-23
6019,1,0.5,cup,124,g,1,2013-12-23,2015-06-19
6022,1,1,cup,240,g,1,2013-12-23,2013-12-23
6022,2,1,can 19 oz,539,g,1,2013-12-23,2013-12-23
6023,1,0.5,cup,126,g,1,2013-12-23,2013-12-23
6024,1,1,cup,255,g,1,2013-12-23,2013-12-23
6025,1,0.5,cup,121,g,1,2013-12-23,2013-12-23
6025,2,1,can (10.7 oz),303,g,1,2013-12-23,2013-12-23
6026,1,1,cup (8 fl oz),263,g,1,2013-12-23,2013-12-23
6026,2,1,can (11.25 oz),319,g,1,2013-12-23,2013-12-23
6027,1,1,cup (8 fl oz),240,g,1,2013-12-23,2013-12-23
6027,2,1,can (19 oz),539,g,1,2013-12-23,2013-12-23
6028,1,0.5,cup (4 fl oz),126,g,1,2013-12-23,2013-12-23
6028,2,1,can (10.75 oz),305,g,1,2013-12-23,2013-12-23
6030,1,0.5,cup,126,g,1,2013-12-23,2013-12-23
6030,2,1,can (10.7 oz),303,g,1,2013-12-23,2013-12-23
6032,1,0.5,CUP,124,g,1,1994-01-31,2009-02-11
6032,2,1,can (10.5 oz),310,g,1,1997-08-29,2009-02-11
6037,1,1,cup (8 fl oz),248,g,1,2013-12-23,2013-12-23
6037,2,1,can (20 oz),567,g,1,2013-12-23,2013-12-23
6039,1,1,cup,240,g,1,2013-12-23,2013-12-23
6039,2,1,can (19 oz),539,g,1,2013-12-23,2013-12-23
6040,1,0.5,cup (4 fl oz),123,g,1,2013-12-23,2013-12-23
6040,2,1,can (10.5 oz),298,g,1,2013-12-23,2013-12-23
6042,1,0.5,cup (4 fl oz),126,g,1,2013-12-23,2013-12-23
6042,2,1,can (10.75 oz),305,g,1,2013-12-23,2013-12-23
6043,1,0.5,CUP,126,g,1,1994-09-29,2015-06-19
6044,1,0.5,cup (4 fl oz),126,g,1,2013-12-23,2013-12-23
6044,2,1,can (10.75 oz),305,g,1,2013-12-23,2013-12-23
6045,1,0.5,cup (4 fl oz),123,g,1,2013-12-23,2013-12-23
6045,2,1,can (10.5 oz),298,g,1,2013-12-23,2013-12-23
6046,1,0.5,cup,126,g,1,2013-12-23,2013-12-23
6046,2,1,can (10.75 oz),305,g,1,2013-12-23,2013-12-23
6048,1,0.5,cup (4 fl oz),123,g,1,2013-12-23,2013-12-23
6048,2,1,can (10.5 oz),298,g,1,2013-12-23,2013-12-23
6049,1,0.5,cup,128,g,1,2013-12-23,2013-12-23
6049,2,1,can (11.2 oz),319,g,1,2013-12-23,2013-12-23
6050,1,1,cup,240,g,1,2013-12-23,2013-12-23
6050,2,1,can (19 oz),539,g,1,2013-12-23,2013-12-23
6051,1,0.5,cup (4 fl oz),135,g,1,2013-12-23,2013-12-23
6051,2,1,can (11.5 oz),326,g,1,2013-12-23,2013-12-23
6053,1,0.5,cup,124,g,1,2013-12-23,2013-12-23
6056,1,0.5,cup,126,g,1,2013-12-23,2016-02-06
6056,2,1,can,305,g,1,2013-12-23,2016-02-06
6061,1,1,cup (8 fl oz),251,g,1,2013-12-23,2013-12-23
6061,2,1,can (10.75 oz),305,g,1,2013-12-23,2013-12-23
6063,1,0.5,cup (4 fl oz),129,g,1,2013-12-23,2013-12-23
6063,2,1,"can (11 oz), undiluted",312,g,1,2013-12-23,2013-12-23
6064,1,1,cup (8 fl oz),236,g,1,2013-12-23,2013-12-23
6064,2,1,can (18.75 oz),532,g,1,2013-12-23,2013-12-23
6067,1,1,cup,230,g,1,2013-12-23,2013-12-23
6068,1,0.5,cup,126,g,1,2013-12-23,2013-12-23
6068,2,1,can (10.5 oz),298,g,1,2013-12-23,2013-12-23
6070,1,1,cup,245,g,1,2013-12-23,2013-12-23
6070,2,1,can (19 oz),539,g,1,2013-12-23,2013-12-23
6071,1,0.5,cup,126,g,1,2013-12-23,2013-12-23
6071,2,1,can (10.75 oz),305,g,1,2013-12-23,2013-12-23
6072,1,0.5,cup,123,g,1,2013-12-23,2013-12-23
6072,2,1,can (10.5 oz),298,g,1,2013-12-23,2013-12-23
6075,1,1,cube,3.6,g,1,1997-08-29,2009-02-11
6075,2,1,packet,6,g,1,1994-09-29,2009-02-11
6076,1,1,cube,3.6,g,1,1994-01-31,2009-02-11
6080,1,1,cube,4,g,1,1997-08-29,2009-02-11
6080,2,1,teaspoon,2,g,1,1994-09-29,2009-02-11
6081,1,1,cube,4.8,g,1,1997-08-29,2009-02-11
6094,1,1,serving 1 tbsp,7.5,g,1,1994-09-29,2009-02-11
6094,2,1,packet,39,g,1,1997-08-29,2009-02-11
6101,1,1,packet,18,g,1,2013-12-23,2013-12-23
6112,1,1,tbsp,18,g,1,1994-09-29,2013-12-26
6112,2,1,fl oz,36,g,1,1999-03-22,2013-12-26
6112,3,1,cup,288,g,1,2002-09-06,2013-12-26
6114,1,0.25,CUP,59,g,1,1994-01-31,2015-01-07
6114,2,1,can,298,g,1,2002-09-06,2006-11-30
6115,1,1,tsp,3,g,1,2013-12-23,2013-12-23
6116,1,1,CUP,233,g,1,1994-01-31,2006-11-30
6116,2,1,can,291,g,1,2002-09-06,2006-11-30
6118,1,1,tbsp,6,g,1,2013-12-23,2013-12-23
6119,1,0.25,CUP,57,g,1,1994-01-31,2016-02-06
6119,2,1,cup,228,g,1,2002-09-06,2016-02-06
6119,3,1,jar 10.5 oz,273,g,1,2016-02-06,2016-02-06
6119,4,1,jar 12 oz,324,g,1,2016-02-06,2016-02-06
6120,1,1,tbsp,8,g,1,2013-12-23,2013-12-23
6120,2,1,serving,8,g,1,2013-12-23,2013-12-23
6121,1,1,cup,238,g,1,2013-12-23,2013-12-23
6121,2,1,can,298,g,1,2013-12-23,2013-12-23
6122,1,1,cup (8 fl oz),21,g,1,2013-12-23,2013-12-23
6123,1,1,cup (8 fl oz),24,g,1,2013-12-23,2013-12-23
6124,1,1,serving,6.7,g,1,2013-12-23,2013-12-23
6125,1,1,CUP,238,g,1,1994-01-31,2006-11-30
6125,2,1,TBSP,14.9,g,1,2002-09-06,2006-11-30
6125,3,1,tsp,5,g,1,2002-09-06,2006-11-30
6125,4,1,can,298,g,1,2002-09-06,2006-11-30
6126,1,1,serving,7,g,1,2013-12-23,2013-12-23
6127,1,1,cup (8 fl oz),25,g,1,2013-12-23,2013-12-23
6128,1,1,packet,74,g,1,2013-12-23,2013-12-23
6128,2,1,packet (6 fl oz),11.1,g,1,2013-12-23,2013-12-23
6147,1,0.5,cup (4 fl oz),126,g,1,2013-12-23,2013-12-23
6147,2,1,can (10.75 oz),305,g,1,2013-12-23,2013-12-23
6149,1,0.5,cup,124,g,1,2013-12-23,2013-12-23
6150,1,1,tbsp,17,g,1,2013-12-23,2013-12-23
6150,2,0.5,cup,143,g,1,2013-12-23,2013-12-23
6150,3,1,cup,279,g,1,2013-12-23,2013-12-23
6151,1,1,tbsp,19,g,1,1996-09-30,2013-12-26
6151,2,1,cup,305,g,1,2002-09-06,2013-12-26
6152,1,0.25,cup,63,g,1,2013-12-23,2013-12-23
6158,1,0.5,cup (4 fl oz),129,g,1,2013-12-23,2013-12-23
6158,2,1,"can (11 oz), undiluted",312,g,1,2013-12-23,2013-12-23
6159,1,1,cup,148,g,1,2013-12-23,2013-12-23
6159,2,1,can,294,g,1,2013-12-23,2013-12-23
6164,1,2,tbsp,36,g,1,1994-11-02,2015-01-07
6164,2,0.5,cup,130,g,1,1997-08-29,2015-01-07
6164,3,1,cup,259,g,1,2007-11-28,2015-01-07
6166,1,1,cup,250,g,1,2013-12-23,2013-12-23
6166,2,0.5,cup,125,g,1,2013-12-23,2013-12-23
6167,1,1,cup,250,g,1,2013-12-23,2013-12-23
6167,2,0.5,cup,125,g,1,2013-12-23,2013-12-23
6168,1,1,tsp,4.7,g,1,1994-11-17,2006-11-30
6168,2,0.25,tsp,1.2,g,1,2007-11-28,2007-11-28
6169,1,1,tsp,4.7,g,1,1994-11-17,2006-11-30
6169,2,0.25,tsp,1.2,g,1,2007-11-28,2007-11-28
6170,1,1,cup,240,g,1,2013-12-23,2013-12-23
6172,1,1,CUP,240,g,1,1998-01-15,2006-11-30
6174,1,1,cup,233,g,1,2013-12-23,2013-12-23
6175,1,1,tbsp,16,g,1,2013-12-23,2013-12-23
6176,1,1,tbsp,18,g,1,2013-12-23,2013-12-23
6177,1,1,cup,245,g,1,2013-12-23,2013-12-23
6179,1,1,tbsp,18,g,1,2013-12-23,2013-12-23
6180,1,1,cup,216,g,1,2013-12-23,2013-12-23
6182,1,1,cup,251,g,1,2013-12-23,2013-12-23
6183,1,1,cup,240,g,1,2013-12-23,2013-12-23
6188,1,1,cup,219,g,1,2016-02-06,2016-02-06
6188,2,1,can (14.5 oz),407,g,1,2016-02-06,2016-02-06
6188,3,1,carton (32 oz),923,g,1,2016-02-06,2016-02-06
6189,1,2,Tbsp,36,g,1,2013-12-23,2013-12-23
6190,1,1,cup,245,g,1,2013-12-23,2013-12-23
6192,1,1,CUP,253,g,1,1997-08-29,2006-11-30
6193,1,1,cup,245,g,1,2013-12-23,2013-12-23
6194,1,1,cup,249,g,1,2013-12-23,2013-12-23
6201,1,1,cup (8 fl oz),248,g,1,1994-01-31,2006-11-30
6201,2,1,"can (10.75 oz), prepared",602,g,1,1997-08-29,2006-11-30
6208,1,1,cup,245,g,1,2013-12-23,2013-12-23
6210,1,1,cup (8 fl oz),248,g,1,1994-01-31,2006-11-30
6210,2,1,"can (10.75 oz), prepared",602,g,1,1997-08-29,2006-11-30
6211,1,1,CUP,251,g,1,1994-09-29,2006-11-30
6211,2,1,"can (11 oz), prepared",609,g,1,2002-09-06,2006-11-30
6216,1,1,cup (8 fl oz),248,g,1,1994-01-31,2006-11-30
6216,2,1,FL OZ,31,g,1,1997-08-29,2010-01-05
6216,3,1,"can (10.75 oz), prepared",602,g,1,2002-09-06,2006-11-30
6217,1,0.5,cup,126,g,1,2013-12-23,2013-12-23
6230,1,1,serving 1 cup,252,g,1,1994-09-29,2009-02-11
6230,2,1,FL OZ,31.5,g,1,1999-03-22,2010-01-05
6243,1,1,serving 1 cup,252,g,1,1994-01-31,2009-02-11
6243,2,1,FL OZ,31.5,g,1,1997-08-29,2010-01-05
6246,1,1,cup (8 fl oz),248,g,1,1994-01-31,2006-11-30
6246,2,1,"can (10.75 oz), prepared",602,g,1,1997-08-29,2006-11-30
6248,1,1,cup (8 fl oz),245,g,1,1994-01-31,2006-11-30
6248,2,1,"can (10.5 oz), prepared",595,g,1,2002-09-06,2006-11-30
6249,1,1,cup (8 fl oz),254,g,1,1994-01-31,2006-11-30
6249,2,1,"can (11.25 oz), prepared",616,g,1,1997-08-29,2006-11-30
6253,1,1,cup (8 fl oz),248,g,1,1994-01-31,2006-11-30
6253,2,1,"can (10.75 oz), prepared",602,g,1,1997-08-29,2006-11-30
6256,1,1,cup (8 fl oz),253,g,1,2013-12-23,2013-12-23
6256,2,1,fl oz,31.6,g,1,2013-12-23,2013-12-23
6358,1,1,cup (8 fl oz),251,g,1,1994-01-31,2006-11-30
6358,2,1,"can (11 oz), prepared",609,g,1,2002-09-06,2006-11-30
6359,1,1,serving 1 cup,252,g,1,1994-01-31,2009-02-11
6359,2,1,FL OZ,31.5,g,1,1997-08-29,2010-01-05
6401,1,1,cup (8 fl oz),244,g,1,1994-01-31,2006-11-30
6401,2,1,"can (10.75 oz), prepared",593,g,1,1997-08-29,2006-11-30
6402,1,1,CUP,247,g,1,1994-09-29,2006-11-30
6402,2,1,"can (11 oz), prepared",600,g,1,2002-09-06,2009-02-11
6404,1,1,serving 1 cup,266,g,1,1994-01-31,2009-02-11
6404,2,1,FL OZ,33.3,g,1,1997-08-29,2010-01-05
6406,1,1,cup (8 fl oz),250,g,1,2013-12-23,2013-12-23
6406,2,1,"can (11.25 oz), prepared",607,g,1,2013-12-23,2013-12-23
6409,1,1,cup (8 fl oz),244,g,1,1994-01-31,2006-11-30
6409,2,1,"can (10.75 oz), prepared",593,g,1,1997-08-29,2009-02-11
6410,1,1,cup,248,g,1,1994-09-29,2011-01-18
6410,2,1,"can (10.75 oz), prepared",593,g,1,2002-09-06,2006-11-30
6411,1,1,cup (8 fl oz),247,g,1,1994-01-31,2006-11-30
6411,2,1,"can (11 oz), prepared",600,g,1,2002-09-06,2006-11-30
6413,1,1,cup (8 fl oz),244,g,1,1994-09-29,2009-02-11
6413,2,1,"can (10.75 oz), prepared",593,g,1,1999-03-22,2009-02-11
6416,1,1,CUP,244,g,1,1994-09-29,2006-11-30
6416,2,1,FL OZ,30.5,g,1,2002-09-06,2010-01-05
6416,3,1,"can (10.75 oz), prepared",593,g,1,2002-09-06,2006-11-30
6417,1,1,CUP,244,g,1,1994-09-29,2006-11-30
6417,2,1,"can (10.75 oz), prepared",593,g,1,2002-09-06,2009-02-11
6419,1,1,serving 1 cup,248,g,1,2011-01-18,2011-01-18
6423,1,1,serving 1 cup,243,g,1,1994-01-31,2009-02-11
6426,1,1,CUP,261,g,1,1994-09-29,2009-02-11
6426,2,1,FL OZ,32.6,g,1,2002-09-06,2010-01-05
6428,1,1,serving 1 cup,249,g,1,1994-01-31,2009-02-11
6428,2,1,FL OZ,31.1,g,1,1997-08-29,2010-01-05
6430,1,1,serving 1 cup,248,g,1,1994-09-29,2009-02-11
6430,2,1,FL OZ,31,g,1,2002-09-06,2010-01-05
6432,1,1,cup (8 fl oz),241,g,1,1994-01-31,2006-11-30
6432,2,1,"can (10.5 oz), prepared",586,g,1,2002-09-06,2006-11-30
6440,1,1,cup (8 fl oz),241,g,1,1997-08-29,2006-11-30
6440,2,1,"can (10.5 oz), prepared",586,g,1,1994-01-31,2006-11-30
6442,1,1,cup (8 fl oz),244,g,1,1994-01-31,2006-11-30
6442,2,1,"can (10.75 oz), prepared",593,g,1,2002-09-06,2006-11-30
6443,1,1,serving 1 cup,248,g,1,1994-09-29,2009-02-11
6443,2,1,FL OZ,31,g,1,1997-08-29,2010-01-05
6444,1,1,cup (8 fl oz),244,g,1,1994-01-31,2006-11-30
6444,2,1,"can (10.75 oz), prepared",593,g,1,2002-09-06,2006-11-30
6446,1,1,cup (8 fl oz),244,g,1,1994-01-31,2006-11-30
6446,2,1,"can (10.75 oz), prepared",593,g,1,2002-09-06,2006-11-30
6448,1,1,cup (8 fl oz),241,g,1,2013-12-23,2013-12-23
6448,2,1,"can (10.5 oz), prepared",586,g,1,2013-12-23,2013-12-23
6449,1,1,serving 1 cup,259,g,1,1994-09-29,2009-02-11
6449,2,1,FL OZ,32.4,g,1,2002-09-06,2010-01-05
6451,1,1,cup (8 fl oz),253,g,1,1994-01-31,2006-11-30
6451,2,1,"can (11.5 oz), prepared",614,g,1,2002-09-06,2006-11-30
6453,1,1,cup (8 fl oz),244,g,1,1994-01-31,2006-11-30
6453,2,1,"can (10.75 oz), prepared",593,g,1,1997-08-29,2006-11-30
6456,1,1,cup,244,g,1,2013-12-23,2013-12-23
6456,2,1,"can (10.75 oz), prepared",593,g,1,2013-12-23,2013-12-23
6461,1,1,CUP,244,g,1,1994-09-29,2006-11-30
6461,2,1,"can (10.75 oz), prepared",593,g,1,2002-09-06,2006-11-30
6463,1,1,CUP,247,g,1,1994-09-29,2006-11-30
6463,2,1,"can (11 oz), prepared",600,g,1,2002-09-06,2006-11-30
6465,1,1,CUP,244,g,1,1994-09-29,2006-11-30
6465,2,1,FL OZ,30.5,g,1,2002-09-06,2010-01-05
6465,3,1,"can (10.75 oz), prepared",593,g,1,2002-09-06,2006-11-30
6466,1,1,cup (8 fl oz),241,g,1,1994-01-31,2006-11-30
6466,2,1,FL OZ,30.1,g,1,1997-08-29,2010-01-05
6466,3,1,"can (10.5 oz), prepared",586,g,1,2002-09-06,2006-11-30
6468,1,1,CUP,241,g,1,1994-09-29,2006-11-30
6468,2,1,"can (10.5 oz), prepared",586,g,1,1997-08-29,2006-11-30
6471,1,1,cup (8 fl oz),244,g,1,1994-01-31,2006-11-30
6471,2,1,"can (10.75 oz), prepared",593,g,1,1997-08-29,2006-11-30
6472,1,1,cup (8 fl oz),241,g,1,1994-01-31,2006-11-30
6472,2,1,"can (10.5 oz), prepared",586,g,1,1997-08-29,2006-11-30
6475,1,1,serving 1 cup,240,g,1,1994-01-31,2009-02-11
6475,2,1,FL OZ,29.9,g,1,2002-09-06,2010-01-05
6476,1,1,serving 1 cup,240,g,1,1994-01-31,2009-02-11
6476,2,1,FL OZ,29.9,g,1,2002-09-06,2010-01-05
6480,1,1,cup 8 fl oz,241,g,1,1994-01-31,2016-02-06
6480,2,1,FL OZ,30.1,g,1,2002-09-06,2010-01-05
6481,1,1,cup (8 fl oz),243,g,1,2013-12-23,2013-12-23
6481,2,1,cube (6 fl oz prepared),182,g,1,2013-12-23,2013-12-23
6483,1,1,cup 8 fl oz,261,g,1,2013-12-23,2016-02-06
6483,2,1,fl oz,32.6,g,1,2013-12-23,2013-12-23
6494,1,1,serving 1 cup,230,g,1,2013-12-23,2013-12-23
6494,2,1,fl oz,28.7,g,1,2013-12-23,2013-12-23
6498,1,1,cup 8 fl oz,265,g,1,2013-12-23,2016-02-06
6528,1,1,cup,245,g,1,2013-12-23,2013-12-23
6547,1,1,cup (8 fl oz),244,g,1,1994-01-31,2006-11-30
6547,2,1,"can (10.75 oz), prepared",593,g,1,2002-09-06,2006-11-30
6549,1,1,cup (8 fl oz),244,g,1,1994-01-31,2006-11-30
6549,2,1,"can (10.75 oz), prepared",593,g,1,2002-09-06,2006-11-30
6558,1,1,cup (8 fl oz),247,g,1,1994-01-31,2006-11-30
6558,2,1,"can (11 oz), prepared",600,g,1,2002-09-06,2006-11-30
6559,1,1,serving 1 cup,248,g,1,1994-01-31,2009-02-11
6559,2,1,FL OZ,31,g,1,1997-08-29,2010-01-05
6583,1,1,package without flavor packet,81,g,1,2013-12-23,2013-12-23
6583,2,1,packet,5.8,g,1,2013-12-23,2013-12-23
6584,1,1,serving 1/2 cup,121,g,1,2013-12-23,2013-12-23
6584,2,1,can 10.7 oz (10.75 oz),303,g,1,2013-12-23,2013-12-23
6618,1,1,tbsp,17,g,1,2013-12-23,2013-12-23
6626,1,0.25,cup,63,g,1,2016-02-06,2016-02-06
6627,1,0.25,cup,61,g,1,2016-02-06,2016-02-06
6700,1,1,cup,221,g,1,2016-02-06,2016-02-06
6700,2,1,can,390,g,1,2016-02-06,2016-02-06
6700,3,1,carton (32 oz),926,g,1,2016-02-06,2016-02-06
6725,1,1,serving,240,g,1,2013-12-23,2013-12-23
6725,2,1,package yields,539,g,1,2013-12-23,2013-12-23
6731,1,1,serving 1/2 cup,128,g,1,2013-12-23,2013-12-23
6742,1,1,serving,292,g,1,2013-12-23,2013-12-23
6742,2,1,package yields,292,g,1,2013-12-23,2013-12-23
6749,1,1,cup,250,g,1,2013-12-23,2013-12-23
6749,2,1,can,528,g,1,2013-12-23,2013-12-23
6930,1,0.25,CUP,63,g,1,2002-06-08,2006-11-30
6931,1,1,serving 1/2 cup,132,g,1,1996-09-30,2012-03-02
6955,1,0.5,cup,124,g,1,2013-12-23,2013-12-23
6956,1,1,serving 1/2 cup,121,g,1,2013-12-23,2013-12-23
6956,2,1,can 10.7 oz,303,g,1,2013-12-23,2013-12-23
6957,1,1,serving,6.7,g,1,2013-12-23,2013-12-23
6957,2,1,package,454,g,1,2013-12-23,2013-12-23
6958,1,1,serving,6.7,g,1,2013-12-23,2013-12-23
6958,2,1,package (16 oz),454,g,1,2013-12-23,2013-12-23
6959,1,1,serving,6.7,g,1,2013-12-23,2013-12-23
6959,2,1,package (16 oz),454,g,1,2013-12-23,2013-12-23
6961,1,1,tbsp,15,g,1,2013-12-23,2013-12-23
6961,2,1,cup,245,g,1,2013-12-23,2013-12-23
6962,1,1,tbsp,15,g,1,2013-12-23,2013-12-23
6962,2,1,cup,245,g,1,2013-12-23,2013-12-23
6963,1,1,cup,244,g,1,2013-12-23,2013-12-23
6963,2,1,fl oz,30.5,g,1,2013-12-23,2013-12-23
6964,1,1,serving 1 cup,248,g,1,2013-12-23,2013-12-23
6964,2,1,fl oz,31,g,1,2013-12-23,2013-12-23
6965,1,1,cup,259,g,1,2013-12-23,2013-12-23
6965,2,1,fl oz,32.4,g,1,2013-12-23,2013-12-23
6966,1,1,serving 1 cup,248,g,1,2013-12-23,2013-12-23
6966,2,1,fl oz,31,g,1,2013-12-23,2013-12-23
6967,1,1,cup,253,g,1,2013-12-23,2013-12-23
6968,1,1,cup,244,g,1,2013-12-23,2013-12-23
6968,2,1,can (10.75 oz),305,g,1,2013-12-23,2013-12-23
6969,1,1,serving 1/3 cup,39,g,1,2013-12-23,2013-12-23
6970,1,1,cup,240,g,1,2013-12-23,2013-12-23
6971,1,1,tbsp,17,g,1,2007-12-03,2013-12-26
6971,2,1,cup,275,g,1,2007-12-03,2013-12-26
6972,1,1,packet,6,g,1,2013-12-23,2013-12-23
6972,2,1,cup,273,g,1,2013-12-23,2013-12-23
6974,1,1,cup,241,g,1,2013-12-23,2013-12-23
6976,1,1,serving 1/2 cup,128,g,1,2013-12-23,2013-12-23
6976,2,1,cup,257,g,1,2013-12-23,2013-12-23
6977,1,1,cup,236,g,1,2013-12-23,2013-12-23
6978,1,1,cup,251,g,1,2013-12-23,2013-12-23
6980,1,1,cup,240,g,1,2013-12-23,2013-12-23
6981,1,1,tsp,2.6,g,1,2013-12-23,2013-12-23
6981,2,1,cube,3.6,g,1,2013-12-23,2013-12-23
6982,1,1,package without flavor packet,82,g,1,2013-12-23,2013-12-23
6982,2,1,packet,5.6,g,1,2013-12-23,2013-12-23
6983,1,1,package without flavor packet,81,g,1,2013-12-23,2013-12-23
6983,2,1,packet,6,g,1,2013-12-23,2013-12-23
7001,1,1,oz,28.35,g,1,2013-12-23,2013-12-23
7001,2,1,"slice (5-7/8"" x 3-1/2"" x 1/16"")",23,g,1,2013-12-23,2013-12-23
7002,1,2,oz,56,g,1,2013-12-23,2013-12-23
7003,1,1,"slice (4"" dia x 1/8"" thick)",23,g,1,2013-12-23,2013-12-23
7003,2,1,"slice (2-3/4"" dia x 1/16"")",6,g,1,2013-12-23,2013-12-23
7004,1,1,slice,23,g,1,2013-12-23,2013-12-23
7004,2,1,oz,28.35,g,1,2013-12-23,2013-12-23
7005,1,4,slices,100,g,1,2015-01-06,2015-01-06
7006,1,1,sausage,91,g,1,2013-12-23,2013-12-23
7007,1,1,slice,30,g,1,1994-09-29,2015-01-07
7007,2,1,serving,28,g,1,2007-11-28,2015-01-07
7008,1,3.527,oz,100,g,1,2015-01-06,2015-01-06
7010,1,1,"slice, medium (4-1/2"" dia x 1/8"" thick) (1 oz)",28,g,1,1995-06-19,2006-11-30
7010,2,1,"slice (4"" dia x 1/8"" thick)",23,g,1,1997-08-29,2006-11-30
7011,1,0.99,oz 1 serving,28,g,1,1999-03-22,2006-11-30
7011,2,1,serving,28,g,1,1994-09-29,2006-11-30
7011,3,1,package,454,g,1,2007-11-28,2009-02-11
7013,1,1,link cooked,85,g,1,2013-12-23,2013-12-23
7014,1,1,oz,28.35,g,1,2013-12-23,2013-12-23
7014,2,1,"slice (2-1/2"" dia x 1/4"" thick)",18,g,1,2013-12-23,2013-12-23
7015,1,1,link,70,g,1,2013-12-23,2013-12-23
7016,1,2.33,links,100,g,1,2015-01-06,2015-01-06
7018,1,1,serving (1 serving),56,g,1,2013-12-23,2013-12-23
7019,1,1,oz,28.35,g,1,1996-09-30,2009-02-11
7019,2,1,"link (4"" long)",60,g,1,2007-11-28,2007-11-28
7020,1,1,"slice (1 oz) (4"" x 4"" x 3/32"" thick)",28,g,1,2013-12-23,2013-12-23
7020,2,2,slices,57,g,1,2013-12-23,2013-12-23
7021,1,1,slice,38,g,1,1996-09-30,2006-11-30
7022,1,1,hot dog,49,g,1,1994-09-29,2019-02-13
7022,2,1,package,446,g,1,1997-08-29,2012-03-02
7024,1,3,oz,85,g,1,1997-08-29,2016-02-06
7024,2,1,link,45,g,1,2016-02-06,2016-02-06
7025,1,1,oz,28.35,g,1,1997-08-29,2009-02-11
7025,2,1,frankfurter,45,g,1,2007-11-28,2007-11-28
7026,1,1,oz,28.35,g,1,1996-09-30,2009-02-11
7026,2,1,"slice (4-1/4"" x 4-1/4"" x 1/16"")",21,g,1,2007-11-28,2007-11-28
7027,1,1,"slice (1 oz) (4"" x 4"" x 3/32"" thick)",28,g,1,1997-08-29,2015-01-07
7027,2,1,"slice (4-1/4"" x 4-1/4"" x 1/16"")",21,g,1,2007-11-28,2007-11-28
7028,1,1,slice,13,g,1,1995-06-19,2019-02-13
7029,1,56,grams 1 serving,56,g,1,1995-06-19,2009-02-11
7029,2,1,slice,28,g,1,1997-08-29,2006-11-30
7030,1,1,oz,28.35,g,1,2013-12-23,2013-12-23
7030,2,1,"slice (4-1/4"" x 4-1/4"" x 1/16"")",21,g,1,2013-12-23,2013-12-23
7031,1,1,tbsp,15,g,1,2013-12-23,2013-12-23
7031,2,1,oz,28.35,g,1,2013-12-23,2013-12-23
7032,1,1,"slice (1 oz) (4"" x 4"" x 3/32"" thick)",28,g,1,1996-09-30,2015-01-07
7032,2,2,slices,57,g,1,2007-11-28,2007-11-28
7033,1,1,tbsp,15,g,1,2013-12-23,2013-12-23
7033,2,1,oz,28.35,g,1,2013-12-23,2013-12-23
7034,1,1,"slice (1 oz) (4"" x 4"" x 3/32"" thick)",28,g,1,2013-12-23,2013-12-23
7034,2,45,g,45,g,1,2013-12-23,2013-12-23
7036,1,1,link,101,g,1,1994-01-31,2019-02-13
7038,1,1,link,72,g,1,1999-03-22,2006-11-30
7038,2,1,oz,28.35,g,1,1994-09-29,2006-11-30
7039,1,1,serving 2 slices,57,g,1,1996-09-30,2006-11-30
7039,2,1,oz,28.35,g,1,1998-01-15,2009-02-11
7039,3,2,oz,57,g,1,2007-11-28,2007-11-28
7040,1,1,oz,28.35,g,1,2013-12-23,2013-12-23
7040,2,1,slice,38,g,1,2013-12-23,2013-12-23
7041,1,1,"slice (2-1/2"" dia x 1/4"" thick)",18,g,1,2013-12-23,2013-12-23
7041,2,1,oz,28.35,g,1,2013-12-23,2013-12-23
7043,1,1,slice oval,9.3,g,1,1999-03-22,2009-02-11
7043,2,1,slice rectangle,13.8,g,1,2007-11-28,2007-11-28
7045,1,1,oz,28.35,g,1,2013-12-23,2013-12-23
7045,2,1,"slice (4-1/4"" x 4-1/4"" x 1/16"")",21,g,1,2013-12-23,2013-12-23
7046,1,1,slice,28,g,1,2010-01-04,2010-01-04
7046,2,1,slice NFS,28,g,1,2010-01-04,2010-01-04
7046,3,1,cup wafer slices or shaved,81,g,1,2010-01-04,2010-01-04
7046,4,1,cubic inch,14,g,1,2010-01-04,2010-01-04
7046,5,2,oz,57,g,1,2010-01-04,2010-01-04
7050,1,1,oz,28.35,g,1,2013-12-23,2013-12-23
7050,2,1,slice (15 per 8 oz package),15,g,1,2013-12-23,2013-12-23
7051,1,1,"slice (1 oz) (4"" x 4"" x 3/32"" thick)",28,g,1,1995-06-19,2006-11-30
7051,2,2,slices,57,g,1,1997-08-29,2006-11-30
7052,1,2,slices,57,g,1,1994-09-29,2013-12-26
7052,2,1,package (8 oz),227,g,1,1998-01-15,2013-12-26
7053,1,1,tbsp,13,g,1,2013-12-23,2013-12-23
7053,2,1,oz,28.35,g,1,2013-12-23,2013-12-23
7054,1,1,tbsp,13,g,1,2013-12-23,2013-12-23
7054,2,1,oz,28.35,g,1,2013-12-23,2013-12-23
7055,1,1,tbsp,13,g,1,2013-12-23,2013-12-23
7055,2,1,oz,28.35,g,1,2013-12-23,2013-12-23
7056,1,3.52,slices,100,g,1,2015-01-06,2015-01-06
7057,1,3,oz,85,g,1,2007-11-28,2016-02-06
7057,2,1,piece,2,g,1,1998-01-15,2016-02-06
7057,3,1,oz,28,g,1,2015-01-06,2016-02-06
7058,1,1,slice,38,g,1,1995-06-19,2006-11-30
7058,2,2,slices,57,g,1,2007-11-28,2007-11-28
7059,1,3,oz,85,g,1,2013-12-23,2013-12-23
7059,2,1,"sausage (10"" long x 1-1/4"" dia)",227,g,1,2013-12-23,2013-12-23
7060,1,1,"slice (1 oz) (4"" x 4"" x 3/32"" thick)",28,g,1,2013-12-23,2013-12-23
7060,2,2,slices,57,g,1,2013-12-23,2013-12-23
7061,1,1,oz,28.35,g,1,2013-12-23,2013-12-23
7061,2,1,"slice (4-1/4"" x 4-1/4"" x 1/16"")",21,g,1,2013-12-23,2013-12-23
7062,1,1,"slice (1 oz) (4"" x 4"" x 3/32"" thick)",28,g,1,1994-01-31,2006-11-30
7062,2,2,slices,57,g,1,1997-08-29,2006-11-30
7063,1,1,link,25,g,1,2013-12-23,2013-12-23
7064,1,1,patty,27,g,1,2013-12-23,2013-12-23
7064,2,1,link,23,g,1,2013-12-23,2013-12-23
7064,3,1,serving,48,g,1,2013-12-23,2013-12-23
7065,1,1,"link (raw dimensions: 4"" long x 7/8"" dia), cooked",13,g,1,2013-12-23,2013-12-23
7065,2,1,"patty, cooked (raw dimensions: 3-7/8"" dia x 1/4"" thick)",27,g,1,2013-12-23,2013-12-23
7066,1,1,cup,128,g,1,2013-12-23,2013-12-23
7067,1,1,tbsp,13,g,1,2013-12-23,2013-12-23
7067,2,1,oz,28.35,g,1,2013-12-23,2013-12-23
7068,1,1,slice,26,g,1,1994-09-29,2006-11-30
7068,2,1,oz,28.35,g,1,1999-03-22,2006-11-30
7069,1,1,slice round,12.3,g,1,1994-01-31,2009-02-11
7070,1,1,serving,28,g,1,1994-09-29,2006-11-30
7071,1,1,package (4 oz),113,g,1,2013-12-23,2013-12-23
7071,2,1,"slice (3-1/8"" dia x 1/16"" thick)",10,g,1,2013-12-23,2013-12-23
7072,1,1,slice,9.8,g,1,1998-01-15,2015-01-07
7072,2,1,oz,28,g,1,2007-11-28,2007-11-28
7072,3,3,slices 1 serving,27,g,1,2013-12-23,2013-12-23
7073,1,1,tbsp,15,g,1,2013-12-23,2013-12-23
7073,2,1,oz,28.35,g,1,2013-12-23,2013-12-23
7074,1,1,"link (4"" long x 1-1/8"" dia)",68,g,1,1994-09-29,2006-11-30
7074,2,1,"link, little (2"" long x 3/4"" dia)",16,g,1,2007-11-28,2007-11-28
7075,1,3,oz,85,g,1,1994-09-29,2013-12-26
7077,1,1,"link (4"" long x 1-1/8"" dia)",68,g,1,1994-01-31,2006-11-30
7077,2,1,"link,  little (2"" long x 3/4"" dia)",16,g,1,2002-09-06,2006-11-30
7078,1,2,oz 1 serving,56,g,1,2013-12-23,2013-12-23
7081,1,1,slice,16,g,1,1995-06-13,2019-02-13
7083,1,1,"sausage (7/8"" dia x 2"" long)",16,g,1,2013-12-23,2013-12-23
7083,2,7,"sausages (drained contents from can, net wt 4 oz)",113,g,1,2013-12-23,2013-12-23
7088,1,1,"slice (4"" dia x 1/8"" thick)",23,g,1,2013-12-23,2013-12-23
7088,2,1,oz,28.35,g,1,2013-12-23,2013-12-23
7089,1,1,link,87,g,1,1999-03-22,2019-02-13
7090,1,1,"slice (4"" dia x 1/8"" thick)",23,g,1,2013-12-23,2013-12-23
7090,2,1,oz,28.35,g,1,2013-12-23,2013-12-23
7091,1,1,"slice (4"" dia x 1/8"" thick)",23,g,1,2013-12-23,2013-12-23
7091,2,1,oz,28.35,g,1,2013-12-23,2013-12-23
7254,1,1,serving,14,g,1,1997-08-29,2006-11-30
7254,2,1,slice 12 oz pkg,16,g,1,2015-01-06,2015-01-06
7254,3,1,slice 6 oz pkg,9.8,g,1,2015-01-06,2015-01-06
7900,1,3,oz,85,g,1,2013-12-23,2013-12-23
7900,2,1,lb 16 oz,453.6,g,1,2013-12-23,2013-12-23
7905,1,1,frank 1 NLEA serving,57,g,1,2013-12-23,2013-12-23
7906,1,2,oz 1 NLEA serving,56,g,1,2013-12-23,2013-12-23
7908,1,2,oz 1 NLEA serving,56,g,1,2013-12-23,2013-12-23
7909,1,2,oz (1 serving),56,g,1,2013-12-23,2013-12-23
7910,1,1,serving 2.96 oz,84,g,1,2013-12-23,2013-12-23
7911,1,0.25,cup,55,g,1,2013-12-23,2013-12-23
7912,1,1,serving .25 cup,57,g,1,2013-12-23,2013-12-23
7913,1,3.527,oz,100,g,1,2015-01-06,2015-01-06
7914,1,1,link 3 oz,84,g,1,2013-12-23,2013-12-23
7915,1,1,serving 5 pieces,55,g,1,2013-12-23,2013-12-23
7915,2,5,pieces,55,g,1,2013-12-23,2013-12-23
7916,1,1,serving 2.67 oz,76,g,1,2013-12-23,2013-12-23
7917,1,12,oz serving 2.7 oz,77,g,1,2013-12-23,2013-12-23
7918,1,1,oz,28.35,g,1,2013-12-23,2013-12-23
7919,1,1,link,28,g,1,2013-12-23,2019-02-13
7919,2,1,package,450,g,1,2019-02-13,2019-02-13
7921,1,1,oz,28,g,1,2013-12-23,2013-12-23
7922,1,1,serving 2.33 oz,66,g,1,2013-12-23,2013-12-23
7925,1,1,serving 6 slices,57,g,1,2013-12-23,2013-12-23
7926,1,1,oz,28,g,1,2013-12-23,2013-12-23
7927,1,1,serving 2 oz,56,g,1,2013-12-23,2013-12-23
7928,1,1,link,84,g,1,2013-12-23,2013-12-23
7929,1,2,oz,56,g,1,2013-12-23,2013-12-23
7930,1,1,serving 2 oz,56,g,1,2013-12-23,2013-12-23
7931,1,1,serving 2 oz,56,g,1,2013-12-23,2013-12-23
7932,1,1,serving 2 slices,42,g,1,2013-12-23,2013-12-23
7933,1,1,serving 2 slices,42,g,1,2013-12-23,2013-12-23
7934,1,1,serving 2 oz,56,g,1,2013-12-23,2013-12-23
7935,1,1,serving 2 oz,56,g,1,2013-12-23,2013-12-23
7936,1,1,serving 2 oz,56,g,1,2013-12-23,2013-12-23
7937,1,1,oz,28.35,g,1,2013-12-23,2013-12-23
7938,1,1.94,oz (1 serving),55,g,1,2013-12-23,2013-12-23
7939,1,1,link,76,g,1,2013-12-23,2013-12-23
7940,1,1,slice,38,g,1,2013-12-23,2013-12-23
7941,1,1,serving 5 slices,28,g,1,2013-12-23,2013-12-23
7942,1,1,serving 2 oz,56,g,1,2013-12-23,2013-12-23
7943,1,1,slice,28,g,1,2013-12-23,2013-12-23
7944,1,1.69,oz (1 serving),48,g,1,2013-12-23,2013-12-23
7945,1,1,frankfurter,48,g,1,2013-12-23,2013-12-23
7945,2,1,package,451,g,1,2013-12-23,2013-12-23
7949,1,1,serving (1 hot dog),52,g,1,2013-12-23,2013-12-23
7950,1,1,serving (1 hot dog),52,g,1,2013-12-23,2013-12-23
7951,1,1,cubic inch,17,g,1,2013-12-23,2013-12-23
7951,2,1,oz cooked,25,g,1,2013-12-23,2016-02-06
7951,3,2,oz,56,g,1,2013-12-23,2013-12-23
7952,1,1,serving,28,g,1,2013-12-23,2013-12-23
7952,2,1,slice,28,g,1,2013-12-23,2013-12-23
7953,1,1,patty,30,g,1,2013-12-23,2013-12-23
7953,2,1,link,21,g,1,2013-12-23,2013-12-23
7953,3,1,serving,48,g,1,2013-12-23,2013-12-23
7954,1,1,link,19,g,1,2013-12-23,2019-02-13
7955,1,1,serving,57,g,1,2013-12-23,2013-12-23
7956,1,1,serving,43,g,1,2013-12-23,2013-12-23
7957,1,1,serving,57,g,1,2013-12-23,2013-12-23
7958,1,1,serving,57,g,1,2013-12-23,2013-12-23
7959,1,1,serving,28,g,1,2013-12-23,2013-12-23
7959,2,1,slice,28,g,1,2013-12-23,2013-12-23
7960,1,1,serving,28,g,1,2013-12-23,2013-12-23
7960,2,1,slice,28,g,1,2013-12-23,2013-12-23
7961,1,1,slice,12,g,1,2013-02-22,2013-02-22
7962,1,1,frankfurter,51,g,1,2013-12-23,2016-02-06
7963,1,1,frankfurter,50,g,1,2013-12-23,2016-02-06
7964,1,1,frankfurter,48,g,1,2013-12-23,2016-02-06
7965,1,3,oz,85,g,1,2013-12-23,2013-12-23
7965,2,1,package,343,g,1,2013-12-23,2013-12-23
7966,1,3,oz,85,g,1,2013-12-23,2016-02-06
7966,2,1,package,343,g,1,2013-12-23,2013-12-23
7967,1,1,link,23,g,1,2013-12-23,2013-12-23
7967,2,1,patty,37,g,1,2013-12-23,2013-12-23
7968,1,3,oz,85,g,1,2013-12-23,2013-12-23
7968,2,1,link,367,g,1,2013-12-23,2013-12-23
7969,1,1,link,370,g,1,2013-12-23,2013-12-23
7970,1,3,oz,85,g,1,2013-12-23,2013-12-23
7970,2,1,link,396,g,1,2013-12-23,2013-12-23
7971,1,1,slice,33,g,1,2013-12-23,2013-12-23
7972,1,3,oz,85,g,1,2015-01-06,2015-01-06
7972,2,3,pieces,56,g,1,2015-01-06,2015-01-06
7973,1,1,slice,8.1,g,1,2015-01-06,2015-01-06
7974,1,1,serving,15,g,1,2016-02-06,2016-02-06
7978,1,3,oz,85,g,1,2016-02-06,2016-02-06
7979,1,3,oz,85,g,1,2016-02-06,2016-02-06
7979,2,1,serving,56,g,1,2016-02-06,2016-02-06
8037,1,1,CUP,122,g,1,1994-09-29,2006-11-30
8037,2,1,oz,28.35,g,1,1997-08-29,2006-11-30
8084,1,1,oz,28.35,g,1,1994-01-31,2013-12-26
8084,2,1,cup,113,g,1,1999-03-22,2013-12-26
8090,1,1,tbsp,9.7,g,1,1994-01-31,2013-12-26
8090,2,1,cup,156,g,1,2002-09-06,2013-12-26
8091,1,1,cup,257,g,1,2013-12-23,2013-12-23
8091,2,1,TBSP,16,g,1,2007-11-28,2010-01-04
8120,1,1,CUP,81,g,1,1994-01-31,2006-11-30
8120,2,0.333,CUP,27,g,1,2007-11-28,2007-11-28
8121,1,1,CUP,234,g,1,1994-01-31,2006-11-30
8121,2,1,tbsp,14.6,g,1,2007-11-28,2007-11-28
8121,3,0.75,CUP,175,g,1,2007-11-28,2007-11-28
8122,1,1,packet,28,g,1,1994-01-31,2006-11-30
8123,1,1,"cup, cooked",234,g,1,1994-09-29,2006-11-30
8123,2,1,"cup, dry, yields",501,g,1,1998-01-15,2006-11-30
8123,3,1,"oz, dry, yields",177,g,1,2013-12-23,2013-12-23
8123,4,1,"packet, dry, yields",177,g,1,2002-09-06,2013-12-26
8128,1,1,packet,45,g,1,2013-12-23,2013-12-23
8129,1,1,CUP,240,g,1,1994-01-31,2006-11-30
8129,2,1,TBSP,15,g,1,2002-09-06,2006-11-30
8129,3,1,"packet, prepared",161,g,1,2002-09-06,2006-11-30
8133,1,1,CUP,240,g,1,1994-01-31,2006-11-30
8133,2,1,TBSP,15,g,1,2002-09-06,2006-11-30
8133,3,1,"packet, prepared",158,g,1,2002-09-06,2006-11-30
8144,1,1,CUP,94,g,1,1998-01-15,2006-11-30
8144,2,0.333,CUP,31,g,1,2007-11-28,2007-11-28
8145,1,1,CUP,242,g,1,1994-01-31,2006-11-30
8145,2,0.75,CUP,182,g,1,2007-11-28,2007-11-28
8156,1,1,CUP,14,g,1,1994-01-31,2006-11-30
8156,2,0.5,oz,14.2,g,1,1999-03-22,2006-11-30
8157,1,1,CUP,12,g,1,1994-01-31,2006-11-30
8157,2,0.5,oz,14.2,g,1,1999-03-22,2006-11-30
8160,1,1,tbsp,9.7,g,1,2013-12-23,2013-12-23
8160,2,1,cup,156,g,1,2013-12-23,2013-12-23
8161,1,1,CUP,257,g,1,1994-01-31,2010-01-04
8161,2,1,tablespoon,16,g,1,2007-11-28,2015-01-07
8164,1,1,cup,233,g,1,2013-12-23,2013-12-23
8165,1,1,CUP,233,g,1,1994-01-31,2010-01-04
8172,1,1,tbsp,10.9,g,1,2013-12-23,2013-12-23
8172,2,1,cup,176,g,1,2013-12-23,2013-12-23
8173,1,1,CUP,233,g,1,1994-01-31,2006-11-30
8180,1,1,cup,234,g,1,2013-12-23,2013-12-23
8180,2,0.75,cup,175,g,1,2013-12-23,2013-12-23
8183,1,1,CUP,242,g,1,1994-01-31,2006-11-30
8183,2,0.75,CUP,182,g,1,2007-11-28,2007-11-28
8204,1,1,cup,30,g,1,2013-12-23,2013-12-23
8510,1,1,bar,25,g,1,2013-12-23,2013-12-23
8546,1,1,bar,22,g,1,2007-12-03,2007-12-03
8680,1,1,packet,43,g,1,2015-01-06,2015-01-06
9001,1,1,CUP,98,g,1,1996-09-30,2006-11-30
9001,2,1,fruit without refuse,4.8,g,1,1998-01-15,2006-11-30
9002,1,1,CUP,242,g,1,1997-08-29,2006-11-30
9002,2,1,FL OZ,30.2,g,1,2002-09-06,2010-01-05
9003,1,1,"cup, quartered or chopped",125,g,1,1994-09-29,2007-03-25
9003,2,1,cup slices,109,g,1,1999-03-22,2009-02-11
9003,3,1,"large (3-1/4"" dia)",223,g,1,1998-01-15,2015-01-07
9003,4,1,"medium (3"" dia)",182,g,1,2002-09-06,2015-01-07
9003,5,1,"small (2-3/4"" dia)",149,g,1,2002-09-06,2015-01-07
9003,6,1,"extra small (2-1/2"" dia)",101,g,1,2004-07-15,2015-01-07
9003,7,1,NLEA serving,242,g,1,2007-11-28,2009-02-11
9004,1,1,cup slices,110,g,1,1994-09-29,2006-11-30
9004,2,1,"large (3-1/4"" dia)",216,g,1,1999-03-22,2015-01-07
9004,3,1,"medium (3"" dia)",161,g,1,2007-11-28,2007-11-28
9004,4,1,"small (2-3/4"" dia)",132,g,1,2007-11-28,2007-11-28
9005,1,1,cup slices,171,g,1,1994-09-29,2006-11-30
9006,1,1,cup slices,170,g,1,2013-12-23,2013-12-23
9008,1,1,cup slices,204,g,1,2013-12-23,2013-12-23
9009,1,1,CUP,60,g,1,1994-11-02,2006-11-30
9010,1,1,CUP,193,g,1,1994-11-17,2006-11-30
9011,1,1,CUP,86,g,1,1994-11-02,2006-11-30
9011,2,1,ring,6.4,g,1,2002-09-06,2006-11-30
9012,1,1,CUP,255,g,1,1994-11-02,2006-11-30
9013,1,1,CUP,280,g,1,1994-11-17,2006-11-30
9014,1,1,cup slices,173,g,1,1994-09-29,2006-11-30
9015,1,1,cup slices,206,g,1,1994-09-29,2006-11-30
9016,1,1,CUP,248,g,1,1994-01-31,2006-11-30
9016,2,1,FL OZ,31,g,1,2002-09-06,2010-01-05
9016,3,1,drink box (8.45 fl oz),262,g,1,2002-09-06,2006-11-30
9017,1,1,can (6 fl oz),211,g,1,2013-12-23,2013-12-23
9018,1,1,CUP,239,g,1,1994-01-31,2006-11-30
9018,2,1,FL OZ,29.9,g,1,2002-09-06,2010-01-05
9019,1,1,cup,244,g,1,2013-12-23,2013-12-23
9020,1,1,CUP,246,g,1,1999-03-22,2009-02-11
9021,1,1,"cup, halves",155,g,1,1994-01-31,2007-03-25
9021,2,1,"cup, sliced",165,g,1,2002-09-06,2007-03-25
9021,3,1,apricot,35,g,1,2002-09-06,2007-03-25
9022,1,1,"cup, halves",243,g,1,1994-11-02,2006-11-30
9022,2,1,apricot half with liquid,36,g,1,1998-01-15,2006-11-30
9023,1,1,"cup, whole, without pits",227,g,1,1994-11-17,2006-11-30
9024,1,1,"cup, halves",244,g,1,1994-01-31,2006-11-30
9024,2,1,apricot half with liquid,36,g,1,1998-01-15,2006-11-30
9025,1,1,"cup, halves",247,g,1,1994-01-31,2006-11-30
9026,1,1,"cup, halves",253,g,1,1994-01-31,2006-11-30
9026,2,1,apricot half with liquid,40,g,1,1998-01-15,2006-11-30
9027,1,1,"cup, halves",258,g,1,1994-01-31,2006-11-30
9027,2,1,"cup, whole",240,g,1,1998-01-15,2006-11-30
9027,3,1,apricot half with liquid,40,g,1,2002-09-06,2006-11-30
9028,1,1,"cup, whole, without pits",258,g,1,1994-01-31,2006-11-30
9029,1,1,"cup, whole, without pits",246,g,1,1994-01-31,2006-11-30
9030,1,1,cup,119,g,1,2013-12-23,2013-12-23
9031,1,1,cup,249,g,1,2013-12-23,2013-12-23
9032,1,1,"cup, halves",130,g,1,1994-10-19,2006-11-30
9032,2,1,half,3.5,g,1,1999-03-22,2006-11-30
9033,1,1,"cup, halves",250,g,1,1994-01-31,2006-11-30
9034,1,1,"cup, halves",270,g,1,1994-01-31,2006-11-30
9035,1,1,CUP,242,g,1,1994-11-17,2006-11-30
9036,1,1,cup,266,g,1,1994-01-31,2019-02-13
9036,2,1,fl oz,30.4,g,1,2002-09-06,2019-02-13
9037,1,1,"cup, cubes",150,g,1,1995-06-19,2006-11-30
9037,2,1,"cup, pureed",230,g,1,1999-03-22,2006-11-30
9037,3,1,"cup, sliced",146,g,1,2002-09-06,2006-11-30
9037,4,1,"avocado, NS as to Florida or California",201,g,1,2002-09-06,2006-11-30
9037,5,1,NLEA Serving,50,g,1,2019-02-13,2019-02-13
9038,1,1,"cup, pureed",230,g,1,2013-12-23,2013-12-23
9038,2,1,"fruit, without skin and seed",136,g,1,2013-12-23,2013-12-23
9038,3,1,NLEA serving,50,g,1,2013-12-23,2019-02-13
9039,1,1,"cup, pureed",230,g,1,2013-12-23,2013-12-23
9039,2,1,fruit without skin and seeds,304,g,1,2013-12-23,2013-12-23
9039,3,1,NLEA Serving,50,g,1,2019-02-13,2019-02-13
9040,1,1,"cup, mashed",225,g,1,1994-01-31,2006-11-30
9040,2,1,"cup, sliced",150,g,1,1998-01-15,2006-11-30
9040,3,1,"extra small (less than 6"" long)",81,g,1,2002-09-06,2006-11-30
9040,4,1,"small (6"" to 6-7/8"" long)",101,g,1,2002-09-06,2006-11-30
9040,5,1,"medium (7"" to 7-7/8"" long)",118,g,1,2002-09-06,2006-11-30
9040,6,1,"large (8"" to 8-7/8"" long)",136,g,1,2002-09-06,2006-11-30
9040,7,1,"extra large (9"" or longer)",152,g,1,2002-09-06,2006-11-30
9040,8,1,NLEA serving,126,g,1,2004-07-15,2006-11-30
9041,1,1,cup,100,g,1,2015-01-06,2015-01-06
9041,2,1,tbsp,6.2,g,1,2013-12-23,2013-12-23
9042,1,1,CUP,144,g,1,1994-01-31,2006-11-30
9043,1,1,cup,250,g,1,2013-12-23,2013-12-23
9044,1,0.25,cup,40,g,1,2013-12-23,2013-12-23
9046,1,1,CUP,256,g,1,1994-01-31,2006-11-30
9048,1,1,"cup, unthawed",151,g,1,1995-06-19,2006-11-30
9048,2,1,package (18 oz),510,g,1,1999-03-22,2006-11-30
9050,1,1,CUP,148,g,1,1997-08-29,2006-11-30
9050,2,50,berries,68,g,1,1994-01-31,2009-02-11
9052,1,1,CUP,256,g,1,1994-01-31,2006-11-30
9053,1,1,"cup, frozen",140,g,1,2013-12-23,2013-12-23
9054,1,1,"cup, unthawed",155,g,1,1999-03-22,2006-11-30
9054,2,1,package (20 oz),567,g,1,1994-09-29,2006-11-30
9055,1,1,"cup, thawed",230,g,1,1994-10-18,2006-11-30
9055,2,1,package (10 oz),284,g,1,1999-03-22,2006-11-30
9056,1,1,cup,256,g,1,2013-12-23,2013-12-23
9057,1,1,"cup, unthawed",132,g,1,2013-12-23,2013-12-23
9057,2,1,package (10 oz),284,g,1,2013-12-23,2013-12-23
9059,1,1,CUP,220,g,1,1997-08-29,2006-11-30
9059,2,0.25,"fruit, small",96,g,1,2002-09-06,2006-11-30
9060,1,1,"cup, cubes",132,g,1,2013-12-23,2013-12-23
9060,2,1,"cup, sliced",108,g,1,2013-12-23,2013-12-23
9060,3,1,"large (4-1/2"" long)",124,g,1,2013-12-23,2013-12-23
9060,4,1,"medium (3-5/8"" long)",91,g,1,2013-12-23,2013-12-23
9060,5,1,"small (3-1/8"" long)",70,g,1,2013-12-23,2013-12-23
9062,1,1,"cup, pieces",160,g,1,2013-12-23,2013-12-23
9062,2,1,fruit without skin and seeds,235,g,1,2013-12-23,2013-12-23
9063,1,1,"cup, without pits",155,g,1,2013-12-23,2013-12-23
9063,2,1,"cup, with pits, yields",103,g,1,2013-12-23,2013-12-23
9064,1,1,CUP,244,g,1,1999-03-22,2007-03-25
9065,1,1,cup,252,g,1,2013-12-23,2013-12-23
9066,1,1,cup,256,g,1,2013-12-23,2013-12-23
9067,1,1,cup,261,g,1,2013-12-23,2013-12-23
9068,1,1,"cup, unthawed",155,g,1,1994-11-17,2006-11-30
9068,2,1,package (18 oz),510,g,1,1997-08-29,2006-11-30
9070,1,1,"cup, with pits, yields",138,g,1,1997-08-29,2009-02-11
9070,2,1,"cup, without pits",154,g,1,1994-09-29,2009-02-11
9070,3,1,cherry,8.2,g,1,1998-01-15,2009-02-11
9070,4,1,NLEA serving,140,g,1,2004-07-15,2006-11-30
9071,1,1,"cup, pitted",248,g,1,1994-09-29,2006-11-30
9072,1,1,"cup, pitted",250,g,1,1994-09-29,2006-11-30
9073,1,1,"cup, pitted",252,g,1,1994-09-29,2006-11-30
9074,1,1,CUP,253,g,1,1995-06-19,2009-02-11
9075,1,1,"cup, pitted",261,g,1,1994-09-29,2006-11-30
9077,1,1,cup slices,110,g,1,2013-12-23,2013-12-23
9078,1,1,"cup, chopped",110,g,1,1994-01-31,2006-11-30
9078,2,1,"cup, whole",100,g,1,2015-01-06,2015-01-06
9079,1,0.25,cup,40,g,1,2013-12-23,2016-02-06
9081,1,1,CUP,277,g,1,1999-03-22,2006-11-30
9081,2,1,"slice (1/2"" thick, approx 8 slices per can)",57,g,1,1994-10-18,2006-11-30
9082,1,1,CUP,275,g,1,1994-11-17,2006-11-30
9083,1,1,cup,112,g,1,2013-12-23,2013-12-23
9084,1,1,CUP,112,g,1,1997-08-29,2006-11-30
9085,1,1,cup,144,g,1,2013-12-23,2013-12-23
9087,1,1,"cup, chopped",147,g,1,1994-09-29,2009-02-11
9087,2,1,"date, pitted",7.1,g,1,2002-09-06,2009-02-11
9088,1,1,cup,145,g,1,2013-12-23,2013-12-23
9089,1,1,"large (2-1/2"" dia)",64,g,1,1994-11-02,2006-11-30
9089,2,1,"medium (2-1/4"" dia)",50,g,1,2002-09-06,2006-11-30
9089,3,1,"small (1-1/2"" dia)",40,g,1,2002-09-06,2006-11-30
9090,1,1,CUP,248,g,1,1994-11-02,2006-11-30
9090,2,1,fig with liquid,27,g,1,2002-09-06,2006-11-30
9091,1,1,CUP,252,g,1,1994-11-02,2006-11-30
9091,2,1,fig with liquid,28,g,1,2002-09-06,2006-11-30
9092,1,1,CUP,259,g,1,1994-11-02,2006-11-30
9092,2,1,fig with liquid,28,g,1,2002-09-06,2006-11-30
9093,1,1,cup,261,g,1,2013-12-23,2013-12-23
9094,1,1,CUP,149,g,1,1994-01-31,2006-11-30
9094,2,1,fig,8.4,g,1,2002-09-06,2006-11-30
9095,1,1,CUP,259,g,1,1994-11-02,2006-11-30
9096,1,1,CUP,237,g,1,1994-01-31,2006-11-30
9097,1,1,CUP,237,g,1,1994-01-31,2006-11-30
9098,1,0.5,CUP,123,g,1,1994-01-31,2006-11-30
9099,1,1,CUP,242,g,1,1994-01-31,2006-11-30
9100,1,1,CUP,248,g,1,1994-01-31,2006-11-30
9101,1,0.5,cup,130,g,1,1994-01-31,2013-12-26
9101,2,1,cup,260,g,1,2007-11-28,2013-12-26
9102,1,1,CUP,245,g,1,1994-01-31,2006-11-30
9103,1,1,CUP,249,g,1,1994-01-31,2006-11-30
9104,1,1,CUP,252,g,1,1994-01-31,2006-11-30
9106,1,1,CUP,259,g,1,1994-01-31,2006-11-30
9107,1,1,cup,150,g,1,2013-12-23,2013-12-23
9109,1,1,cup,252,g,1,2013-12-23,2013-12-23
9110,1,5,tbsp,28,g,1,2016-02-06,2016-02-06
9111,1,1,"cup sections, with juice",230,g,1,1994-09-29,2006-11-30
9111,2,0.5,"large (approx 4-1/2"" dia)",166,g,1,1999-03-22,2006-11-30
9111,3,0.5,"medium (approx 4"" dia)",128,g,1,2002-09-06,2006-11-30
9111,4,0.5,"small (approx 3-1/2"" dia)",100,g,1,2015-01-06,2015-01-06
9112,1,1,"cup sections, with juice",230,g,1,2013-12-23,2013-12-23
9112,2,0.5,"fruit (3-3/4"" dia)",123,g,1,2013-12-23,2013-12-23
9112,3,1,NLEA serving,154,g,1,2013-12-23,2013-12-23
9113,1,1,"cup sections, with juice",230,g,1,2013-12-23,2013-12-23
9113,2,0.5,"fruit (3-3/4"" dia)",123,g,1,2013-12-23,2013-12-23
9114,1,1,"cup sections, with juice",230,g,1,2013-12-23,2013-12-23
9114,2,0.5,"fruit (3-3/4"" dia)",123,g,1,2013-12-23,2013-12-23
9116,1,1,"cup sections, with juice",230,g,1,2013-12-23,2013-12-23
9116,2,0.5,"fruit (3-3/4"" dia)",118,g,1,2013-12-23,2013-12-23
9117,1,1,"cup sections, with juice",230,g,1,2013-12-23,2013-12-23
9117,2,0.5,"fruit (3-3/4"" dia)",118,g,1,2013-12-23,2013-12-23
9118,1,1,"cup sections, with juice",230,g,1,2013-12-23,2013-12-23
9118,2,0.5,"fruit (3-3/4"" dia)",118,g,1,2013-12-23,2013-12-23
9119,1,1,CUP,244,g,1,1994-11-02,2006-11-30
9120,1,1,CUP,249,g,1,1994-01-31,2006-11-30
9121,1,1,CUP,254,g,1,1994-01-31,2006-11-30
9123,1,1,cup,257,g,1,1994-01-31,2019-02-13
9123,2,8,fl oz,246,g,1,2002-09-06,2019-02-13
9124,1,1,CUP,250,g,1,1994-01-31,2006-11-30
9124,2,1,FL OZ,31.2,g,1,2002-09-06,2010-01-05
9125,1,1,can (6 fl oz),207,g,1,1994-11-02,2006-11-30
9126,1,1,CUP,247,g,1,1994-01-31,2006-11-30
9126,2,1,FL OZ,30.9,g,1,1997-08-29,2010-01-05
9127,1,8,fl oz,240,g,1,2016-02-06,2016-02-06
9127,2,1,cup,252,g,1,2019-02-13,2019-02-13
9128,1,1,cup,247,g,1,2013-12-23,2013-12-23
9128,2,1,fl oz,30.9,g,1,2013-12-23,2013-12-23
9128,3,1,fruit yields,196,g,1,2013-12-23,2013-12-23
9130,1,1,CUP,253,g,1,2009-01-25,2009-01-25
9130,2,1,FL OZ,31.6,g,1,2009-01-25,2010-01-05
9131,1,1,CUP,92,g,1,1994-01-31,2006-11-30
9131,2,1,grape,2.4,g,1,2002-09-06,2006-11-30
9132,1,1,cup,151,g,1,2013-12-23,2013-12-23
9132,2,10,grapes,49,g,1,2013-12-23,2013-12-23
9132,3,1,NLEA serving,126,g,1,2013-12-23,2013-12-23
9133,1,1,cup,245,g,1,2013-12-23,2013-12-23
9134,1,1,cup,256,g,1,2013-12-23,2013-12-23
9135,1,1,CUP,253,g,1,1994-01-31,2006-11-30
9135,2,1,FL OZ,31.6,g,1,2002-09-06,2010-01-05
9139,1,1,CUP,165,g,1,1997-08-29,2006-11-30
9139,2,1,"fruit, without refuse",55,g,1,1994-11-02,2006-11-30
9140,1,1,cup,244,g,1,2013-12-23,2013-12-23
9140,2,1,fruit without refuse,6,g,1,2013-12-23,2013-12-23
9143,1,1,CUP,238,g,1,1996-09-30,2006-11-30
9144,1,1,"cup, sliced",165,g,1,2013-12-23,2013-12-23
9144,2,1,"cup 1"" pieces",151,g,1,2013-12-23,2013-12-23
9148,1,1,"cup, sliced",180,g,1,2013-12-23,2013-12-23
9148,2,1,"fruit (2"" dia)",69,g,1,2013-12-23,2013-12-23
9148,3,1,NLEA serving,148,g,1,2013-12-23,2013-12-23
9149,1,1,fruit without refuse,19,g,1,2013-12-23,2013-12-23
9150,1,1,"cup, sections",212,g,1,1994-09-29,2007-03-25
9150,2,1,"fruit (2-1/8"" dia)",58,g,1,2002-09-06,2007-03-25
9150,3,1,"fruit (2-3/8"" dia)",84,g,1,2002-09-06,2007-03-25
9150,4,1,"wedge or slice (1/8 of one 2-1/8"" dia lemon)",7,g,1,2002-09-06,2007-03-25
9150,5,1,NLEA serving,58,g,1,2004-07-15,2007-03-25
9152,1,1,CUP,244,g,1,1994-01-31,2006-11-30
9152,2,1,FL OZ,30.5,g,1,1998-01-15,2010-01-05
9152,3,1,lemon yields,48,g,1,2013-12-23,2013-12-23
9152,4,1,wedge yields,5.9,g,1,2002-09-06,2006-11-30
9153,1,1,tbsp,15,g,1,1994-01-31,2016-02-06
9153,2,1,tsp,5,g,1,1999-03-22,2016-02-06
9153,3,1,FL OZ,30.5,g,1,1998-01-15,2010-01-05
9153,4,1,cup,244,g,1,2002-09-06,2016-02-06
9156,1,1,TBSP,6,g,1,1994-11-02,2006-11-30
9156,2,1,tsp,2,g,1,2002-09-06,2006-11-30
9159,1,1,"fruit (2"" dia)",67,g,1,1994-09-29,2006-11-30
9159,2,1,NLEA serving,67,g,1,2004-07-15,2006-11-30
9160,1,1,CUP,242,g,1,1994-01-31,2006-11-30
9160,2,1,FL OZ,30.8,g,1,2002-09-06,2010-01-05
9160,3,1,lime yields,44,g,1,2002-09-06,2006-11-30
9161,1,1,CUP,246,g,1,1994-01-31,2006-11-30
9161,2,1,FL OZ,30.8,g,1,2002-09-06,2010-01-05
9163,1,0.25,cup,40,g,1,2013-12-23,2013-12-23
9164,1,1,CUP,190,g,1,1994-01-31,2006-11-30
9164,2,1,fruit without refuse,9.6,g,1,1999-03-22,2006-11-30
9165,1,1,fruit,2.5,g,1,2013-12-23,2013-12-23
9167,1,1,"cup, unthawed",147,g,1,2013-12-23,2013-12-23
9174,1,1,"cup, cubed",149,g,1,2013-12-23,2013-12-23
9174,2,1,large,20,g,1,2013-12-23,2013-12-23
9174,3,1,medium,16,g,1,2013-12-23,2013-12-23
9174,4,1,small,13.6,g,1,2013-12-23,2013-12-23
9175,1,1,fruit without refuse,846,g,1,2013-12-23,2013-12-23
9176,1,1,cup pieces,165,g,1,2013-12-23,2013-12-23
9176,2,1,fruit without refuse,336,g,1,2013-12-23,2013-12-23
9181,1,1,"cup, balls",177,g,1,1994-09-29,2007-03-25
9181,2,1,"cup, cubes",160,g,1,1998-01-15,2007-03-25
9181,3,1,"cup, diced",156,g,1,2002-09-06,2007-03-25
9181,4,1,"melon, large (about 6-1/2"" dia)",814,g,1,2002-09-06,2007-03-25
9181,5,1,"wedge, large (1/8 of large melon)",102,g,1,2002-09-06,2007-03-25
9181,6,1,"melon, medium (about 5"" dia)",552,g,1,2002-09-06,2007-03-25
9181,7,1,"wedge, medium (1/8 of medium melon)",69,g,1,2002-09-06,2007-03-25
9181,8,1,"melon, small (about 4-1/4"" dia)",441,g,1,2002-09-06,2007-03-25
9181,9,1,"wedge, small (1/8 of small melon)",55,g,1,2002-09-06,2007-03-25
9181,10,10,cantaloupe balls,138,g,1,2002-09-06,2007-03-25
9181,11,1,NLEA serving,134,g,1,2004-07-15,2007-03-25
9183,1,1,"cup, cubes",170,g,1,1994-10-19,2006-11-30
9183,2,1,melon,1640,g,1,1999-03-22,2006-11-30
9183,3,0.1,fruit,164,g,1,2002-09-06,2006-11-30
9184,1,1,"cup, diced (approx 20 pieces per cup)",170,g,1,1994-09-29,2013-12-26
9184,2,1,"cup, balls",177,g,1,1998-01-15,2013-12-26
9184,3,1,"melon (5-1/4"" dia)",1000,g,1,2002-09-06,2006-11-30
9184,4,1,"melon (6"" - 7"" dia)",1280,g,1,2002-09-06,2006-11-30
9184,5,1,"wedge (1/8 of 5-1/4"" dia melon)",125,g,1,2002-09-06,2006-11-30
9184,6,1,"wedge (1/8 of 6"" to 7"" dia melon)",160,g,1,2002-09-06,2006-11-30
9184,7,10,honeydew balls,138,g,1,2002-09-06,2006-11-30
9184,8,1,NLEA serving,134,g,1,2004-07-15,2006-11-30
9185,1,1,"cup, unthawed",173,g,1,1994-01-31,2006-11-30
9190,1,1,cup,140,g,1,2013-12-23,2013-12-23
9190,2,10,fruit,15,g,1,2013-12-23,2013-12-23
9191,1,1,cup slices,143,g,1,1994-09-29,2006-11-30
9191,2,1,"small (2-1/3"" dia)",129,g,1,1999-03-22,2006-11-30
9191,3,1,"medium (2-1/2"" dia)",142,g,1,2004-07-15,2006-11-30
9191,4,1,"large (2-3/4"" dia)",156,g,1,2007-11-28,2007-11-28
9191,5,1,NLEA serving,140,g,1,2007-11-28,2007-11-28
9193,1,1,TBSP,8.4,g,1,1994-09-29,2006-11-30
9193,2,1,large,4.4,g,1,2002-09-06,2006-11-30
9193,3,1,small,3.2,g,1,2002-09-06,2006-11-30
9194,1,1,super colossal,15,g,1,1994-01-31,2013-12-26
9194,2,1,jumbo,8.3,g,1,2002-09-06,2013-12-26
9195,1,1,olive,2.7,g,1,2013-12-23,2013-12-23
9200,1,1,"cup, sections",180,g,1,1994-09-29,2006-11-30
9200,2,1,"large (3-1/16"" dia)",184,g,1,1999-03-22,2006-11-30
9200,3,1,"small (2-3/8"" dia)",96,g,1,2002-09-06,2006-11-30
9200,4,1,"fruit (2-5/8"" dia)",131,g,1,2002-09-06,2006-11-30
9201,1,1,"cup sections, without membranes",180,g,1,2013-12-23,2013-12-23
9201,2,1,"fruit (2-5/8"" dia)",121,g,1,2013-12-23,2013-12-23
9202,1,1,"cup sections, without membranes",165,g,1,2013-12-23,2013-12-23
9202,2,1,"fruit (2-7/8"" dia)",140,g,1,2013-12-23,2013-12-23
9202,3,1,NLEA serving,154,g,1,2013-12-23,2013-12-23
9203,1,1,"cup sections, without membranes",185,g,1,2013-12-23,2013-12-23
9203,2,1,"fruit (2-5/8"" dia)",141,g,1,2013-12-23,2013-12-23
9203,3,1,"fruit (2-11/16"" dia)",151,g,1,2013-12-23,2013-12-23
9205,1,1,cup,170,g,1,2013-12-23,2013-12-23
9205,2,1,fruit without seeds,159,g,1,2013-12-23,2013-12-23
9206,1,1,CUP,248,g,1,1994-01-31,2006-11-30
9206,2,1,FL OZ,31,g,1,1999-03-22,2010-01-05
9206,3,1,fruit yields,86,g,1,2002-09-06,2006-11-30
9207,1,1,CUP,249,g,1,1994-01-31,2006-11-30
9207,2,1,FL OZ,31.1,g,1,2002-09-06,2010-01-05
9207,3,1,drink box (8.45 fl oz),263,g,1,2002-09-06,2006-11-30
9209,1,1,CUP,249,g,1,1994-01-31,2006-11-30
9209,2,1,FL OZ,31.1,g,1,2002-09-06,2010-01-05
9210,1,1,cup,249,g,1,2013-12-23,2013-12-23
9210,2,1,fl oz,31.1,g,1,2013-12-23,2013-12-23
9211,1,1,cup,249,g,1,2010-01-04,2010-01-04
9211,2,1,fl oz,31.1,g,1,2010-01-04,2010-01-04
9212,1,1,cup,249,g,1,2016-02-06,2016-02-06
9212,2,1,fl oz,31.1,g,1,2016-02-06,2016-02-06
9213,1,1,cup,262,g,1,2015-01-06,2015-01-06
9213,2,1,fl oz,33,g,1,2015-01-06,2015-01-06
9214,1,1,CUP,262,g,1,1994-09-29,2015-01-07
9214,2,1,FL OZ,33,g,1,2002-09-06,2015-01-07
9215,1,1,CUP,249,g,1,1994-01-31,2006-11-30
9215,2,1,FL OZ,31.1,g,1,2002-09-06,2010-01-05
9216,1,1,TBSP,6,g,1,1995-06-27,2006-11-30
9216,2,1,tsp,2,g,1,1997-08-29,2006-11-30
9217,1,1,CUP,247,g,1,1994-01-31,2006-11-30
9217,2,1,FL OZ,30.9,g,1,2002-09-06,2010-01-05
9218,1,1,"cup, sections",195,g,1,1994-09-29,2006-11-30
9218,2,1,"small (2-1/4"" dia)",76,g,1,2002-09-06,2006-11-30
9218,3,1,"medium (2-1/2"" dia)",88,g,1,2002-09-06,2006-11-30
9218,4,1,"large (2-3/4"" dia)",120,g,1,2002-09-06,2006-11-30
9218,5,1,NLEA serving,109,g,1,2004-07-15,2009-02-11
9219,1,1,CUP,249,g,1,1994-01-31,2006-11-30
9220,1,1,CUP,252,g,1,1994-01-31,2006-11-30
9221,1,1,cup,247,g,1,2013-12-23,2013-12-23
9221,2,1,fl oz,30.9,g,1,2013-12-23,2013-12-23
9226,1,1,"cup 1"" pieces",145,g,1,2013-12-23,2013-12-23
9226,2,1,"cup, mashed",230,g,1,2002-09-06,2006-11-30
9226,3,1,"fruit, small",157,g,1,2013-12-23,2013-12-23
9226,4,1,"fruit, large",781,g,1,2013-12-23,2013-12-23
9228,1,1,piece,39,g,1,2013-12-23,2013-12-23
9229,1,1,CUP,250,g,1,1994-01-31,2006-11-30
9229,2,1,FL OZ,31.2,g,1,2002-09-06,2010-01-05
9231,1,1,cup,236,g,1,2013-12-23,2013-12-23
9231,2,1,fruit without refuse,18,g,1,2013-12-23,2013-12-23
9232,1,1,cup,247,g,1,2013-12-23,2013-12-23
9232,2,1,fl oz,30.9,g,1,2013-12-23,2013-12-23
9233,1,1,cup,247,g,1,2013-12-23,2013-12-23
9233,2,1,fl oz,30.9,g,1,2013-12-23,2013-12-23
9236,1,1,cup slices,154,g,1,1994-09-29,2006-11-30
9236,2,1,"small (2-1/2"" dia)",130,g,1,1999-03-22,2006-11-30
9236,3,1,"medium (2-2/3"" dia)",150,g,1,1998-01-15,2006-11-30
9236,4,1,"large (2-3/4"" dia)",175,g,1,2002-09-06,2006-11-30
9236,5,1,"extra large (3"" dia)",224,g,1,2004-07-15,2006-11-30
9236,6,1,NLEA serving,147,g,1,2007-11-28,2007-11-28
9237,1,1,"cup, halves or slices",244,g,1,1995-06-19,2006-11-30
9237,2,1,"half, with liquid",98,g,1,1999-03-22,2006-11-30
9238,1,1,CUP,250,g,1,1995-06-19,2006-11-30
9238,2,1,"cup, halves or slices",248,g,1,1999-03-22,2006-11-30
9238,3,1,"half, with liquid",98,g,1,2002-09-06,2006-11-30
9239,1,1,"cup, halves or slices",247,g,1,1994-01-31,2006-11-30
9240,1,1,"cup, halves or slices",251,g,1,1995-06-19,2006-11-30
9240,2,1,"half, with liquid",98,g,1,1999-03-22,2006-11-30
9241,1,1,CUP,262,g,1,1995-06-19,2006-11-30
9241,2,1,"half, with liquid",98,g,1,2002-09-06,2006-11-30
9242,1,1,"cup, halves or slices",262,g,1,1994-01-31,2006-11-30
9243,1,1,"cup, whole",242,g,1,2013-12-23,2013-12-23
9244,1,1,cup,116,g,1,2013-12-23,2013-12-23
9245,1,1,cup,242,g,1,2013-12-23,2013-12-23
9246,1,1,"cup, halves",160,g,1,1994-11-02,2006-11-30
9246,2,1,half,13,g,1,1997-08-29,2006-11-30
9247,1,1,CUP,258,g,1,1994-11-02,2006-11-30
9248,1,1,CUP,270,g,1,1994-11-02,2006-11-30
9250,1,1,"cup, thawed",250,g,1,1997-08-29,2006-11-30
9250,2,10,slices,155,g,1,1994-09-29,2006-11-30
9250,3,1,package (10 oz),284,g,1,2002-09-06,2006-11-30
9251,1,1,cup,258,g,1,1994-01-31,2019-02-13
9252,1,1,"cup, slices",140,g,1,1994-09-29,2013-12-26
9252,2,1,"cup, cubes",161,g,1,1999-03-22,2013-12-26
9252,3,1,small,148,g,1,2002-09-06,2013-12-26
9252,4,1,medium,178,g,1,2002-09-06,2013-12-26
9252,5,1,large,230,g,1,2004-07-15,2013-12-26
9252,6,1,NLEA serving,166,g,1,2007-11-28,2007-11-28
9253,1,1,"cup, halves",244,g,1,1995-06-19,2006-11-30
9253,2,1,"half, with liquid",76,g,1,1999-03-22,2006-11-30
9254,1,1,"cup, halves",248,g,1,1995-06-19,2006-11-30
9254,2,1,"half, with liquid",76,g,1,1999-03-22,2006-11-30
9255,1,1,"cup, halves",247,g,1,1994-01-31,2006-11-30
9255,2,1,"half, with liquid",76,g,1,1997-08-29,2006-11-30
9256,1,1,"cup, halves",251,g,1,1995-06-19,2006-11-30
9256,2,1,"half, with liquid",76,g,1,1999-03-22,2006-11-30
9257,1,1,CUP,266,g,1,1995-06-19,2006-11-30
9257,2,1,"half, with liquid",76,g,1,2002-09-06,2006-11-30
9258,1,1,"cup, halves",266,g,1,1994-01-31,2006-11-30
9258,2,1,"half, with liquid",79,g,1,2002-09-06,2006-11-30
9259,1,1,"cup, halves",180,g,1,1994-11-02,2006-11-30
9259,2,1,half,18,g,1,1997-08-29,2006-11-30
9259,3,10,halves,175,g,1,2002-09-06,2006-11-30
9260,1,1,"cup, halves",255,g,1,1994-11-02,2006-11-30
9261,1,1,"cup, halves",280,g,1,1994-11-02,2006-11-30
9262,1,1,CUP,250,g,1,1994-01-31,2006-11-30
9262,2,1,FL OZ,31.2,g,1,2002-09-06,2010-01-05
9263,1,1,"fruit (2-1/2"" dia)",168,g,1,2013-12-23,2013-12-23
9266,1,1,"cup, chunks",165,g,1,1994-09-29,2009-02-11
9266,2,1,fruit,905,g,1,2002-09-06,2009-02-11
9266,3,1,"slice (4-2/3"" dia x 3/4"" thick)",166,g,1,2002-09-06,2015-01-07
9266,4,1,"slice (3-1/2"" dia x 3/4"" thick)",84,g,1,2002-09-06,2015-01-07
9266,5,1,"slice, thin (3-1/2"" dia x 1/2"" thick)",56,g,1,2007-11-28,2007-11-28
9267,1,1,"cup, crushed, sliced, or chunks",246,g,1,1994-09-29,2006-11-30
9267,2,1,"slice or ring (3"" dia) with liquid",47,g,1,2002-09-06,2006-11-30
9268,1,1,"cup, crushed, sliced, or chunks",249,g,1,1994-09-29,2006-11-30
9268,2,1,"slice or ring (3"" dia) with liquid",47,g,1,2002-09-06,2006-11-30
9269,1,1,"cup, crushed, sliced, or chunks",252,g,1,1994-09-29,2006-11-30
9269,2,1,"slice or ring (3"" dia) with liquid",48,g,1,2002-09-06,2006-11-30
9270,1,1,"cup, crushed, sliced, or chunks",254,g,1,1994-09-29,2006-11-30
9270,2,1,"slice or ring (3"" dia) with liquid",49,g,1,2002-09-06,2006-11-30
9271,1,1,"cup, crushed, sliced, or chunks",260,g,1,1994-01-31,2006-11-30
9272,1,1,"cup, chunks",245,g,1,2013-12-23,2013-12-23
9273,1,1,CUP,250,g,1,1994-01-31,2006-11-30
9273,2,1,FL OZ,31.3,g,1,2002-09-06,2010-01-05
9274,1,1,can (6 fl oz),216,g,1,1994-11-02,2006-11-30
9275,1,1,CUP,250,g,1,1994-01-31,2006-11-30
9275,2,1,FL OZ,31.2,g,1,2002-09-06,2010-01-05
9277,1,1,plantain,270,g,1,1994-09-29,2019-02-13
9277,2,1,"cup, sliced",148,g,1,2002-09-06,2019-02-13
9278,1,1,cup,139,g,1,1994-09-29,2019-02-13
9278,2,10,slice,105,g,1,1999-03-22,2019-02-13
9279,1,1,"cup, sliced",165,g,1,1999-03-22,2006-11-30
9279,2,1,"fruit (2-1/8"" dia)",66,g,1,1994-09-29,2006-11-30
9279,3,1,NLEA serving,151,g,1,2004-07-15,2006-11-30
9281,1,1,"cup, pitted",249,g,1,1994-09-29,2006-11-30
9281,2,1,plum with liquid,46,g,1,2002-09-06,2006-11-30
9282,1,1,"cup, pitted",252,g,1,1994-09-29,2006-11-30
9282,2,1,plum with liquid,46,g,1,2002-09-06,2006-11-30
9283,1,1,"cup, pitted",252,g,1,1994-09-29,2006-11-30
9283,2,1,plum with liquid,46,g,1,2002-09-06,2006-11-30
9284,1,1,"cup, pitted",258,g,1,1994-09-29,2006-11-30
9284,2,1,plum with liquid,46,g,1,1998-01-15,2006-11-30
9285,1,1,"cup, pitted",261,g,1,1994-01-31,2006-11-30
9286,1,0.5,cup arils (seed/juice sacs),87,g,1,1996-09-30,2013-12-26
9286,2,1,"pomegranate (4"" dia)",282,g,1,2011-01-18,2013-12-26
9287,1,1,cup,149,g,1,2013-12-23,2013-12-23
9287,2,1,fruit without refuse,103,g,1,2013-12-23,2013-12-23
9288,1,1,CUP,234,g,1,1994-01-31,2006-11-30
9288,2,5,prunes with liquid,86,g,1,2002-09-06,2011-01-18
9289,1,1,cup,132,g,1,2013-12-23,2013-12-23
9290,1,1,cup,280,g,1,2013-12-23,2013-12-23
9291,1,1,"cup, pitted",174,g,1,1994-09-29,2006-11-30
9291,2,1,"prune, pitted",9.5,g,1,1998-01-15,2006-11-30
9292,1,1,"cup, pitted",248,g,1,1994-09-29,2006-11-30
9293,1,1,"cup, pitted",248,g,1,1997-08-29,2006-11-30
9294,1,1,cup,256,g,1,2013-12-23,2013-12-23
9294,2,1,fl oz,32,g,1,2013-12-23,2013-12-23
9296,1,1,fruit without refuse,92,g,1,2013-12-23,2013-12-23
9297,1,1,"cup, packed",165,g,1,1994-01-31,2006-11-30
9297,2,1,cup (not packed),145,g,1,2002-09-06,2006-11-30
9298,1,1,"cup, packed",165,g,1,1994-01-31,2006-11-30
9298,2,1,cup (not packed),145,g,1,2002-09-06,2006-11-30
9298,3,1,miniature box (.5 oz),14,g,1,2002-09-06,2006-11-30
9298,4,1,small box (1.5 oz),43,g,1,2002-09-06,2006-11-30
9298,5,50,raisins,26,g,1,2002-09-06,2006-11-30
9298,6,1,oz (60 raisins),28.35,g,1,2007-11-28,2007-11-28
9299,1,1,"cup, packed",165,g,1,1994-01-31,2006-11-30
9299,2,1,cup (not packed),145,g,1,2002-09-06,2006-11-30
9302,1,1,CUP,123,g,1,1994-01-31,2006-11-30
9302,2,1,"pint as purchased, yields",312,g,1,2002-09-06,2006-11-30
9302,3,10,raspberries,19,g,1,2002-09-06,2006-11-30
9304,1,1,CUP,256,g,1,1994-01-31,2006-11-30
9306,1,1,"cup, thawed",250,g,1,1994-01-31,2015-01-07
9306,2,1,package (10 oz),284,g,1,1997-08-29,2006-11-30
9307,1,1,"cup, diced",122,g,1,2013-12-23,2013-12-23
9307,2,1,stalk,51,g,1,2013-12-23,2013-12-23
9309,1,1,"cup, diced",137,g,1,2013-12-23,2013-12-23
9310,1,1,cup,240,g,1,2013-12-23,2013-12-23
9313,1,1,"cup, pulp",241,g,1,1997-08-29,2006-11-30
9313,2,1,sapodilla,170,g,1,2002-09-06,2006-11-30
9314,1,1,"cup 1"" pieces",175,g,1,2013-12-23,2013-12-23
9314,2,1,fruit without refuse,558,g,1,2013-12-23,2013-12-23
9315,1,1,"cup, pulp",225,g,1,1997-08-29,2006-11-30
9315,2,1,"fruit (7"" x 5-1/4"" dia)",625,g,1,2002-09-06,2006-11-30
9316,1,1,"cup, halves",152,g,1,1994-01-31,2006-11-30
9316,2,1,"cup, pureed",232,g,1,1998-01-15,2006-11-30
9316,3,1,"cup, sliced",166,g,1,2002-09-06,2006-11-30
9316,4,1,"cup, whole",144,g,1,2002-09-06,2006-11-30
9316,5,1,"extra large (1-5/8"" dia)",27,g,1,2002-09-06,2006-11-30
9316,6,1,"large (1-3/8"" dia)",18,g,1,2002-09-06,2006-11-30
9316,7,1,"medium (1-1/4"" dia)",12,g,1,2002-09-06,2006-11-30
9316,8,1,"pint as purchased, yields",357,g,1,2002-09-06,2006-11-30
9316,9,1,"small (1"" dia)",7,g,1,2002-09-06,2006-11-30
9316,10,1,NLEA serving,147,g,1,2004-07-15,2006-11-30
9317,1,1,CUP,254,g,1,1994-01-31,2006-11-30
9318,1,1,"cup, thawed",221,g,1,1995-06-19,2006-11-30
9318,2,1,"cup, unthawed",149,g,1,1999-03-22,2006-11-30
9318,3,1,berry,10.6,g,1,2002-09-06,2006-11-30
9318,4,1,package (20 oz),567,g,1,2002-09-06,2006-11-30
9320,1,1,"cup, thawed",255,g,1,1994-01-31,2006-11-30
9320,2,1,package (10 oz),284,g,1,1997-08-29,2006-11-30
9321,1,1,"cup, pulp",250,g,1,1996-09-30,2006-11-30
9321,2,1,"fruit (2-7/8"" dia)",155,g,1,2002-09-06,2006-11-30
9322,1,1,"cup, pulp",120,g,1,1996-09-30,2006-11-30
9322,2,1,"fruit (3"" x 1"")",2,g,1,1998-01-15,2006-11-30
9325,1,1,CUP,257,g,1,1994-01-31,2006-11-30
9326,1,1,"cup, balls",154,g,1,1994-09-29,2006-11-30
9326,2,1,"cup, diced",152,g,1,1998-01-15,2006-11-30
9326,3,1,"melon (15"" long x 7-1/2"" dia)",4518,g,1,2002-09-06,2006-11-30
9326,4,1,wedge (approx 1/16 of melon),286,g,1,2002-09-06,2006-11-30
9326,5,10,watermelon balls,122,g,1,2002-09-06,2006-11-30
9326,6,1,NLEA serving,280,g,1,2004-07-15,2006-11-30
9328,1,1,cherry (NLEA serving),5,g,1,2013-12-23,2013-12-23
9334,1,1,"cup, pureed",243,g,1,2013-12-23,2013-12-23
9334,2,1,fruit without peel,42,g,1,2013-12-23,2013-12-23
9334,3,1,"cup 1/2"" chunks",205,g,1,2013-12-23,2013-12-23
9340,1,1,"fruit 2-1/4"" high x 2-1/2"" dia",122,g,1,2013-12-23,2013-12-23
9340,2,1,"fruit 3-3/8"" high x 3"" diameter",275,g,1,2013-12-23,2013-12-23
9351,1,1,CUP,214,g,1,1994-11-02,2006-11-30
9352,1,1,cup,244,g,1,2013-12-23,2013-12-23
9354,1,1,"cup, chunks",181,g,1,1994-11-02,2006-11-30
9354,2,1,"cup, crushed",195,g,1,1998-01-15,2006-11-30
9354,3,1,"cup, sliced",162,g,1,2004-07-15,2006-11-30
9354,5,1,spear,26,g,1,2004-07-15,2006-11-30
9357,1,1,"cup, halves",219,g,1,1994-11-02,2006-11-30
9357,2,1,"cup, whole",182,g,1,1998-01-15,2006-11-30
9367,1,1,CUP,179,g,1,1994-11-02,2009-02-11
9370,1,1,CUP,222,g,1,1994-11-02,2006-11-30
9370,2,1,half,73,g,1,2004-07-15,2006-11-30
9370,3,1,slice,12.7,g,1,2004-07-15,2006-11-30
9374,1,1,CUP,201,g,1,1994-11-02,2006-11-30
9374,2,1,half,48,g,1,2004-07-15,2006-11-30
9379,1,1,"cup, with pits, yields",183,g,1,1994-11-02,2006-11-30
9383,1,1,CUP,189,g,1,1998-01-15,2006-11-30
9400,1,1,CUP,248,g,1,1994-01-31,2006-11-30
9400,2,1,FL OZ,31,g,1,2002-09-06,2010-01-05
9401,1,1,cup,244,g,1,2013-12-23,2013-12-23
9402,1,1,cup,255,g,1,2013-12-23,2013-12-23
9404,1,1,cup,247,g,1,2013-12-23,2013-12-23
9404,2,1,fruit yields,196,g,1,2013-12-23,2013-12-23
9407,1,1,cup,220,g,1,1994-01-31,2019-02-13
9408,1,1,CUP,250,g,1,1994-01-31,2006-11-30
9408,2,1,FL OZ,31.2,g,1,2002-09-06,2010-01-05
9409,1,1,CUP,250,g,1,1994-01-31,2006-11-30
9409,2,1,FL OZ,31.3,g,1,2002-09-06,2010-01-05
9410,1,1,can (6 fl oz),211,g,1,2013-12-23,2013-12-23
9411,1,1,CUP,239,g,1,1994-01-31,2006-11-30
9411,2,1,FL OZ,29.9,g,1,2002-09-06,2010-01-05
9423,1,2,tbsp,36,g,1,2011-01-18,2011-01-18
9427,1,0.5,cup,114,g,1,2013-12-23,2013-12-23
9428,1,0.5,cup,114,g,1,2013-12-23,2013-12-23
9434,1,1,cup,251,g,1,2013-12-23,2013-12-23
9435,1,1,cup,251,g,1,2015-01-06,2015-01-06
9436,1,1,cup,251,g,1,2013-12-23,2013-12-23
9442,1,1,CUP,249,g,1,2009-01-25,2009-01-25
9442,2,1,FL OZ,31.4,g,1,2009-01-25,2010-01-05
9443,1,8,fl oz,250,g,1,2013-12-23,2013-12-23
9444,1,8,fl oz,250,g,1,2013-12-23,2013-12-23
9446,1,1,cup,118,g,1,2013-12-23,2013-12-23
9446,2,10,"slices (1/4"" thick)",53,g,1,2013-12-23,2013-12-23
9447,1,1,cup,169,g,1,2013-12-23,2013-12-23
9452,1,8,fl oz,246,g,1,2012-03-02,2012-03-02
9506,1,1,cup,249,g,1,2015-01-06,2015-01-06
9506,2,1,fl oz,31.1,g,1,2015-01-06,2015-01-06
9512,1,1,cup,253,g,1,2015-01-06,2015-01-06
9512,2,1,fl oz,31.6,g,1,2015-01-06,2015-01-06
9517,1,6,fl oz,177,g,1,2016-02-06,2016-02-06
9517,2,10,fl oz,295,g,1,2016-02-06,2016-02-06
9518,1,1,"cup, unthawed",140,g,1,2019-02-13,2019-02-13
9519,1,11.3,fl oz,335,g,1,2016-02-06,2016-02-06
9522,1,6.75,fl oz,200,g,1,2016-02-06,2016-02-06
9522,2,8,fl oz,240,g,1,2016-02-06,2016-02-06
9542,1,1,plantain,267,g,1,2019-02-13,2019-02-13
9543,1,1,cup,137,g,1,2019-02-13,2019-02-13
10000,1,3,oz,85,g,1,2013-12-23,2013-12-23
10001,1,1,oz,28.35,g,1,2013-12-23,2013-12-23
10001,2,1,lb,453.6,g,1,2013-12-23,2013-12-23
10002,1,4,oz,113,g,1,2013-12-23,2019-02-13
10002,2,1,lb,453.6,g,1,2013-12-23,2013-12-23
10003,1,1,oz,28.35,g,1,2013-12-23,2013-12-23
10003,2,1,lb,453.6,g,1,2013-12-23,2013-12-23
10004,1,4,oz,113,g,1,2013-12-23,2019-02-13
10004,2,1,lb,453.6,g,1,2013-12-23,2013-12-23
10005,1,4,oz,113,g,1,2013-12-23,2019-02-13
10005,2,1,lb,453.6,g,1,2013-12-23,2013-12-23
10006,1,1,oz,28.35,g,1,2013-12-23,2013-12-23
10006,2,4,oz,113,g,1,2013-12-23,2013-12-23
10007,1,3,oz,85,g,1,2013-12-23,2019-02-13
10007,2,1,oz,28.35,g,1,2013-12-23,2019-02-13
10008,1,4,oz,113,g,1,2013-12-23,2019-02-13
10008,2,1,lb,453.6,g,1,2013-12-23,2013-12-23
10009,1,1,"cup, diced",135,g,1,2013-12-23,2013-12-23
10009,2,3,oz,85,g,1,2013-12-23,2013-12-23
10010,1,4,oz,113,g,1,2013-12-23,2019-02-13
10010,2,1,lb,453.6,g,1,2013-12-23,2013-12-23
10011,1,1,"cup, diced",135,g,1,2013-12-23,2013-12-23
10011,2,3,oz,85,g,1,2013-12-23,2013-12-23
10012,1,4,oz,113,g,1,2001-07-04,2019-02-13
10012,2,1,lb,453.6,g,1,2002-09-06,2006-11-30
10013,1,1,"cup, diced",135,g,1,1998-01-15,2006-11-30
10013,2,3,oz,85,g,1,1996-09-30,2006-11-30
10014,1,4,oz,113,g,1,2013-12-23,2019-02-13
10014,2,1,lb,453.6,g,1,2013-12-23,2013-12-23
10014,3,1,roast,3952,g,1,2013-12-23,2013-12-23
10015,1,3,oz,85,g,1,2013-12-23,2013-12-23
10015,2,1,roast,3027,g,1,2013-12-23,2013-12-23
10016,1,4,oz,113,g,1,2001-07-04,2019-02-13
10016,2,1,lb,453.6,g,1,2013-12-23,2013-12-23
10016,3,1,roast,3868,g,1,2013-12-23,2013-12-23
10017,1,3,oz,85,g,1,1996-09-30,2013-12-26
10017,2,1,roast,2900,g,1,2013-12-23,2013-12-23
10018,1,4,oz,113,g,1,2013-12-23,2019-02-13
10018,2,1,lb,453.6,g,1,2013-12-23,2013-12-23
10018,3,1,roast,3868,g,1,2013-12-23,2013-12-23
10019,1,3,oz,85,g,1,2013-12-23,2013-12-23
10019,2,1,roast,2900,g,1,2013-12-23,2013-12-23
10020,1,4,oz,113,g,1,1997-08-29,2019-02-13
10020,2,1,"chop, excluding refuse (yield from 1 raw chop, with refuse, weighing 151 g)",117,g,1,1994-01-31,2006-11-30
10021,1,3,oz,85,g,1,2013-12-23,2013-12-23
10021,2,1,"chop, excluding refuse (yield from 1 raw chop, with refuse, weighing 151 g)",89,g,1,2013-12-23,2013-12-23
10022,1,3,oz,85,g,1,2013-12-23,2013-12-23
10022,2,1,"chop, excluding refuse (yield from 1 raw chop, with refuse, weighing 151 g)",87,g,1,2013-12-23,2013-12-23
10023,1,3,oz,85,g,1,2013-12-23,2013-12-23
10023,2,1,"chop, excluding refuse (yield from 1 raw chop, with refuse, weighing 151 g)",89,g,1,2013-12-23,2013-12-23
10024,1,4,oz,113,g,1,2013-12-23,2019-02-13
10024,2,1,"chop, excluding refuse (yield from 1 raw chop, with refuse, weighing 151 g)",106,g,1,2013-12-23,2013-12-23
10025,1,3,oz,85,g,1,2004-07-15,2006-11-30
10025,2,1,"chop, excluding refuse (yield from 1 raw chop, with refuse, weighing 151 g)",80,g,1,2004-07-15,2006-11-30
10026,1,3,oz,85,g,1,1994-11-17,2006-11-30
10026,2,1,"chop, excluding refuse (yield from 1 raw chop, with refuse, weighing 151 g)",79,g,1,1997-08-29,2006-11-30
10027,1,3,oz,85,g,1,2013-12-23,2013-12-23
10027,2,1,"chop, excluding refuse (yield from 1 raw chop, with refuse, weighing 151 g)",81,g,1,2013-12-23,2013-12-23
10028,1,4,oz,113,g,1,2013-12-23,2019-02-13
10028,2,1,chop,263,g,1,2013-12-23,2013-12-23
10029,1,3,oz,85,g,1,2013-12-23,2013-12-23
10029,2,1,chop,206,g,1,2013-12-23,2013-12-23
10030,1,3,oz,85,g,1,2013-12-23,2013-12-23
10030,2,1,chop,219,g,1,2013-12-23,2013-12-23
10031,1,3,oz,85,g,1,2013-12-23,2013-12-23
10031,2,1,roast,830,g,1,2013-12-23,2013-12-23
10032,1,4,oz,113,g,1,2013-12-23,2019-02-13
10032,2,1,chop,263,g,1,2013-12-23,2013-12-23
10033,1,3,oz,85,g,1,2013-12-23,2013-12-23
10033,2,1,chop,206,g,1,2013-12-23,2013-12-23
10034,1,3,oz,85,g,1,2013-12-23,2013-12-23
10034,2,1,chop,219,g,1,2013-12-23,2013-12-23
10035,1,3,oz,85,g,1,2013-12-23,2013-12-23
10035,2,1,roast,830,g,1,2013-12-23,2013-12-23
10036,1,4,oz,113,g,1,2013-12-23,2019-02-13
10036,2,1,"chop without refuse (Yield from 1 raw chop, with refuse, weighing 259g)",199,g,1,2013-12-23,2013-12-23
10037,1,3,oz,85,g,1,2013-12-23,2013-12-23
10037,2,1,chop,187,g,1,2013-12-23,2013-12-23
10038,1,3,oz,85,g,1,2013-12-23,2013-12-23
10038,2,1,"chop without refuse (Yield from 1 cooked chop, with refuse, weighing 209g)",157,g,1,2013-12-23,2013-12-23
10039,1,3,oz,85,g,1,2013-12-23,2013-12-23
10039,2,1,roast,900,g,1,2013-12-23,2013-12-23
10040,1,4,oz,113,g,1,2013-12-23,2019-02-13
10040,2,1,"chop without refuse (Yield from 1 raw chop, with refuse, weighing 259g)",178,g,1,2013-12-23,2013-12-23
10041,1,3,oz,85,g,1,2013-12-23,2013-12-23
10041,2,1,chop,187,g,1,2013-12-23,2013-12-23
10042,1,1,"chop without refuse (Yield from 1 cooked chop, with refuse, weighing 209g)",146,g,1,2013-12-23,2013-12-23
10042,2,3,oz,85,g,1,2013-12-23,2013-12-23
10043,1,3,oz,85,g,1,2013-12-23,2013-12-23
10043,2,1,roast,900,g,1,2013-12-23,2013-12-23
10044,1,4,oz,113,g,1,2013-12-23,2019-02-13
10044,2,1,"chop without refuse (Yield from 1 raw chop, with refuse, weighing 201g)",133,g,1,2013-12-23,2019-02-13
10044,3,1,lb,453.6,g,1,2019-02-13,2019-02-13
10045,1,3,oz,85,g,1,2013-12-23,2013-12-23
10045,2,1,chop,187,g,1,2013-12-23,2013-12-23
10046,1,1,"chop without refuse (Yield from 1 cooked chop, with refuse, weighing 172g)",112,g,1,2013-12-23,2013-12-23
10046,2,3,oz,85,g,1,2013-12-23,2013-12-23
10047,1,3,oz,85,g,1,2013-12-23,2013-12-23
10047,2,1,roast,783,g,1,2013-12-23,2013-12-23
10048,1,4,oz,113,g,1,2013-12-23,2019-02-13
10048,2,1,"chop, excluding refuse (yield from 1 raw chop, with refuse, weighing 151 g)",86,g,1,2013-12-23,2013-12-23
10049,1,3,oz,85,g,1,2013-12-23,2013-12-23
10049,2,1,chop,187,g,1,2013-12-23,2013-12-23
10050,1,3,oz,85,g,1,2013-12-23,2013-12-23
10050,2,1,"chop, excluding refuse (yield from 1 raw chop, with refuse, weighing 151 g)",67,g,1,2013-12-23,2013-12-23
10051,1,3,oz,85,g,1,2013-12-23,2013-12-23
10051,2,1,roast,783,g,1,2013-12-23,2013-12-23
10052,1,4,oz,113,g,1,2013-12-23,2019-02-13
10052,2,1,lb,453.6,g,1,2013-12-23,2013-12-23
10052,3,1,"roast without refuse (Yield from 1 raw roast, with refuse, weighing 1817g)",1327,g,1,2013-12-23,2013-12-23
10053,1,3,oz,85,g,1,2013-12-23,2013-12-23
10053,2,1,chop,180,g,1,2013-12-23,2013-12-23
10054,1,3,oz,85,g,1,2013-12-23,2013-12-23
10054,2,1,chop,195,g,1,2013-12-23,2013-12-23
10055,1,3,oz,85,g,1,2013-12-23,2013-12-23
10055,2,1,"roast without refuse (Yield from 1 cooked roast, with refuse, weighing 1515g)",1046,g,1,2013-12-23,2013-12-23
10057,1,3,oz,85,g,1,2013-12-23,2013-12-23
10057,2,1,chop,180,g,1,2013-12-23,2013-12-23
10058,1,3,oz,85,g,1,2013-12-23,2013-12-23
10058,2,1,chop,195,g,1,2013-12-23,2013-12-23
10059,1,3,"oz (Yield from 1 cooked roast, with refuse, weighing 1515g)",85,g,1,2013-12-23,2013-12-23
10059,2,1,roast without refuse,985,g,1,2013-12-23,2013-12-23
10060,1,4,oz,113,g,1,2013-12-23,2019-02-13
10060,2,1,lb,453.6,g,1,2013-12-23,2013-12-23
10060,3,1,roast,505,g,1,2013-12-23,2013-12-23
10061,1,3,oz,85,g,1,2013-12-23,2013-12-23
10061,2,1,"piece, cooked, excluding refuse (yield from 1 lb raw meat with refuse)",333,g,1,2013-12-23,2013-12-23
10061,3,1,roast,402,g,1,2013-12-23,2013-12-23
10062,1,4,oz,113,g,1,2013-12-23,2019-02-13
10062,2,1,chop,185,g,1,2013-12-23,2013-12-23
10063,1,1,chop,135,g,1,2013-12-23,2013-12-23
10064,1,1,chop,145,g,1,2013-12-23,2013-12-23
10064,2,3,oz,85,g,1,2013-12-23,2013-12-23
10065,1,3,oz,85,g,1,2013-12-23,2013-12-23
10065,2,1,roast,848,g,1,2013-12-23,2013-12-23
10066,1,4,oz,113,g,1,2013-12-23,2019-02-13
10066,2,1,chop,185,g,1,2013-12-23,2013-12-23
10066,3,1,lb,453.6,g,1,2013-12-23,2013-12-23
10067,1,1,chop,135,g,1,2013-12-23,2013-12-23
10068,1,1,chop,145,g,1,2013-12-23,2013-12-23
10069,1,3,oz,85,g,1,2013-12-23,2013-12-23
10070,1,4,oz,113,g,1,2013-12-23,2019-02-13
10070,2,1,lb,453.6,g,1,2013-12-23,2013-12-23
10071,1,1,"cup, diced",135,g,1,2013-12-23,2013-12-23
10071,2,3,oz,85,g,1,2013-12-23,2013-12-23
10072,1,1,oz,28.35,g,1,2013-12-23,2013-12-23
10072,2,1,lb,453.6,g,1,2013-12-23,2013-12-23
10073,1,1,"cup, diced",135,g,1,2013-12-23,2013-12-23
10073,2,3,oz,85,g,1,2013-12-23,2013-12-23
10074,1,4,oz,113,g,1,1996-09-30,2019-02-13
10074,2,1,roast,2745,g,1,2013-12-23,2013-12-23
10075,1,3,oz,85,g,1,2013-12-23,2013-12-23
10075,2,1,roast,2252,g,1,2013-12-23,2013-12-23
10076,1,1,"cup, diced",135,g,1,1996-09-30,2006-11-30
10076,2,3,oz,85,g,1,2002-09-06,2006-11-30
10077,1,4,oz,113,g,1,2013-12-23,2019-02-13
10077,2,1,roast,2745,g,1,2013-12-23,2013-12-23
10078,1,3,oz,85,g,1,2013-12-23,2013-12-23
10078,2,1,roast,2252,g,1,2013-12-23,2013-12-23
10079,1,3,oz,85,g,1,2013-12-23,2013-12-23
10079,2,1,"piece, cooked, excluding refuse (yield from 1 lb raw meat with refuse)",191,g,1,2013-12-23,2013-12-23
10080,1,4,oz,113,g,1,2013-12-23,2019-02-13
10080,2,1,"steak without refuse (Yield from 1 raw steak, with refuse, weighing 380g)",288,g,1,2013-12-23,2013-12-23
10080,3,1,lb,453.6,g,1,2013-12-23,2013-12-23
10081,1,3,oz,85,g,1,2013-12-23,2013-12-23
10081,2,1,"steak without refuse (Yield from 1 cooked steak, with refuse, weighing 249g)",185,g,1,2013-12-23,2013-12-23
10082,1,3,oz,85,g,1,2013-12-23,2013-12-23
10082,2,1,"steak, excluding refuse (yield from 1 raw steak, with refuse, weighing 300 g)",169,g,1,2013-12-23,2013-12-23
10083,1,3,oz,85,g,1,2013-12-23,2013-12-23
10083,2,1,"piece, cooked, excluding refuse (yield from 1 lb raw meat with refuse)",262,g,1,2013-12-23,2013-12-23
10084,1,4,oz,113,g,1,2013-12-23,2019-02-13
10084,2,1,"steak without refuse (Yield from 1 raw steak, with refuse, weighing 379g)",258,g,1,2013-12-23,2013-12-23
10085,1,3,oz,85,g,1,2013-12-23,2013-12-23
10085,2,1,steak,249,g,1,2013-12-23,2013-12-23
10086,1,3,oz,85,g,1,2013-12-23,2013-12-23
10086,2,1,"steak, excluding refuse (yield from 1 raw steak, with refuse, weighing 300 g)",147,g,1,2013-12-23,2013-12-23
10087,1,3,oz,85,g,1,2013-12-23,2013-12-23
10087,2,1,"piece, cooked, excluding refuse (yield from 1 lb raw meat with refuse)",238,g,1,2013-12-23,2013-12-23
10088,1,4,oz,113,g,1,2013-12-23,2019-02-13
10089,1,3,oz,85,g,1,2013-12-23,2013-12-23
10089,2,1,"piece, cooked, excluding refuse (yield from 1 lb raw meat with refuse)",177,g,1,2013-12-23,2013-12-23
10093,1,3,oz,85,g,1,2004-07-15,2013-12-26
10093,2,1,"piece, cooked, excluding refuse (yield from 1 lb raw meat with refuse)",231,g,1,2004-07-15,2013-12-26
10094,1,4,oz,113,g,1,2015-01-06,2019-02-13
10094,2,1,chop,170,g,1,2016-02-06,2016-02-06
10096,1,1,oz,28.35,g,1,2013-12-23,2013-12-23
10096,2,4,oz,113,g,1,2013-12-23,2013-12-23
10097,1,3,oz,85,g,1,2013-12-23,2013-12-23
10098,1,4,oz,113,g,1,2013-12-23,2019-02-13
10099,1,3,oz,85,g,1,2013-12-23,2013-12-23
10100,1,1,oz,28.35,g,1,2013-12-23,2013-12-23
10100,2,1,ear,113,g,1,2013-12-23,2013-12-23
10101,1,1,ear (yield after cooking),111,g,1,2013-12-23,2013-12-23
10101,2,1,"unit, cooked (yield from 1 lb raw meat)",422,g,1,2013-12-23,2013-12-23
10102,1,4,oz,113,g,1,2013-12-23,2019-02-13
10103,1,1,oz,28.35,g,1,2013-12-23,2013-12-23
10103,2,1,heart,226,g,1,2013-12-23,2013-12-23
10104,1,1,cup,145,g,1,2013-12-23,2013-12-23
10104,2,1,heart,129,g,1,2013-12-23,2013-12-23
10105,1,1,oz,28.35,g,1,2013-12-23,2013-12-23
10105,2,4,oz,113,g,1,2013-12-23,2013-12-23
10106,1,4,oz,113,g,1,2013-12-23,2019-02-13
10106,2,1,kidney,233,g,1,2013-12-23,2013-12-23
10107,1,1,cup,140,g,1,2013-12-23,2013-12-23
10107,2,3,oz,85,g,1,2013-12-23,2013-12-23
10109,1,1,oz,28.35,g,1,2013-12-23,2013-12-23
10109,2,4,oz,113,g,1,2013-12-23,2013-12-23
10110,1,1,oz,28.35,g,1,2013-12-23,2013-12-23
10110,2,4,oz,113,g,1,2013-12-23,2013-12-23
10111,1,3,oz,85,g,1,2013-12-23,2013-12-23
10112,1,1,oz,28.35,g,1,2013-12-23,2013-12-23
10112,2,1,lb,453.6,g,1,2013-12-23,2013-12-23
10113,1,3,oz,85,g,1,2013-12-23,2013-12-23
10114,1,1,oz,28.35,g,1,2013-12-23,2013-12-23
10114,2,1,lb,453.6,g,1,2013-12-23,2013-12-23
10115,1,1,oz,28.35,g,1,2013-12-23,2013-12-23
10115,2,4,oz,113,g,1,2013-12-23,2013-12-23
10116,1,3,oz,85,g,1,2013-12-23,2013-12-23
10117,1,1,oz,28.35,g,1,2013-12-23,2013-12-23
10117,2,4,oz,113,g,1,2013-12-23,2013-12-23
10118,1,3,oz,85,g,1,2013-12-23,2013-12-23
10119,1,1,oz,28.35,g,1,2013-12-23,2013-12-23
10119,2,4,oz,113,g,1,2013-12-23,2013-12-23
10120,1,3,oz,85,g,1,2013-12-23,2013-12-23
10120,2,1,chop,215,g,1,2013-12-23,2013-12-23
10121,1,1,oz,28.35,g,1,2013-12-23,2013-12-23
10121,2,4,oz,113,g,1,2013-12-23,2013-12-23
10122,1,3,oz,85,g,1,2013-12-23,2013-12-23
10122,2,1,"piece, cooked, excluding refuse (yield from 1 lb raw meat with refuse)",231,g,1,2013-12-23,2013-12-23
10123,1,4,oz,113,g,1,2013-12-23,2019-02-13
10123,2,1,slice raw,28,g,1,2013-12-23,2019-02-13
10123,3,1,package,442,g,1,2019-02-13,2019-02-13
10128,1,3,oz,85,g,1,2013-12-23,2013-12-23
10128,2,3,slices,68,g,1,2013-12-23,2013-12-23
10128,3,1,package (12 oz),340,g,1,2013-12-23,2013-12-23
10130,1,3,oz,85,g,1,1997-08-29,2013-12-26
10130,2,2,slices (6 per 6-oz pkg.),57,g,1,1994-11-02,2006-11-30
10130,3,1,package (6 oz),170,g,1,2013-12-23,2013-12-23
10132,1,3,oz,85,g,1,2013-12-23,2019-02-13
10132,2,1,lb,453.6,g,1,2013-12-23,2013-12-23
10134,1,1,CUP,140,g,1,1997-08-29,2006-11-30
10134,2,3,oz,85,g,1,1994-09-29,2006-11-30
10136,1,1,CUP,140,g,1,1998-01-15,2006-11-30
10136,2,3,oz,85,g,1,1997-08-29,2006-11-30
10137,1,3,oz,85,g,1,2013-12-23,2019-02-13
10137,2,1,cup,140,g,1,2013-12-23,2019-02-13
10138,1,1,cup,140,g,1,2013-12-23,2013-12-23
10138,2,3,oz,85,g,1,2013-12-23,2013-12-23
10140,1,1,cup,140,g,1,2013-12-23,2013-12-23
10140,2,3,oz,85,g,1,2013-12-23,2013-12-23
10141,1,1,oz,28.35,g,1,2013-12-23,2013-12-23
10141,2,4,oz,113,g,1,2013-12-23,2013-12-23
10142,1,1,oz,28.35,g,1,2013-12-23,2013-12-23
10142,2,4,oz,113,g,1,2013-12-23,2013-12-23
10146,1,1,oz,28.35,g,1,2013-12-23,2013-12-23
10146,2,1,patty,65,g,1,2013-12-23,2013-12-23
10149,1,1,oz,28.35,g,1,2013-12-23,2013-12-23
10149,2,1,slice,57,g,1,2013-12-23,2013-12-23
10150,1,1,cup,140,g,1,2013-12-23,2013-12-23
10150,2,1,oz,28.35,g,1,2013-12-23,2013-12-23
10152,1,3,oz,85,g,1,1996-09-30,2019-02-13
10152,2,1,cup,140,g,1,1998-01-15,2019-02-13
10153,1,1,CUP,140,g,1,1996-09-30,2006-11-30
10153,2,3,oz,85,g,1,1998-01-15,2006-11-30
10163,1,3,oz,85,g,1,2015-01-06,2019-02-13
10163,2,1,chop,137,g,1,2016-02-06,2016-02-06
10164,1,4,oz,113,g,1,2015-01-06,2019-02-13
10164,2,1,chop,170,g,1,2016-02-06,2016-02-06
10165,1,4,oz,113,g,1,2013-12-23,2019-02-13
10165,2,8,oz,227,g,1,2013-12-23,2013-12-23
10166,1,1,oz,28.35,g,1,1996-09-30,2006-11-30
10166,2,3,oz,85,g,1,2007-11-28,2007-11-28
10167,1,1,oz,28.35,g,1,1996-09-30,2006-11-30
10167,2,3,oz,85,g,1,2007-11-28,2007-11-28
10168,1,1,CUP,140,g,1,1996-09-30,2006-11-30
10168,2,3,oz,85,g,1,1998-01-15,2006-11-30
10169,1,1,CUP,140,g,1,1996-09-30,2006-11-30
10169,2,3,oz,85,g,1,1998-01-15,2006-11-30
10170,1,1,oz,28.35,g,1,2013-12-23,2013-12-23
10170,2,4,oz,113,g,1,2013-12-23,2013-12-23
10171,1,3,oz,85,g,1,2013-12-23,2013-12-23
10171,2,1,"piece, cooked (yield from 1 lb unheated product)",376,g,1,2013-12-23,2013-12-23
10173,1,3,oz,85,g,1,2013-12-23,2013-12-23
10174,1,1,oz,28.35,g,1,2013-12-23,2013-12-23
10174,2,4,oz,113,g,1,2013-12-23,2013-12-23
10175,1,3,oz,85,g,1,2013-12-23,2013-12-23
10175,2,1,"piece, cooked, excluding refuse (yield from 1 lb raw meat with refuse)",275,g,1,2013-12-23,2013-12-23
10176,1,3,oz,85,g,1,2013-12-23,2013-12-23
10176,2,1,chop,172,g,1,2013-12-23,2013-12-23
10177,1,3,oz,85,g,1,2013-12-23,2013-12-23
10177,2,1,chop,169,g,1,2013-12-23,2013-12-23
10178,1,3,oz,85,g,1,2013-12-23,2013-12-23
10178,2,1,chop,215,g,1,2013-12-23,2013-12-23
10179,1,3,oz,85,g,1,2013-12-23,2013-12-23
10179,2,1,chop,172,g,1,2013-12-23,2013-12-23
10180,1,3,oz,85,g,1,2013-12-23,2013-12-23
10180,2,1,chop,169,g,1,2013-12-23,2013-12-23
10181,1,1,chop,142,g,1,2013-12-23,2013-12-23
10181,2,3,oz,85,g,1,2013-12-23,2015-01-07
10182,1,3,oz,85,g,1,2013-12-23,2019-02-13
10182,2,1,cup,140,g,1,2013-12-23,2019-02-13
10182,3,1,"slice (6-1/4"" x 4"" x 1/16"") (1 oz)",28,g,1,2019-02-13,2019-02-13
10183,1,1,cup,140,g,1,2013-12-23,2013-12-23
10183,2,3,oz,85,g,1,2013-12-23,2013-12-23
10184,1,3,oz,85,g,1,2013-12-23,2019-02-13
10184,2,1,cup,140,g,1,2013-12-23,2019-02-13
10185,1,1,cup,140,g,1,2013-12-23,2013-12-23
10185,2,3,oz,85,g,1,2013-12-23,2013-12-23
10186,1,3,oz,85,g,1,2013-12-23,2019-02-13
10186,2,1,chop,142,g,1,2019-02-13,2019-02-13
10187,1,1,oz,28.35,g,1,2001-07-04,2006-11-30
10187,2,1,lb,453.6,g,1,2002-09-06,2006-11-30
10188,1,3,oz,85,g,1,1998-01-15,2013-12-26
10188,2,1,"piece, cooked, excluding refuse (yield from 1 lb raw meat with refuse)",247,g,1,2002-09-06,2013-12-26
10189,1,3,oz,85,g,1,2015-01-06,2016-02-06
10189,2,1,chop,137,g,1,2016-02-06,2016-02-06
10192,1,4,oz,113,g,1,2013-12-23,2019-02-13
10193,1,3,oz,85,g,1,2013-12-23,2013-12-23
10194,1,4,oz,113,g,1,2013-12-23,2019-02-13
10194,2,1,"chop, excluding refuse (yield from 1 raw chop, with refuse, weighing 113 g)",101,g,1,2013-12-23,2013-12-23
10195,1,3,oz,85,g,1,2013-12-23,2013-12-23
10195,2,1,"chop, excluding refuse (yield from 1 raw chop, with refuse, weighing 113 g)",81,g,1,2013-12-23,2013-12-23
10196,1,3,oz,85,g,1,2013-12-23,2013-12-23
10196,2,1,"chop, excluding refuse (yield from 1 raw chop, with refuse, weighing 113 g)",80,g,1,2013-12-23,2013-12-23
10197,1,3,oz,85,g,1,2013-12-23,2013-12-23
10197,2,1,"chop, excluding refuse (yield from 1 raw chop, with refuse, weighing 113 g)",75,g,1,2013-12-23,2013-12-23
10198,1,3,oz,85,g,1,2013-12-23,2013-12-23
10198,2,1,"piece, cooked, excluding refuse (yield from 1 lb raw meat with refuse)",317,g,1,2013-12-23,2013-12-23
10199,1,4,oz,113,g,1,2013-12-23,2019-02-13
10199,2,1,"chop, excluding refuse (yield from 1 raw chop, with refuse, weighing 113 g)",88,g,1,2013-12-23,2013-12-23
10200,1,3,oz,85,g,1,2013-12-23,2013-12-23
10200,2,1,"chop, excluding refuse (yield from 1 raw chop, with refuse, weighing 113 g)",72,g,1,2013-12-23,2013-12-23
10201,1,3,oz,85,g,1,2013-12-23,2013-12-23
10201,2,1,"chop, excluding refuse (yield from 1 raw chop, with refuse, weighing 113 g)",71,g,1,2013-12-23,2013-12-23
10202,1,3,oz,85,g,1,2013-12-23,2013-12-23
10202,2,1,"chop, excluding refuse (yield from 1 raw chop, with refuse, weighing 113 g)",66,g,1,2013-12-23,2013-12-23
10203,1,3,oz,85,g,1,2013-12-23,2013-12-23
10203,2,1,"piece, cooked, excluding refuse (yield from 1 lb raw meat with refuse)",283,g,1,2013-12-23,2013-12-23
10204,1,4,oz,113,g,1,2013-12-23,2019-02-13
10204,2,1,"rib without refuse (Yield from 1 raw rib, with refuse, weighing 196g)",128,g,1,2013-12-23,2019-02-13
10205,1,1,"rib without refuse (Yield from 1 cooked rib, with refuse, weighing 140g)",86,g,1,2013-12-23,2013-12-23
10205,2,3,oz,85,g,1,2013-12-23,2013-12-23
10206,1,1,rack,138,g,1,2013-12-23,2013-12-23
10207,1,4,oz,113,g,1,2013-12-23,2019-02-13
10207,2,1,rib,197,g,1,2013-12-23,2013-12-23
10208,1,1,"rib without refuse (yield from 1 cooked rib, with refuse, weighing 141g)",80,g,1,2013-12-23,2013-12-23
10208,2,3,oz,85,g,1,2013-12-23,2013-12-23
10209,1,1,rack,138,g,1,2013-12-23,2013-12-23
10210,1,4,oz,113,g,1,2013-12-23,2019-02-13
10210,2,1,chop,210,g,1,2013-12-23,2013-12-23
10211,1,3,oz,85,g,1,2013-12-23,2013-12-23
10211,2,1,"chop, excluding refuse (yield from 1 raw chop, with refuse, weighing 113 g)",82,g,1,2013-12-23,2013-12-23
10212,1,3,oz,85,g,1,2013-12-23,2013-12-23
10212,2,1,chop,159,g,1,2013-12-23,2013-12-23
10213,1,3,oz,85,g,1,2013-12-23,2013-12-23
10213,2,1,roast,638,g,1,2013-12-23,2013-12-23
10214,1,4,oz,113,g,1,2013-12-23,2019-02-13
10214,2,1,chop,210,g,1,2013-12-23,2013-12-23
10215,1,3,oz,85,g,1,2013-12-23,2013-12-23
10215,2,1,chop,161,g,1,2013-12-23,2013-12-23
10216,1,3,oz,85,g,1,2013-12-23,2013-12-23
10216,2,1,chop,159,g,1,2013-12-23,2013-12-23
10217,1,3,oz,85,g,1,2013-12-23,2013-12-23
10217,2,1,roast,638,g,1,2013-12-23,2013-12-23
10218,1,4,oz,113,g,1,2013-12-23,2019-02-13
10218,2,1,"roast (Yield from 1 raw roast, with refuse, weighing 504g)",505,g,1,2013-12-23,2013-12-23
10219,1,1,oz,28.35,g,1,1999-03-22,2006-11-30
10219,2,4,oz,113,g,1,2007-11-28,2007-11-28
10220,1,3,oz,85,g,1,1996-09-30,2013-12-26
10221,1,3,oz,85,g,1,2013-12-23,2013-12-23
10221,2,1,"chop, excluding refuse (yield from 1 raw chop, with refuse, weighing 113 g)",76,g,1,2013-12-23,2013-12-23
10222,1,3,oz,85,g,1,2013-12-23,2013-12-23
10222,2,1,roast,402,g,1,2013-12-23,2013-12-23
10223,1,3,oz,85,g,1,2013-12-23,2013-12-23
10223,2,1,"chop, excluding refuse (yield from 1 raw chop, with refuse, weighing 113 g)",73,g,1,2013-12-23,2013-12-23
10224,1,4,oz,113,g,1,2013-12-23,2019-02-13
10224,2,1,roast,2195,g,1,2013-12-23,2013-12-23
10225,1,4,oz,113,g,1,2013-12-23,2019-02-13
10225,2,1,roast,2195,g,1,2013-12-23,2013-12-23
10226,1,1,oz,28.35,g,1,2013-12-23,2013-12-23
10226,2,1,lb,453.6,g,1,2013-12-23,2013-12-23
10227,1,3,oz,85,g,1,2013-12-23,2013-12-23
10227,2,1,"piece, cooked, excluding refuse (yield from 1 lb raw meat with refuse)",261,g,1,2013-12-23,2013-12-23
10228,1,1,oz,28.35,g,1,2013-12-23,2013-12-23
10228,2,1,lb,453.6,g,1,2013-12-23,2013-12-23
10229,1,3,oz,85,g,1,2013-12-23,2013-12-23
10229,2,1,"piece, cooked, excluding refuse (yield from 1 lb raw meat with refuse)",236,g,1,2013-12-23,2013-12-23
10858,1,3,oz,85,g,1,2013-12-23,2019-02-13
10858,2,1,chop boneless,150,g,1,2019-02-13,2019-02-13
10859,1,3,oz,85,g,1,2013-12-23,2019-02-13
10859,2,1,chop boneless (yield from 189g raw meat),150,g,1,2019-02-13,2019-02-13
10860,1,3,oz,85,g,1,2013-12-23,2019-02-13
10860,2,1,slice cooked,8.1,g,1,2019-02-13,2019-02-13
10861,1,1,slice cooked,9.1,g,1,2013-12-23,2013-12-23
10862,1,3,oz,85,g,1,2013-12-23,2019-02-13
10862,2,1,slice,11.5,g,1,2019-02-13,2019-02-13
10863,1,3,oz,85,g,1,2013-12-23,2013-12-23
10864,1,3,oz,85,g,1,2013-12-23,2013-12-23
10865,1,3,serving (3 oz),85,g,1,2013-12-23,2019-02-13
10865,2,1,roast rump,2970,g,1,2013-12-23,2013-12-23
10866,1,3,oz,85,g,1,2013-12-23,2013-12-23
10867,1,3,oz (3 oz),85,g,1,2013-12-23,2019-02-13
10867,2,1,roast shank,3054,g,1,2013-12-23,2013-12-23
10868,1,3,oz (3 oz),85,g,1,2013-12-23,2019-02-13
10868,2,1,slice,436,g,1,2013-12-23,2013-12-23
10869,1,3,oz (3 oz),85,g,1,2013-12-23,2019-02-13
10869,2,1,slice,446,g,1,2013-12-23,2013-12-23
10870,1,3,oz (3 oz),85,g,1,2013-12-23,2019-02-13
10870,2,1,slice,138,g,1,2013-12-23,2019-02-13
10871,1,3,oz,85,g,1,2013-12-23,2019-02-13
10871,2,1,serving (3 oz),85,g,1,2013-12-23,2019-02-13
10871,3,1,roast,1995,g,1,2019-02-13,2019-02-13
10872,1,3,oz,85,g,1,2013-12-23,2013-12-23
10873,1,3,oz (3 oz),85,g,1,2013-12-23,2019-02-13
10873,2,1,roast rump,2673,g,1,2013-12-23,2013-12-23
10874,1,1,serving (3 oz),85,g,1,2013-12-23,2013-12-23
10874,2,1,roast shank,3170,g,1,2013-12-23,2013-12-23
10875,1,3,oz (3 oz),85,g,1,2013-12-23,2019-02-13
10875,2,1,slice,445,g,1,2013-12-23,2013-12-23
10876,1,3,oz,85,g,1,2013-12-23,2019-02-13
10876,2,1,slice,145,g,1,2013-12-23,2019-02-13
10876,3,1,roast,920,g,1,2013-12-23,2019-02-13
10876,4,1,serving (3 oz),85,g,1,2019-02-13,2019-02-13
10877,1,3,oz (3 oz),85,g,1,2013-12-23,2019-02-13
10877,2,1,roast rump,2533,g,1,2013-12-23,2013-12-23
10878,1,3,oz (3 oz),85,g,1,2013-12-23,2019-02-13
10878,2,1,slice,189,g,1,2013-12-23,2013-12-23
10879,1,3,oz,85,g,1,2013-12-23,2013-12-23
10879,2,1,roast whole,1867,g,1,2013-12-23,2013-12-23
10880,1,3,oz,85,g,1,2013-12-23,2013-12-23
10881,1,3,oz (3 oz),85,g,1,2013-12-23,2019-02-13
10881,2,1,roast shank,3204,g,1,2013-12-23,2013-12-23
10882,1,3,oz (3 oz),85,g,1,2013-12-23,2019-02-13
10882,2,1,slice,277,g,1,2013-12-23,2013-12-23
10883,1,3,oz (3 oz),85,g,1,2013-12-23,2019-02-13
10883,2,1,roast,1497,g,1,2013-12-23,2013-12-23
10884,1,3,oz,85,g,1,2013-12-23,2019-02-13
10884,2,1,lb,453.6,g,1,2013-12-23,2013-12-23
10885,1,3,oz,85,g,1,2013-12-23,2013-12-23
10886,1,3,oz,85,g,1,2013-12-23,2013-12-23
10887,1,3,oz,85,g,1,2013-12-23,2019-02-13
10887,2,1,lb,453.6,g,1,2013-12-23,2013-12-23
10888,1,3,oz,85,g,1,2013-12-23,2013-12-23
10889,1,3,oz,85,g,1,2013-12-23,2013-12-23
10890,1,3,oz,85,g,1,2013-12-23,2013-12-23
10891,1,3,oz,85,g,1,2013-12-23,2013-12-23
10892,1,3,oz,85,g,1,2013-12-23,2013-12-23
10892,2,1,slice,430,g,1,2013-12-23,2013-12-23
10893,1,3,oz spiral slice,85,g,1,2013-12-23,2019-02-13
10893,2,1,lb spiral slice,453.6,g,1,2013-12-23,2013-12-23
10894,1,3,oz,85,g,1,2013-12-23,2013-12-23
10895,1,3,oz,85,g,1,2013-12-23,2019-02-13
10898,1,3,oz,117,g,1,2013-12-23,2013-12-23
10899,1,3,oz (3 oz),85,g,1,2013-12-23,2019-02-13
10899,2,1,slice,366,g,1,2013-12-23,2013-12-23
10900,1,3,oz whole,85,g,1,2013-12-23,2019-02-13
10900,2,1,lb whole,453.6,g,1,2013-12-23,2013-12-23
10901,1,3,oz spiral slice,85,g,1,2013-12-23,2019-02-13
10901,2,1,lb spiral slice,453.6,g,1,2013-12-23,2013-12-23
10902,1,3,oz,85,g,1,2013-12-23,2013-12-23
10903,1,3,oz shank,85,g,1,2013-12-23,2019-02-13
10903,2,1,lb shank,453.6,g,1,2013-12-23,2013-12-23
10904,1,3,oz rump,85,g,1,2013-12-23,2019-02-13
10904,2,1,lb rump,453.6,g,1,2013-12-23,2013-12-23
10905,1,3,oz whole,85,g,1,2013-12-23,2019-02-13
10905,2,1,lb whole,453.6,g,1,2013-12-23,2013-12-23
10906,1,3,oz,85,g,1,2013-12-23,2019-02-13
10906,2,1,lb,453.6,g,1,2013-12-23,2013-12-23
10907,1,3,oz shank,85,g,1,2013-12-23,2019-02-13
10907,2,1,lb shank,453.6,g,1,2013-12-23,2013-12-23
10908,1,3,oz rump,85,g,1,2013-12-23,2019-02-13
10908,2,1,lb rump,453.6,g,1,2013-12-23,2013-12-23
10909,1,3,oz whole,85,g,1,2013-12-23,2019-02-13
10909,2,1,lb whole,453.6,g,1,2013-12-23,2013-12-23
10910,1,3,oz,85,g,1,2013-12-23,2019-02-13
10910,2,1,lb,453.6,g,1,2013-12-23,2013-12-23
10911,1,3,oz,85,g,1,2013-12-23,2019-02-13
10911,2,1,lb,453.6,g,1,2013-12-23,2013-12-23
10912,1,3,oz,85,g,1,2013-12-23,2019-02-13
10912,2,1,lb,453.6,g,1,2013-12-23,2013-12-23
10913,1,3,oz (3 oz),85,g,1,2013-12-23,2019-02-13
10913,2,1,roast rump,2970,g,1,2013-12-23,2013-12-23
10914,1,3,oz (3 oz),85,g,1,2013-12-23,2019-02-13
10914,2,1,roast shank,3054,g,1,2013-12-23,2013-12-23
10915,1,3,oz (3 oz),85,g,1,2013-12-23,2019-02-13
10915,2,1,slice,436,g,1,2013-12-23,2013-12-23
10916,1,3,oz (3 oz),85,g,1,2013-12-23,2019-02-13
10916,2,1,slice,189,g,1,2013-12-23,2013-12-23
10917,1,3,oz (3 oz),85,g,1,2013-12-23,2019-02-13
10917,2,1,roast,1867,g,1,2013-12-23,2013-12-23
10918,1,3,oz (3 oz),85,g,1,2013-12-23,2019-02-13
10918,2,1,roast rump,2533,g,1,2013-12-23,2013-12-23
10919,1,3,oz (3 oz),85,g,1,2013-12-23,2019-02-13
10919,2,1,roast shank,3204,g,1,2013-12-23,2013-12-23
10920,1,3,oz (3 oz),85,g,1,2013-12-23,2019-02-13
10920,2,1,slice,446,g,1,2013-12-23,2013-12-23
10921,1,3,oz (3 oz),85,g,1,2013-12-23,2019-02-13
10921,2,1,slice,136,g,1,2013-12-23,2019-02-13
10922,1,3,oz (3 oz),85,g,1,2013-12-23,2019-02-13
10922,2,1,roast,1995,g,1,2013-12-23,2013-12-23
10923,1,3,oz (3 oz),85,g,1,2013-12-23,2019-02-13
10923,2,1,roast rump,2673,g,1,2013-12-23,2013-12-23
10924,1,3,oz (3 oz),85,g,1,2013-12-23,2019-02-13
10924,2,1,roast shank,3170,g,1,2013-12-23,2013-12-23
10925,1,3,oz (3 oz),85,g,1,2013-12-23,2019-02-13
10925,2,1,slice,445,g,1,2013-12-23,2013-12-23
10926,1,3,oz (3 oz),85,g,1,2013-12-23,2019-02-13
10926,2,1,slice,277,g,1,2013-12-23,2013-12-23
10927,1,1,slice,145,g,1,2013-12-23,2013-12-23
10927,2,1,roast,920,g,1,2013-12-23,2013-12-23
10927,3,3,oz (3 oz),85,g,1,2013-12-23,2019-02-13
10928,1,3,oz (3 oz),85,g,1,2013-12-23,2019-02-13
10928,2,1,roast,1497,g,1,2013-12-23,2013-12-23
10929,1,3,oz (3 oz),85,g,1,2013-12-23,2019-02-13
10929,2,1,roast rump,2874,g,1,2013-12-23,2013-12-23
10931,1,3,oz (3 oz),85,g,1,2013-12-23,2019-02-13
10931,2,1,roast rump,2874,g,1,2013-12-23,2013-12-23
10932,1,3,oz,85,g,1,2013-12-23,2019-02-13
10932,2,1,lb,453.6,g,1,2013-12-23,2013-12-23
10933,1,3,oz (3 oz),85,g,1,2013-12-23,2019-02-13
10933,2,1,roast shank,2800,g,1,2013-12-23,2013-12-23
10934,1,3,oz,85,g,1,2013-12-23,2019-02-13
10934,2,1,lb,453.6,g,1,2013-12-23,2013-12-23
10935,1,3,oz (3 oz),85,g,1,2013-12-23,2019-02-13
10935,2,1,roast shank,2800,g,1,2013-12-23,2013-12-23
10936,1,3,oz,85,g,1,2013-12-23,2019-02-13
10936,2,1,lb,453.6,g,1,2013-12-23,2013-12-23
10937,1,3,oz (3 oz),85,g,1,2013-12-23,2019-02-13
10937,2,1,slice,366,g,1,2013-12-23,2013-12-23
10938,1,3,oz (3 oz),85,g,1,2013-12-23,2019-02-13
10938,2,1,slice,425,g,1,2013-12-23,2013-12-23
10939,1,3,oz (3 oz),85,g,1,2013-12-23,2019-02-13
10939,2,1,slice,425,g,1,2013-12-23,2013-12-23
10940,1,3,oz,85,g,1,2007-12-03,2013-12-26
10942,1,4,oz,113,g,1,2013-12-23,2019-02-13
10942,2,1,lb,453,g,1,2013-12-23,2013-12-23
10943,1,3,oz,85,g,1,2007-12-03,2013-12-26
10944,1,4,oz,113,g,1,2013-12-23,2019-02-13
10945,1,3,oz,85,g,1,2007-12-03,2013-12-26
10946,1,4,oz,113,g,1,2007-12-03,2019-02-13
10947,1,3,oz,85,g,1,2007-12-03,2019-02-13
10947,2,1,chop,107,g,1,2019-02-13,2019-02-13
10948,1,4,oz,113,g,1,2013-12-23,2019-02-13
10948,2,1,chop,146,g,1,2016-02-06,2016-02-06
10949,1,1,chop,146,g,1,2013-12-23,2015-01-07
10950,1,3,oz,85,g,1,2007-12-03,2019-02-13
10950,2,1,chop,107,g,1,2019-02-13,2019-02-13
10951,1,4,oz,113,g,1,2013-12-23,2019-02-13
10951,2,1,roast,537,g,1,2013-12-23,2013-12-23
10952,1,3,oz,85,g,1,2007-12-03,2013-12-26
10952,2,1,roast,508,g,1,2013-12-23,2013-12-23
10953,1,4,oz,113,g,1,2013-12-23,2019-02-13
10953,2,1,steak,393,g,1,2013-12-23,2013-12-23
10954,1,3,oz,85,g,1,2007-12-03,2013-12-26
10954,2,1,steak,264,g,1,2013-12-23,2013-12-23
10955,1,3,oz,85,g,1,2007-12-03,2013-12-26
10956,1,3,oz,85,g,1,2009-01-25,2013-12-26
10956,2,1,piece,194,g,1,2013-12-23,2013-12-23
10957,1,4,oz,113,g,1,2013-12-23,2019-02-13
10957,2,1,piece,231,g,1,2013-12-23,2013-12-23
10958,1,3,oz,85,g,1,2013-12-23,2013-12-23
10958,2,1,piece,430,g,1,2013-12-23,2013-12-23
10959,1,3,oz,85,g,1,2009-01-25,2013-12-26
10959,2,1,piece,373,g,1,2013-12-23,2013-12-23
10960,1,1,piece,92,g,1,2009-01-25,2009-01-25
10961,1,1,piece,105,g,1,2013-12-23,2013-12-23
10962,1,3,oz,85,g,1,2013-12-23,2013-12-23
10962,2,1,piece,609,g,1,2013-12-23,2013-12-23
10963,1,3,oz,85,g,1,2013-12-23,2013-12-23
10963,2,1,piece,765,g,1,2013-12-23,2013-12-23
10972,1,4,oz,113,g,1,2013-12-23,2013-12-23
10973,1,4,oz,113,g,1,2013-12-23,2013-12-23
10974,1,4,oz,113,g,1,2013-12-23,2013-12-23
10975,1,3,oz grilled patties,85,g,1,2013-12-23,2013-12-23
10976,1,3,oz grilled patties,85,g,1,2013-12-23,2013-12-23
10977,1,3,oz grilled patties,85,g,1,2013-12-23,2013-12-23
10978,1,3,oz grilled patties,85,g,1,2013-12-23,2013-12-23
10979,1,3,oz grilled patties,85,g,1,2013-12-23,2013-12-23
10980,1,4,oz,113,g,1,2015-01-06,2019-02-13
10980,2,1,ribs,1071,g,1,2016-02-06,2016-02-06
10981,1,3,oz,85,g,1,2015-01-06,2015-01-06
10981,2,1,ribs,878,g,1,2015-01-06,2015-01-06
10982,1,4,oz,113,g,1,2012-03-02,2019-02-13
10982,2,1,chop,176,g,1,2012-03-02,2013-12-26
10983,1,3,oz,85,g,1,2012-03-02,2013-12-26
10983,2,1,roast,848,g,1,2012-03-02,2012-03-02
10984,1,3,oz,85,g,1,2012-03-02,2013-12-26
10984,2,1,chop,131,g,1,2012-03-02,2012-03-02
10985,1,3,oz,85,g,1,2012-03-02,2019-02-13
10985,2,1,rack,122,g,1,2019-02-13,2019-02-13
10986,1,3,oz,85,g,1,2012-03-02,2019-02-13
10986,2,1,rack,122,g,1,2019-02-13,2019-02-13
10987,1,3,oz,85,g,1,2012-03-02,2019-02-13
10987,2,1,rack,138,g,1,2019-02-13,2019-02-13
10988,1,3,oz,85,g,1,2012-03-02,2019-02-13
10988,2,1,chop,131,g,1,2019-02-13,2019-02-13
10989,1,4,oz,113,g,1,2012-03-02,2019-02-13
10989,2,1,chop,176,g,1,2013-12-23,2013-12-23
10990,1,3,oz,85,g,1,2012-03-02,2013-12-26
10990,2,1,roast,848,g,1,2013-12-23,2013-12-23
10991,1,3,oz,85,g,1,2012-03-02,2019-02-13
10991,2,1,rack,122,g,1,2019-02-13,2019-02-13
10992,1,3,oz,85,g,1,2012-03-02,2019-02-13
10992,2,1,rack,122,g,1,2019-02-13,2019-02-13
10993,1,3,oz,85,g,1,2012-03-02,2019-02-13
10993,2,1,rack,138,g,1,2019-02-13,2019-02-13
10998,1,1,slice,13.8,g,1,2013-12-23,2013-12-23
11001,1,1,CUP,33,g,1,1994-01-31,2006-11-30
11001,2,1,TBSP,3,g,1,1999-03-22,2006-11-30
11003,1,1,cup,28,g,1,2013-12-23,2013-12-23
11003,2,1,leaf,14,g,1,2013-12-23,2013-12-23
11004,1,1,cup,132,g,1,2013-12-23,2013-12-23
11007,1,1,"artichoke, medium",128,g,1,2013-12-23,2013-12-23
11007,2,1,"artichoke, large",162,g,1,2013-12-23,2013-12-23
11008,1,1,"artichoke, medium",120,g,1,1996-09-30,2006-11-30
11008,2,0.5,cup hearts,84,g,1,2002-09-06,2006-11-30
11009,1,0.33,package,84,g,1,2013-12-23,2013-12-23
11009,2,1,package (9 oz),255,g,1,2013-12-23,2013-12-23
11010,1,1,cup,168,g,1,2013-12-23,2013-12-23
11010,2,1,"package (9 oz), yields",240,g,1,2013-12-23,2013-12-23
11010,3,0.333,package (9 oz) yields,80,g,1,2013-12-23,2016-03-09
11011,1,1,CUP,134,g,1,1994-09-29,2006-11-30
11011,2,1,"spear, small (5"" long or less)",12,g,1,2002-09-06,2006-11-30
11011,3,1,"spear, medium (5-1/4"" to 7"" long)",16,g,1,2002-09-06,2006-11-30
11011,4,1,"spear, large (7-1/4"" to 8-1/2"")",20,g,1,2002-09-06,2006-11-30
11011,5,1,"spear, extra large (8-3/4"" to 10"" long)",24,g,1,2002-09-06,2006-11-30
11011,6,1,"spear tip (2"" long or less)",3.5,g,1,2002-09-06,2006-11-30
11012,1,0.5,CUP,90,g,1,1994-01-31,2006-11-30
11012,2,4,"spears (1/2"" base)",60,g,1,2002-09-06,2006-11-30
11013,1,0.5,CUP,122,g,1,1994-01-31,2006-11-30
11013,2,1,can (300 x 407),411,g,1,2002-09-06,2006-11-30
11015,1,1,CUP,242,g,1,1994-09-29,2006-11-30
11015,2,1,"spear (about 5"" long)",18,g,1,1999-03-22,2006-11-30
11015,3,1,can (300 x 407),248,g,1,2002-09-06,2006-11-30
11018,1,4,spears,58,g,1,2013-12-23,2013-12-23
11018,2,1,package (10 oz),284,g,1,2013-12-23,2013-12-23
11019,1,1,CUP,180,g,1,1994-09-29,2006-11-30
11019,2,1,package (10 oz) yields,293,g,1,1999-03-22,2006-11-30
11019,3,4,spears,60,g,1,2002-09-06,2006-11-30
11023,1,1,cup,58,g,1,2013-12-23,2013-12-23
11025,1,1,"cup (1/2"" pieces)",124,g,1,2013-12-23,2013-12-23
11025,2,0.5,"cup (1/2"" pieces)",62,g,1,2013-12-23,2013-12-23
11026,1,1,"cup (1/2"" slices)",151,g,1,1994-01-31,2006-11-30
11026,2,0.5,"cup (1/2"" pieces)",76,g,1,1997-08-29,2006-11-30
11027,1,1,"cup (1/2"" slices)",120,g,1,2013-12-23,2013-12-23
11027,2,1,shoot,144,g,1,2013-12-23,2013-12-23
11028,1,1,"cup (1/8"" slices)",131,g,1,1994-01-31,2006-11-30
11028,2,1,can (303 x 406),262,g,1,1997-08-29,2006-11-30
11029,1,1,cup,184,g,1,2013-12-23,2013-12-23
11031,1,1,cup,156,g,1,2013-12-23,2013-12-23
11032,1,1,CUP,170,g,1,1994-01-31,2006-11-30
11033,1,0.5,CUP,124,g,1,1994-01-31,2006-11-30
11033,2,1,can (303 x 406),454,g,1,2002-09-06,2006-11-30
11037,1,1,cup,160,g,1,2013-12-23,2013-12-23
11037,2,1,package (10 oz),284,g,1,2013-12-23,2013-12-23
11038,1,1,cup,170,g,1,1997-08-29,2011-01-18
11038,2,1,package (10 oz) yields,311,g,1,1994-01-31,2011-01-18
11039,1,1,cup,164,g,1,2013-12-23,2013-12-23
11039,2,1,package (10 oz),284,g,1,2013-12-23,2013-12-23
11040,1,1,cup,180,g,1,1999-03-22,2011-01-18
11040,2,1,package (10 oz) yields,311,g,1,1994-01-31,2011-01-18
11043,1,1,cup,104,g,1,2013-12-23,2013-12-23
11043,2,1,package (12 oz),340,g,1,2013-12-23,2013-12-23
11044,1,1,cup,124,g,1,2013-12-23,2013-12-23
11045,1,1,cup,124,g,1,2013-12-23,2013-12-23
11046,1,1,cup,104,g,1,2013-12-23,2013-12-23
11048,1,0.333,package (10 oz),94,g,1,2013-12-23,2016-03-09
11048,2,1,package (10 oz),284,g,1,2013-12-23,2013-12-23
11049,1,0.333,package (10 oz) yields,94,g,1,1997-08-29,2016-03-09
11049,2,1,package (10 oz) yields,284,g,1,2007-11-28,2013-12-26
11050,1,1,cup,245,g,1,2013-12-23,2013-12-23
11052,1,1,"cup 1/2"" pieces",100,g,1,2015-01-06,2015-01-06
11052,2,10,"beans (4"" long)",55,g,1,2002-09-06,2006-11-30
11053,1,1,CUP,125,g,1,1994-01-31,2006-11-30
11054,1,1,cup,240,g,1,1994-01-31,2012-03-02
11054,2,1,can total can contents,423,g,1,2002-09-06,2012-03-02
11056,1,1,cup,135,g,1,2013-12-23,2015-01-07
11056,2,10,beans,62,g,1,1994-09-29,2007-03-25
11056,3,1,can (303 x 406),262,g,1,2002-09-06,2007-03-25
11058,1,0.5,CUP,114,g,1,1994-01-31,2006-11-30
11058,2,1,can (303 x 406),439,g,1,2002-09-06,2006-11-30
11060,1,1,CUP,121,g,1,1996-09-30,2009-02-11
11060,2,1,package (10 oz),284,g,1,1994-01-31,2006-11-30
11061,1,1,CUP,135,g,1,1994-01-31,2006-11-30
11062,1,1,cup,111,g,1,2013-12-23,2013-12-23
11080,1,1,cup,136,g,1,2013-12-23,2013-12-23
11080,2,1,"beet (2"" dia)",82,g,1,2013-12-23,2013-12-23
11081,1,0.5,cup slices,85,g,1,2013-12-23,2013-12-23
11081,2,2,"beets (2"" dia, sphere)",100,g,1,2015-01-06,2015-01-06
11082,1,1,CUP,246,g,1,1994-01-31,2006-11-30
11084,1,1,"cup, diced",157,g,1,1994-09-29,2006-11-30
11084,2,1,"cup, shredded",195,g,1,1998-01-15,2006-11-30
11084,3,1,cup slices,170,g,1,2002-09-06,2006-11-30
11084,4,1,"cup, whole",163,g,1,2002-09-06,2006-11-30
11084,5,1,slice,8,g,1,2002-09-06,2006-11-30
11084,6,1,beet,24,g,1,2002-09-06,2006-11-30
11084,7,1,can (303 x 406),294,g,1,2002-09-06,2006-11-30
11086,1,1,CUP,38,g,1,1994-09-29,2006-11-30
11086,2,1,leaf,32,g,1,1997-08-29,2006-11-30
11086,3,0.5,"cup (1"" pieces)",19,g,1,2002-09-06,2006-11-30
11087,1,1,"cup (1"" pieces)",144,g,1,1994-01-31,2006-11-30
11087,2,0.5,"cup (1"" pieces)",72,g,1,2007-11-28,2007-11-28
11088,1,1,cup,109,g,1,2013-12-23,2013-12-23
11088,2,1,broadbean,8,g,1,2013-12-23,2013-12-23
11090,1,1,cup chopped,91,g,1,2009-02-11,2009-02-11
11090,2,1,bunch,608,g,1,1998-01-15,2006-11-30
11090,3,1,"spear (about 5"" long)",31,g,1,1999-03-22,2006-11-30
11090,4,1,stalk,151,g,1,2002-09-06,2006-11-30
11090,5,0.5,"cup, chopped or diced",44,g,1,2002-09-06,2006-11-30
11090,6,1,NLEA serving,148,g,1,2007-11-28,2007-11-28
11091,1,0.5,"cup, chopped",78,g,1,1997-08-29,2013-12-26
11091,2,1,"stalk, large (11""-12"" long)",280,g,1,1994-01-31,2013-12-26
11091,3,1,"stalk, medium (7-1/2"" - 8"" long)",180,g,1,2002-09-06,2013-12-26
11091,4,1,"stalk, small (5"" long)",140,g,1,2002-09-06,2013-12-26
11091,5,1,"spear (about 5"" long)",37,g,1,2002-09-06,2013-12-26
11092,1,1,CUP,156,g,1,1997-08-29,2006-11-30
11092,2,1,package (10 oz),284,g,1,1994-01-31,2006-11-30
11093,1,1,CUP,184,g,1,1994-01-31,2006-11-30
11094,1,0.33,package (10 oz),95,g,1,1999-03-22,2013-12-26
11094,2,1,package (10 oz),284,g,1,1994-01-31,2013-12-26
11094,3,1,package (2 lb),907,g,1,2013-12-23,2013-12-23
11095,1,0.5,cup,92,g,1,1997-08-29,2013-12-26
11095,2,1,package (10 oz) yields,250,g,1,1994-01-31,2013-12-26
11096,1,1,cup chopped,40,g,1,2013-12-23,2013-12-23
11096,2,1,stalk,19,g,1,2013-12-23,2013-12-23
11097,1,1,NLEA serving,85,g,1,2013-12-23,2013-12-23
11097,2,1,bunch cooked,437,g,1,2013-12-23,2013-12-23
11098,1,1,cup,88,g,1,2013-12-23,2013-12-23
11098,2,1,sprout,19,g,1,2013-12-23,2013-12-23
11099,1,1,sprout,21,g,1,1994-01-31,2006-11-30
11099,2,0.5,CUP,78,g,1,2002-09-06,2006-11-30
11100,1,0.33,package (10 oz),95,g,1,2013-12-23,2013-12-23
11100,2,1,package (10 oz),284,g,1,2013-12-23,2013-12-23
11100,3,1,package (2 lb),907,g,1,2013-12-23,2013-12-23
11101,1,1,CUP,155,g,1,1994-01-31,2006-11-30
11104,1,1,"cup (1"" pieces)",118,g,1,2013-12-23,2013-12-23
11104,2,1,root,156,g,1,2013-12-23,2013-12-23
11105,1,1,"cup (1"" pieces)",125,g,1,2013-12-23,2013-12-23
11105,2,1,root,166,g,1,2013-12-23,2013-12-23
11109,1,1,"cup, chopped",89,g,1,1994-09-29,2006-11-30
11109,2,1,"cup, shredded",70,g,1,1998-01-15,2006-11-30
11109,3,1,"head, large (about 7"" dia)",1248,g,1,2002-09-06,2006-11-30
11109,4,1,"leaf, large",33,g,1,2002-09-06,2006-11-30
11109,5,1,"head, medium (about 5-3/4"" dia)",908,g,1,2002-09-06,2006-11-30
11109,6,1,"leaf, medium",23,g,1,2002-09-06,2006-11-30
11109,7,1,"head, small (about 4-1/2"" dia)",714,g,1,2002-09-06,2006-11-30
11109,8,1,leaf,15,g,1,2002-09-06,2006-11-30
11110,1,0.5,"cup, shredded",75,g,1,1994-01-31,2013-12-26
11110,2,1,head,1262,g,1,2002-09-06,2013-12-26
11112,1,1,"cup, chopped",89,g,1,1994-09-29,2006-11-30
11112,2,1,"cup, shredded",70,g,1,1998-01-15,2006-11-30
11112,3,1,"head, large (about 5-1/2"" dia)",1134,g,1,2002-09-06,2006-11-30
11112,4,1,leaf,23,g,1,2002-09-06,2006-11-30
11112,5,1,"head, medium (about 5"" dia)",839,g,1,2002-09-06,2006-11-30
11112,6,1,"head, small (4"" dia)",567,g,1,2002-09-06,2006-11-30
11113,1,1,leaf,22,g,1,1994-01-31,2006-11-30
11113,2,0.5,"cup, shredded",75,g,1,2002-09-06,2006-11-30
11114,1,1,"cup, shredded",70,g,1,2013-12-23,2013-12-23
11115,1,1,"cup, shredded",145,g,1,2013-12-23,2013-12-23
11116,1,1,"cup, shredded",70,g,1,1994-09-29,2006-11-30
11116,2,1,head,840,g,1,1999-03-22,2006-11-30
11116,3,1,leaf,14,g,1,1998-01-15,2006-11-30
11117,1,1,"cup, shredded",170,g,1,1994-01-31,2006-11-30
11118,1,1,cup,150,g,1,2016-02-06,2016-02-06
11119,1,1,"cup, shredded",76,g,1,2013-12-23,2013-12-23
11120,1,1,"cup, shredded",119,g,1,2013-12-23,2013-12-23
11120,2,1,leaf,14,g,1,2013-12-23,2013-12-23
11122,1,1,"cup, shredded",178,g,1,2013-12-23,2013-12-23
11124,1,1,cup chopped,128,g,1,1994-09-29,2007-03-25
11124,2,1,cup grated,110,g,1,1998-01-15,2007-03-25
11124,3,1,cup strips or slices,122,g,1,1999-03-22,2007-03-25
11124,4,1,"large (7-1/4"" to 8-/1/2"" long)",72,g,1,2002-09-06,2007-03-25
11124,5,1,medium,61,g,1,2002-09-06,2007-03-25
11124,6,1,"small (5-1/2"" long)",50,g,1,2002-09-06,2007-03-25
11124,7,1,slice,3,g,1,2002-09-06,2007-03-25
11124,8,1,"strip large (3"" long)",7,g,1,2002-09-06,2007-03-25
11124,9,1,strip medium,4,g,1,2002-09-06,2007-03-25
11125,1,1,TBSP,9.7,g,1,1994-01-31,2006-11-30
11125,2,0.5,cup slices,78,g,1,2002-09-06,2006-11-30
11125,3,1,carrot,46,g,1,2002-09-06,2006-11-30
11126,1,0.5,cup slices,123,g,1,1994-01-31,2006-11-30
11126,2,1,can (303 x 406),454,g,1,2002-09-06,2006-11-30
11128,1,1,"cup, sliced",146,g,1,1994-09-29,2013-12-26
11128,2,1,"cup, mashed",228,g,1,1999-03-22,2013-12-26
11128,3,1,slice,2.8,g,1,1998-01-15,2006-11-30
11128,4,1,can (303 x 406),284,g,1,2002-09-06,2006-11-30
11130,1,0.5,cup slices,64,g,1,1994-01-31,2013-12-26
11130,2,1,package (10 oz),284,g,1,1997-08-29,2013-12-26
11131,1,1,"cup, sliced",146,g,1,1994-09-29,2006-11-30
11134,1,1,CUP,206,g,1,1996-09-30,2006-11-30
11134,2,1,root,408,g,1,2007-11-28,2007-11-28
11135,1,1,"cup chopped (1/2"" pieces)",107,g,1,2013-12-23,2013-12-23
11135,2,1,floweret,13,g,1,2013-12-23,2013-12-23
11135,3,1,"head large (6-7"" dia.)",840,g,1,2013-12-23,2013-12-23
11135,4,1,"head medium (5-6"" dia.)",588,g,1,2013-12-23,2013-12-23
11135,5,1,"head small (4"" dia.)",265,g,1,2013-12-23,2013-12-23
11136,1,0.5,"cup (1"" pieces)",62,g,1,1994-01-31,2006-11-30
11136,2,3,flowerets,54,g,1,2002-09-06,2006-11-30
11137,1,0.5,"cup (1"" pieces)",66,g,1,1999-03-22,2013-12-26
11137,2,1,package (10 oz),284,g,1,1994-01-31,2013-12-26
11138,1,1,"cup (1"" pieces)",180,g,1,1994-01-31,2006-11-30
11141,1,1,cup,156,g,1,2013-12-23,2013-12-23
11143,1,1,cup chopped,101,g,1,1994-09-29,2006-11-30
11143,2,1,NLEA serving,110,g,1,1998-01-15,2006-11-30
11143,3,1,TBSP,7.5,g,1,2002-09-06,2006-11-30
11143,4,1,"stalk, large (11""-12"" long)",64,g,1,2002-09-06,2006-11-30
11143,5,1,"stalk, medium (7-1/2"" - 8"" long)",40,g,1,2002-09-06,2006-11-30
11143,6,1,"stalk, small (5"" long)",17,g,1,2002-09-06,2006-11-30
11143,7,1,"strip (4"" long)",4,g,1,2002-09-06,2006-11-30
11144,1,1,"cup, diced",150,g,1,1994-01-31,2006-11-30
11144,2,2,stalks,75,g,1,2002-09-06,2006-11-30
11147,1,1,cup,36,g,1,2013-12-23,2013-12-23
11147,2,1,leaf,48,g,1,2013-12-23,2013-12-23
11148,1,1,"cup, chopped",175,g,1,2013-12-23,2013-12-23
11149,1,1,"cup (1"" pieces)",132,g,1,1996-09-30,2006-11-30
11149,2,1,"chayote (5-3/4"")",203,g,1,2002-09-06,2006-11-30
11150,1,1,"cup (1"" pieces)",160,g,1,1997-08-29,2006-11-30
11151,1,1,head,53,g,1,2013-12-23,2013-12-23
11151,2,0.5,cup,45,g,1,2013-12-23,2013-12-23
11152,1,1,"cup, chopped",29,g,1,2013-12-23,2013-12-23
11154,1,1,root,60,g,1,2013-12-23,2013-12-23
11154,2,0.5,"cup (1"" pieces)",45,g,1,2013-12-23,2013-12-23
11156,1,1,tbsp chopped,3,g,1,1994-11-02,2006-11-30
11156,2,1,tsp chopped,1,g,1,1997-08-29,2006-11-30
11158,1,1,"cup (1"" pieces)",100,g,1,2015-01-06,2015-01-06
11161,1,1,"cup, chopped",36,g,1,1994-09-29,2006-11-30
11162,1,1,"cup, chopped",190,g,1,1994-01-31,2006-11-30
11163,1,0.33,package (10 oz),95,g,1,2013-12-23,2013-12-23
11163,2,1,package (10 oz),284,g,1,2013-12-23,2013-12-23
11163,3,1,package (3 lb),1361,g,1,2013-12-23,2013-12-23
11164,1,1,"cup, chopped",170,g,1,1994-01-31,2006-11-30
11165,1,0.25,cup,4,g,1,2013-12-23,2013-12-23
11165,2,9,sprigs,20,g,1,2013-12-23,2013-12-23
11167,1,1,cup,145,g,1,2013-12-23,2013-12-23
11167,2,1,"ear, large (7-3/4"" to 9"" long) yields",143,g,1,2002-09-06,2015-01-07
11167,3,1,"ear, medium (6-3/4"" to 7-1/2"" long) yields",102,g,1,2013-12-23,2013-12-23
11167,4,1,"ear, small (5-1/2"" to 6-1/2"" long)",73,g,1,2002-09-06,2015-01-07
11168,1,1,"ear small (5-1/2"" to 6-1/2"" long)",89,g,1,2013-12-23,2013-12-23
11168,2,1,"ear medium (6-3/4"" to 7-1/2"" long)",103,g,1,2013-12-23,2013-12-23
11168,3,1,"ear large (7-3/4"" to 9"" long)",118,g,1,2013-12-23,2013-12-23
11168,4,1,cup cut,149,g,1,2013-12-23,2013-12-23
11168,5,1,baby ear,8,g,1,2013-12-23,2013-12-23
11170,1,1,cup,256,g,1,1994-01-31,2011-01-18
11170,2,1,can (303 x 406),482,g,1,2002-09-06,2006-11-30
11172,1,1,CUP,164,g,1,1994-09-29,2007-03-25
11172,2,1,can (12 oz) yields,211,g,1,1997-08-29,2007-03-25
11172,3,1,can (303 x 406),298,g,1,2002-09-06,2007-03-25
11174,1,1,CUP,256,g,1,1994-09-29,2006-11-30
11174,2,1,can (303 x 406),482,g,1,1997-08-29,2006-11-30
11176,1,1,cup,210,g,1,1997-08-29,2011-01-18
11176,2,1,"can, 15 oz (303 x 406)",425,g,1,1994-01-31,2006-11-30
11176,3,1,can (303 x 406),340,g,1,2002-09-06,2006-11-30
11177,1,1,"cup drained, rinsed",150,g,1,2012-03-02,2013-12-26
11177,2,1,"can drained, rinsed",266,g,1,2012-03-02,2013-12-26
11178,1,1,CUP,136,g,1,1994-01-31,2009-02-11
11178,2,1,package,284,g,1,2002-09-06,2009-02-11
11179,1,1,cup,165,g,1,1997-08-29,2011-01-18
11179,2,1,package (10 oz) yields,284,g,1,1994-01-31,2011-01-18
11180,1,1,cup kernels,165,g,1,1996-09-30,2011-01-18
11180,2,1,"ear, yields",125,g,1,2002-09-06,2011-01-18
11181,1,1,cup kernels,165,g,1,1994-01-31,2011-01-18
11181,2,1,"ear, yields",63,g,1,2002-09-06,2011-01-18
11182,1,1,cup,141,g,1,2013-12-23,2013-12-23
11184,1,1,cup,227,g,1,2013-12-23,2013-12-23
11191,1,1,cup,145,g,1,2013-12-23,2013-12-23
11192,1,1,cup,165,g,1,2013-12-23,2013-12-23
11195,1,1,cup,160,g,1,2013-12-23,2013-12-23
11195,2,1,package (10 oz),284,g,1,2013-12-23,2013-12-23
11196,1,1,cup,170,g,1,2013-12-23,2013-12-23
11197,1,1,cup,94,g,1,2013-12-23,2013-12-23
11197,2,1,pod,12,g,1,2013-12-23,2013-12-23
11198,1,1,cup,95,g,1,2013-12-23,2013-12-23
11199,1,1,cup slices,91,g,1,2013-12-23,2013-12-23
11199,2,1,pod,12,g,1,2013-12-23,2013-12-23
11200,1,1,cup slices,104,g,1,2013-12-23,2013-12-23
11200,2,1,pod,14,g,1,2013-12-23,2013-12-23
11201,1,1,"cup, chopped",36,g,1,2013-12-23,2013-12-23
11201,2,1,leaf,3,g,1,2013-12-23,2013-12-23
11202,1,1,"cup, chopped",53,g,1,2013-12-23,2013-12-23
11203,1,1,cup,50,g,1,2013-12-23,2013-12-23
11203,2,1,sprig,1,g,1,2013-12-23,2013-12-23
11204,1,1,cup,135,g,1,2013-12-23,2013-12-23
11204,2,0.5,cup,68,g,1,2013-12-23,2013-12-23
11205,1,0.5,cup slices,52,g,1,1994-11-02,2006-11-30
11205,2,1,"cucumber (8-1/4"")",301,g,1,2002-09-06,2006-11-30
11206,1,1,"cup, pared, chopped",133,g,1,1998-01-15,2006-11-30
11206,2,1,"cup, sliced",119,g,1,2002-09-06,2006-11-30
11206,3,1,"large (8-1/4"" long)",280,g,1,2002-09-06,2006-11-30
11206,4,1,medium,201,g,1,2002-09-06,2006-11-30
11206,5,1,slice,7,g,1,2002-09-06,2006-11-30
11206,6,1,"small (6-3/8"" long)",158,g,1,2002-09-06,2006-11-30
11206,7,1,"stick (4"" long)",9,g,1,2002-09-06,2006-11-30
11207,1,1,"cup, chopped",55,g,1,2013-12-23,2013-12-23
11208,1,1,"cup, chopped",105,g,1,2013-12-23,2013-12-23
11209,1,1,"cup, cubes",82,g,1,1994-09-29,2006-11-30
11209,2,1,"eggplant, peeled (yield from 1-1/4 lb)",458,g,1,2002-09-06,2006-11-30
11209,3,1,"eggplant, unpeeled (approx 1-1/4 lb)",548,g,1,2002-09-06,2006-11-30
11210,1,1,"cup (1"" cubes)",99,g,1,1994-01-31,2006-11-30
11212,1,1,cup,155,g,1,2013-12-23,2013-12-23
11213,1,0.5,"cup, chopped",25,g,1,2013-12-23,2013-12-23
11213,2,1,head,513,g,1,2013-12-23,2013-12-23
11214,1,1,cup,150,g,1,2016-02-06,2016-02-06
11215,1,1,CUP,136,g,1,1994-09-29,2006-11-30
11215,2,1,tsp,2.8,g,1,1997-08-29,2006-11-30
11215,3,1,clove,3,g,1,2002-09-06,2006-11-30
11215,4,3,cloves,9,g,1,2002-09-06,2006-11-30
11216,1,1,tsp,2,g,1,1998-01-15,2006-11-30
11216,2,0.25,"cup slices (1"" dia)",24,g,1,2002-09-06,2006-11-30
11216,3,5,"slices (1"" dia)",11,g,1,2002-09-06,2006-11-30
11218,1,0.5,"cup (1"" pieces)",58,g,1,2013-12-23,2013-12-23
11218,2,1,gourd,771,g,1,2013-12-23,2013-12-23
11219,1,1,"cup (1"" cubes)",146,g,1,2013-12-23,2013-12-23
11220,1,1,"cup (1"" pieces)",95,g,1,2013-12-23,2013-12-23
11220,2,1,gourd,178,g,1,2013-12-23,2013-12-23
11221,1,1,"cup (1"" pieces)",178,g,1,2013-12-23,2013-12-23
11221,2,0.5,"cup (1"" slices)",89,g,1,2013-12-23,2013-12-23
11223,1,1,"cup, chopped",42,g,1,2013-12-23,2013-12-23
11224,1,1,cup,80,g,1,2013-12-23,2013-12-23
11225,1,1,cup,87,g,1,2013-12-23,2013-12-23
11226,1,1,cup slices,150,g,1,2013-12-23,2013-12-23
11231,1,1,cup,28,g,1,2013-12-23,2013-12-23
11232,1,1,cup,87,g,1,2013-12-23,2013-12-23
11233,1,1,cup,21,g,1,1994-01-31,2019-02-13
11234,1,1,cup,118,g,1,1994-01-31,2019-02-13
11235,1,0.333,cup,67,g,1,2013-12-23,2019-02-13
11235,2,1,package (10 oz),284,g,1,2013-12-23,2019-02-13
11236,1,1,cup,118,g,1,1994-01-31,2019-02-13
11237,1,1,strip,6.3,g,1,2013-12-23,2013-12-23
11237,2,0.5,cup,27,g,1,2013-12-23,2013-12-23
11240,1,1,cup,66,g,1,2013-12-23,2013-12-23
11240,2,1,piece,12.9,g,1,2013-12-23,2013-12-23
11241,1,1,cup,135,g,1,2013-12-23,2013-12-23
11241,2,1,slice,16,g,1,2013-12-23,2013-12-23
11242,1,1,cup slices,165,g,1,2013-12-23,2013-12-23
11243,1,1,cup sliced,121,g,1,2013-12-23,2013-12-23
11245,1,1,"cup, chopped",180,g,1,2013-12-23,2013-12-23
11246,1,1,CUP,89,g,1,1995-06-19,2006-11-30
11246,2,1,leek,89,g,1,2002-09-06,2006-11-30
11246,3,1,slice,6,g,1,2002-09-06,2006-11-30
11247,1,1,leek,124,g,1,1998-03-27,2006-11-30
11247,2,0.25,"cup, chopped or diced",26,g,1,2002-09-06,2006-11-30
11248,1,1,cup,77,g,1,2013-12-23,2013-12-23
11250,1,1,"cup, shredded or chopped",55,g,1,1994-09-29,2006-11-30
11250,2,1,"head (5"" dia)",163,g,1,2002-09-06,2006-11-30
11250,3,1,"leaf, large",15,g,1,2002-09-06,2006-11-30
11250,4,1,"leaf, medium",7.5,g,1,2002-09-06,2006-11-30
11250,5,1,leaf,5,g,1,2005-12-28,2009-02-11
11251,1,1,cup shredded,47,g,1,1994-01-31,2006-11-30
11251,2,1,leaf inner,6,g,1,2002-09-06,2006-11-30
11251,3,1,leaf outer,28,g,1,2004-07-15,2006-11-30
11251,4,1,head,626,g,1,2004-07-15,2006-11-30
11251,5,1,NLEA serving,85,g,1,2004-07-15,2006-11-30
11252,1,1,cup shredded,72,g,1,1994-09-29,2006-11-30
11252,2,1,"cup, chopped (1/2"" pieces, loosely packed)",57,g,1,1997-08-29,2010-03-24
11252,3,1,"head, large",755,g,1,2002-09-06,2010-03-24
11252,4,1,"head, medium (6"" dia)",539,g,1,2002-09-06,2010-03-24
11252,5,1,"head, small",324,g,1,2002-09-06,2010-03-24
11252,6,1,"leaf, large",15,g,1,2002-09-06,2010-03-24
11252,7,1,"leaf, medium",8,g,1,2005-12-28,2010-03-24
11252,8,1,"leaf, small",5,g,1,2002-09-06,2010-03-24
11252,9,1,NLEA Serving,89,g,1,2011-01-18,2011-01-18
11253,1,1,cup shredded,36,g,1,1994-01-31,2006-11-30
11253,2,1,head,360,g,1,2002-09-06,2006-11-30
11253,3,1,leaf inner,4.8,g,1,2004-07-15,2006-11-30
11253,4,1,leaf outer,24,g,1,2004-07-15,2006-11-30
11254,1,10,"slices (2-1/2"" dia)",81,g,1,2013-12-23,2013-12-23
11254,2,1,"root (9-1/2"" long)",115,g,1,2013-12-23,2013-12-23
11255,1,0.5,cup,60,g,1,2013-12-23,2013-12-23
11255,2,10,"slices (2-1/2"" dia)",89,g,1,2013-12-23,2013-12-23
11257,1,1,cup shredded,28,g,1,2015-01-06,2015-01-06
11257,2,1,leaf inner,2.6,g,1,2015-01-06,2015-01-06
11257,3,1,leaf outer,17,g,1,2015-01-06,2015-01-06
11257,4,1,head,309,g,1,2015-01-06,2015-01-06
11257,5,1,NLEA serving,85,g,1,2015-01-06,2015-01-06
11258,1,0.5,"cup, cubes",68,g,1,2013-12-23,2013-12-23
11258,2,1,yam,420,g,1,2013-12-23,2013-12-23
11259,1,1,"cup, cubes",145,g,1,2013-12-23,2013-12-23
11260,1,1,"cup, pieces or slices",70,g,1,1994-09-29,2006-11-30
11260,2,1,"cup, whole",96,g,1,1997-08-29,2006-11-30
11260,3,1,large,23,g,1,1998-01-15,2006-11-30
11260,4,1,medium,18,g,1,2002-09-06,2006-11-30
11260,5,1,slice,6,g,1,2002-09-06,2006-11-30
11260,6,1,small,10,g,1,2002-09-06,2006-11-30
11260,7,0.5,cup pieces,35,g,1,2002-09-06,2006-11-30
11261,1,1,cup pieces,156,g,1,2004-07-15,2006-11-30
11261,2,1,tbsp,9.8,g,1,2007-11-28,2007-11-28
11261,3,1,mushroom,12,g,1,2007-11-28,2007-11-28
11263,1,1,cup sliced,108,g,1,2013-12-23,2013-12-23
11264,1,1,CUP,156,g,1,1994-01-31,2006-11-30
11264,2,1,can,132,g,1,1997-08-29,2006-11-30
11264,3,1,large,16,g,1,2002-09-06,2006-11-30
11264,4,1,medium,12,g,1,2002-09-06,2006-11-30
11264,5,1,small,7,g,1,2002-09-06,2006-11-30
11264,6,10,slices,40,g,1,2002-09-06,2006-11-30
11264,7,8,caps,47,g,1,2002-09-06,2006-11-30
11264,8,0.5,cup pieces,78,g,1,2013-12-23,2013-12-23
11265,1,1,cup diced,86,g,1,2011-01-18,2011-01-18
11265,2,1,piece whole,84,g,1,2007-11-28,2007-11-28
11266,1,1,cup whole,87,g,1,2002-06-08,2006-11-30
11266,2,1,cup sliced,72,g,1,2007-11-28,2007-11-28
11266,3,1,piece whole,20,g,1,2007-11-28,2007-11-28
11267,1,1,cup whole,89,g,1,2013-12-23,2013-12-23
11267,2,1,cup sliced,97,g,1,2013-12-23,2013-12-23
11267,3,1,piece whole,19,g,1,2013-12-23,2013-12-23
11268,1,1,mushroom,3.6,g,1,2013-12-23,2013-12-23
11268,2,4,mushrooms,15,g,1,2013-12-23,2013-12-23
11269,1,1,cup pieces,145,g,1,2013-12-23,2013-12-23
11269,2,4,mushrooms,72,g,1,2013-12-23,2013-12-23
11270,1,1,"cup, chopped",56,g,1,1994-01-31,2006-11-30
11271,1,1,"cup, chopped",140,g,1,1994-01-31,2006-11-30
11272,1,1,"cup, chopped",146,g,1,2013-12-23,2013-12-23
11272,2,1,package (10 oz),284,g,1,2013-12-23,2013-12-23
11273,1,1,"cup, chopped",150,g,1,1994-09-29,2006-11-30
11273,2,1,package (10 oz) yields,212,g,1,2002-09-06,2006-11-30
11274,1,1,"cup, chopped",150,g,1,2013-12-23,2013-12-23
11276,1,1,"cup, chopped",56,g,1,2013-12-23,2013-12-23
11277,1,1,"cup, chopped",180,g,1,2013-12-23,2013-12-23
11278,1,1,cup,100,g,1,2015-01-06,2015-01-06
11278,2,8,"pods (3"" long)",95,g,1,2002-09-06,2006-11-30
11279,1,0.5,cup slices,80,g,1,1994-01-31,2006-11-30
11279,2,8,"pods (3"" long)",85,g,1,2002-09-06,2006-11-30
11280,1,0.33,package (10 oz),95,g,1,1999-03-22,2013-12-26
11280,2,1,package (10 oz),284,g,1,1994-01-31,2013-12-26
11280,3,1,package (3 lb),1361,g,1,2013-12-23,2013-12-23
11281,1,0.5,cup slices,92,g,1,1997-08-29,2013-12-26
11281,2,1,package (10 oz) yields,255,g,1,1994-01-31,2013-12-26
11282,1,1,"cup, chopped",160,g,1,1999-03-22,2006-11-30
11282,2,1,"cup, sliced",115,g,1,1994-01-31,2006-11-30
11282,3,1,tbsp chopped,10,g,1,1998-01-15,2006-11-30
11282,4,1,large,150,g,1,2002-09-06,2006-11-30
11282,5,1,"slice, large (1/4"" thick)",38,g,1,2002-09-06,2006-11-30
11282,6,1,"medium (2-1/2"" dia)",110,g,1,2002-09-06,2006-11-30
11282,7,1,"slice, medium (1/8"" thick)",14,g,1,2002-09-06,2006-11-30
11282,8,1,small,70,g,1,2002-09-06,2006-11-30
11282,9,1,"slice, thin",9,g,1,2002-09-06,2006-11-30
11282,10,10,rings,60,g,1,2002-09-06,2006-11-30
11283,1,1,CUP,210,g,1,1994-11-02,2006-11-30
11283,2,1,tbsp chopped,15,g,1,1997-08-29,2006-11-30
11283,3,1,large,128,g,1,2002-09-06,2006-11-30
11283,4,1,"slice, large (1/4"" thick)",32,g,1,2002-09-06,2006-11-30
11283,5,1,medium,94,g,1,2002-09-06,2006-11-30
11283,6,1,"slice, medium (1/8"" thick)",12,g,1,2002-09-06,2006-11-30
11283,7,1,small,60,g,1,2002-09-06,2006-11-30
11283,8,1,"slice, thin",8,g,1,2002-09-06,2006-11-30
11284,1,1,TBSP,5,g,1,1994-09-29,2006-11-30
11284,2,0.25,CUP,14,g,1,1999-03-22,2006-11-30
11285,1,1,onion,63,g,1,1994-11-17,2006-11-30
11285,2,0.5,"cup, chopped or diced",112,g,1,1997-08-29,2006-11-30
11286,1,1,cup chopped,87,g,1,2013-12-23,2013-12-23
11287,1,0.33,package (10 oz),95,g,1,2013-12-23,2013-12-23
11287,2,1,package (10 oz),284,g,1,2013-12-23,2013-12-23
11288,1,1,tbsp chopped,15,g,1,1994-11-02,2006-11-30
11288,2,0.5,"cup, chopped or diced",105,g,1,1997-08-29,2006-11-30
11289,1,0.33,package (10 oz),95,g,1,2013-12-23,2013-12-23
11289,2,1,package (10 oz),284,g,1,2013-12-23,2013-12-23
11290,1,1,CUP,210,g,1,1994-11-02,2006-11-30
11291,1,1,"cup, chopped",100,g,1,2015-01-06,2015-01-06
11291,2,1,tbsp chopped,6,g,1,2002-09-06,2006-11-30
11291,3,1,large,25,g,1,2002-09-06,2006-11-30
11291,4,1,"medium (4-1/8"" long)",15,g,1,2002-09-06,2006-11-30
11291,5,1,"small (3"" long)",5,g,1,2002-09-06,2006-11-30
11292,1,1,tbsp,6,g,1,2013-12-23,2013-12-23
11292,2,1,stalk,12,g,1,2013-12-23,2013-12-23
11292,3,1,cup chopped,71,g,1,2013-12-23,2013-12-23
11295,1,6,rings,85,g,1,2013-12-23,2013-12-23
11295,2,1,package (16 oz),454,g,1,2013-12-23,2013-12-23
11295,3,1,package (9 oz),255,g,1,2013-12-23,2013-12-23
11296,1,1,CUP,48,g,1,1997-08-29,2006-11-30
11296,2,10,"rings, large (3-4"" dia)",71,g,1,1994-01-31,2006-11-30
11296,3,10,"rings, medium (2-3"" dia)",60,g,1,2002-09-06,2006-11-30
11296,4,10,"rings, small (1-2"" dia)",48,g,1,2002-09-06,2006-11-30
11297,1,1,cup chopped,60,g,1,1994-09-29,2011-01-18
11297,2,1,TBSP,3.8,g,1,2002-09-06,2006-11-30
11297,3,10,sprigs,10,g,1,2002-09-06,2006-11-30
11298,1,1,cup slices,133,g,1,2013-12-23,2013-12-23
11299,1,0.5,cup slices,78,g,1,2013-12-23,2013-12-23
11299,2,1,"parsnip (9"" long)",160,g,1,2013-12-23,2013-12-23
11300,1,1,"cup, chopped",98,g,1,1994-09-29,2006-11-30
11300,2,1,"cup, whole",63,g,1,2002-09-06,2006-11-30
11300,3,10,pea pods,34,g,1,2002-09-06,2006-11-30
11301,1,1,CUP,160,g,1,1994-01-31,2006-11-30
11302,1,1,cup,144,g,1,1994-01-31,2011-01-18
11302,2,1,package (10 oz),284,g,1,1999-03-22,2006-11-30
11303,1,1,CUP,160,g,1,1994-09-29,2006-11-30
11303,2,1,package (10 oz) yields,253,g,1,2007-11-28,2007-11-28
11304,1,1,cup,145,g,1,2013-12-23,2013-12-23
11305,1,1,CUP,160,g,1,1994-11-02,2006-11-30
11306,1,0.5,CUP,124,g,1,1994-01-31,2006-11-30
11306,2,1,can (303 x 406),482,g,1,2002-09-06,2006-11-30
11308,1,1,CUP,175,g,1,1994-09-29,2009-02-11
11308,2,1,can (303 x 406),313,g,1,1997-08-29,2006-11-30
11310,1,1,CUP,227,g,1,1994-01-31,2006-11-30
11310,2,0.5,CUP,114,g,1,2007-11-28,2007-11-28
11311,1,1,can,257,g,1,2012-03-02,2012-03-02
11311,2,1,cup,163,g,1,2012-03-02,2012-03-02
11312,1,1,CUP,134,g,1,1994-01-31,2009-02-11
11312,2,1,package,284,g,1,2002-09-06,2009-02-11
11313,1,0.5,CUP,80,g,1,1997-08-29,2009-02-11
11313,2,1,package (10 oz) yields,253,g,1,1994-01-31,2009-02-11
11316,1,1,cup,120,g,1,2013-12-23,2013-12-23
11318,1,1,CUP,255,g,1,1994-01-31,2006-11-30
11322,1,0.5,CUP,70,g,1,1994-01-31,2006-11-30
11322,2,1,package (10 oz),284,g,1,1999-03-22,2006-11-30
11323,1,1,package (10 oz) yields,278,g,1,1997-08-29,2006-11-30
11323,2,0.5,CUP,80,g,1,1994-01-31,2006-11-30
11324,1,1,CUP,120,g,1,1994-01-31,2006-11-30
11326,1,0.5,CUP,69,g,1,1994-01-31,2006-11-30
11326,2,1,package (10 oz),284,g,1,1999-03-22,2006-11-30
11327,1,1,CUP,180,g,1,1994-01-31,2006-11-30
11329,1,1,pepper,73,g,1,1997-08-29,2006-11-30
11329,2,0.5,"cup, chopped or diced",68,g,1,1994-01-31,2006-11-30
11333,1,1,"cup, chopped",149,g,1,1994-09-29,2006-11-30
11333,2,1,"cup, sliced",92,g,1,1997-08-29,2006-11-30
11333,3,1,TBSP,9.3,g,1,1998-01-15,2006-11-30
11333,4,1,"large (2-1/4 per lb, approx 3-3/4"" long, 3"" dia)",164,g,1,2002-09-06,2006-11-30
11333,5,1,"medium (approx 2-3/4"" long, 2-1/2"" dia)",119,g,1,2002-09-06,2006-11-30
11333,6,1,"ring (3"" dia, 1/4"" thick)",10,g,1,2002-09-06,2006-11-30
11333,7,1,small,74,g,1,2002-09-06,2006-11-30
11333,8,10,strips,27,g,1,2002-09-06,2006-11-30
11334,1,1,"cup, chopped or strips",135,g,1,1994-11-02,2009-02-11
11334,2,1,"tablespoon, chopped",11.6,g,1,1997-08-29,2009-02-11
11335,1,1,"cup, halves",140,g,1,2010-01-04,2010-01-04
11337,1,0.33,package (10 oz),95,g,1,2013-12-23,2013-12-23
11337,2,1,package (10 oz),284,g,1,2013-12-23,2013-12-23
11339,1,1,cup chopped,115,g,1,2013-12-23,2013-12-23
11344,1,1,CUP,154,g,1,1997-08-29,2006-11-30
11344,2,10,seeds,4,g,1,1994-01-31,2006-11-30
11345,1,1,CUP,153,g,1,1994-01-31,2006-11-30
11349,1,1,cup,240,g,1,2013-12-23,2013-12-23
11351,1,1,cup,165,g,1,2013-12-23,2013-12-23
11351,2,1,tbsp,10,g,1,2013-12-23,2013-12-23
11352,1,0.5,"cup, diced",75,g,1,1994-09-29,2013-12-26
11352,2,1,"Potato large (3"" to 4-1/4"" dia)",369,g,1,2002-09-06,2013-12-26
11352,3,1,"Potato medium (2-1/4"" to 3-1/4"" dia)",213,g,1,2002-09-06,2013-12-26
11352,4,1,"Potato small (1-3/4"" to 2-1/2"" dia)",170,g,1,2002-09-06,2013-12-26
11353,1,0.5,"cup, diced",75,g,1,2006-02-23,2013-12-26
11353,2,1,"potato large (3"" to 4-1/4"" dia)",369,g,1,2006-02-23,2013-12-26
11353,3,1,"Potato medium (2-1/4"" to 3-1/4"" dia)",213,g,1,2006-02-23,2013-12-26
11353,4,1,"Potato small (1-3/4"" to 2-1/4"" dia)",170,g,1,2006-02-23,2013-12-26
11354,1,0.5,"cup, diced",75,g,1,2006-02-23,2013-12-26
11354,2,1,"large (3"" to 4-1/4"" dia.)",369,g,1,2006-02-23,2013-12-26
11354,3,1,"medium (2+-1/4"" to 3-1/4"" dia.)",213,g,1,2006-02-23,2013-12-26
11354,4,1,"small (1-3/4"" to 2-1/4"" dia.)",92,g,1,2006-02-23,2013-12-26
11355,1,0.5,"cup, diced",75,g,1,2013-12-23,2013-12-23
11355,2,1,"potato large (3"" to 4-1/4"" dia)",369,g,1,2013-12-23,2013-12-23
11355,3,1,"potato medium (2-1/4"" to 3-1/4"" dia)",213,g,1,2013-12-23,2013-12-23
11355,4,1,"potato small (1-3/4"" to 2-1/4"" dia)",170,g,1,2013-12-23,2013-12-23
11356,1,1,"potato large (3"" to 4-1/4"" dia.",299,g,1,2013-12-23,2013-12-23
11356,2,1,"potato medium (2-1/4"" to 3-1/4"" dia.)",173,g,1,2013-12-23,2013-12-23
11356,3,1,"potato small (1-3/4"" to 2-1/2"" dia.)",138,g,1,2013-12-23,2013-12-23
11357,1,1,"potato large (3"" to 4-1/4"" dia)",299,g,1,2013-12-23,2013-12-23
11357,2,1,"potato medium (2-1/4"" to 3-1/4"" dia)",173,g,1,2013-12-23,2013-12-23
11357,3,1,"potato small (1-3/4"" to 2-1/2"" dia)",138,g,1,2013-12-23,2013-12-23
11358,1,1,"potato large (3"" to 4-1/4"" dia.",299,g,1,2013-12-23,2013-12-23
11358,2,1,"potato medium (2-1/4"" to 3-1/4"" dia.)",173,g,1,2013-12-23,2013-12-23
11358,3,1,"potato small (1-3/4"" to 2-1/2"" dia.)",138,g,1,2013-12-23,2013-12-23
11359,1,10,strip,82,g,1,2013-12-23,2013-12-23
11359,2,3,oz,85,g,1,2013-12-23,2013-12-23
11360,1,10,strip,69,g,1,2011-01-18,2011-01-18
11361,1,3,oz,85,g,1,2013-12-23,2013-12-23
11362,1,1,skin,38,g,1,2013-12-23,2013-12-23
11363,1,0.5,cup,61,g,1,2013-12-23,2013-12-23
11363,2,1,"potato (2-1/3"" x 4-3/4"")",156,g,1,2013-12-23,2013-12-23
11364,1,1,skin,58,g,1,1994-01-31,2006-11-30
11365,1,0.5,CUP,78,g,1,1994-01-31,2006-11-30
11365,2,1,"potato (2-1/2"" dia, sphere)",136,g,1,2002-09-06,2006-11-30
11366,1,1,skin,34,g,1,2013-12-23,2013-12-23
11367,1,0.5,cup,78,g,1,1994-01-31,2013-12-26
11367,2,1,"large (3"" to 4-1/4"" dia.)",300,g,1,2002-09-06,2013-12-26
11367,3,1,"medium (2-1/4"" to 3-1/4"" dia.)",167,g,1,2002-09-06,2013-12-26
11367,4,1,"small (1-3/4"" to 2-1/2"" dia.)",125,g,1,2002-09-06,2013-12-26
11368,1,0.5,cup,78,g,1,2013-12-23,2013-12-23
11368,2,1,"potato (2-1/3"" x 4-3/4"")",156,g,1,2013-12-23,2013-12-23
11369,1,1,skin,58,g,1,2013-12-23,2013-12-23
11370,1,1,cup,156,g,1,2013-12-23,2013-12-23
11371,1,1,cup,210,g,1,2013-12-23,2013-12-23
11372,1,1,cup,245,g,1,2013-12-23,2013-12-23
11373,1,1,cup,245,g,1,2013-12-23,2013-12-23
11374,1,1,"cup, whole",300,g,1,1994-01-31,2006-11-30
11374,2,1,can (303 x 406),454,g,1,2002-09-06,2006-11-30
11376,1,1,CUP,180,g,1,1997-08-29,2006-11-30
11376,2,1,potato,35,g,1,1994-01-31,2006-11-30
11378,1,1,CUP,60,g,1,1999-03-22,2007-03-25
11379,1,1,CUP,210,g,1,1994-01-31,2006-11-30
11380,1,1,CUP,200,g,1,1994-01-31,2006-11-30
11381,1,1,CUP,210,g,1,1994-01-31,2006-11-30
11382,1,1,cup,200,g,1,2013-12-23,2013-12-23
11383,1,1,CUP,210,g,1,1994-01-31,2006-11-30
11384,1,0.167,package (5.5 oz),26,g,1,2013-12-23,2016-03-09
11384,2,1,package (5.5 oz),156,g,1,2013-12-23,2013-12-23
11385,1,0.167,package (5.5 oz) yields,137,g,1,1994-01-31,2006-11-30
11385,2,1,"package yield, 5.5 oz",822,g,1,1997-08-29,2006-11-30
11386,1,0.167,package (5.5 oz),26,g,1,2013-12-23,2016-03-09
11386,2,1,package (5.5 oz),156,g,1,2013-12-23,2013-12-23
11387,1,1,cup (unprepared),245,g,1,1994-01-31,2006-11-30
11387,2,0.167,package (5.5 oz) yields,137,g,1,1997-08-29,2006-11-30
11387,3,1,"package yield, 5.5 oz",822,g,1,2002-09-06,2006-11-30
11390,1,0.5,cup,105,g,1,2013-12-23,2013-12-23
11390,2,1,package (12 oz),340,g,1,2013-12-23,2013-12-23
11391,1,1,cup prepared,150,g,1,1997-08-29,2013-12-26
11391,2,1,"patty, oval (approx 3"" x 1-1/2"" x 1/2"")",29,g,1,1994-01-31,2013-12-26
11391,3,1,"package yield, 12 oz",205,g,1,2002-09-06,2006-11-30
11392,1,1,package (6 oz),170,g,1,2013-12-23,2013-12-23
11394,1,10,strip,30,g,1,2013-12-23,2013-12-23
11395,1,10,strip,21,g,1,2006-02-23,2006-11-30
11398,1,1,cup,120,g,1,2013-12-23,2013-12-23
11398,2,10,pieces,91,g,1,2013-12-23,2013-12-23
11399,1,10,puffs,79,g,1,1994-09-29,2013-12-26
11399,2,10,Crispy Crowns,60,g,1,1999-03-22,2013-12-26
11399,3,1,puff,7,g,1,1998-01-15,2013-12-26
11399,4,1,cup,128,g,1,2013-12-23,2013-12-23
11402,1,10,strip,89,g,1,2013-12-23,2013-12-23
11402,2,1,package (9 oz),255,g,1,2013-12-23,2013-12-23
11403,1,10,fries,76,g,1,1997-08-29,2015-01-07
11403,2,1,"package (9 oz), yields",198,g,1,1994-01-31,2006-11-30
11406,1,10,strips,65,g,1,1996-09-30,2006-11-30
11406,2,1,package (9 oz),255,g,1,2002-09-06,2006-11-30
11407,1,10,strips,50,g,1,1994-01-31,2006-11-30
11407,2,1,"package (9 oz), yields",198,g,1,2002-09-06,2006-11-30
11408,1,10,strips,65,g,1,1996-09-30,2006-11-30
11408,2,1,package (9 oz),255,g,1,2002-09-06,2006-11-30
11409,1,10,strips,50,g,1,1994-01-31,2006-11-30
11409,2,1,"package (9 oz), yields",198,g,1,2002-09-06,2006-11-30
11411,1,10,strip,153,g,1,2006-02-23,2006-11-30
11412,1,10,strip,133,g,1,2013-12-23,2013-12-23
11413,1,1,cup,160,g,1,2013-12-23,2013-12-23
11414,1,1,CUP,250,g,1,1994-01-31,2006-11-30
11416,1,1,cup,33,g,1,2013-12-23,2013-12-23
11416,2,1,flower,2,g,1,2013-12-23,2013-12-23
11417,1,1,cup,134,g,1,2013-12-23,2013-12-23
11418,1,1,cup,39,g,1,2013-12-23,2013-12-23
11419,1,1,cup,71,g,1,2013-12-23,2013-12-23
11422,1,1,"cup (1"" cubes)",116,g,1,1994-01-31,2006-11-30
11423,1,1,"cup, mashed",245,g,1,1994-01-31,2006-11-30
11424,1,1,CUP,245,g,1,1994-01-31,2006-11-30
11426,1,1,CUP,270,g,1,1994-01-31,2006-11-30
11429,1,1,cup slices,116,g,1,1994-09-29,2006-11-30
11429,2,1,"large (1"" to 1-1/4"" dia)",9,g,1,2007-11-28,2007-11-28
11429,3,1,"medium (3/4"" to 1"" dia)",4.5,g,1,2007-11-28,2007-11-28
11429,4,1,slice,1,g,1,2007-11-28,2007-11-28
11429,5,1,small,2,g,1,2007-11-28,2007-11-28
11429,6,0.5,cup slices,58,g,1,2007-11-28,2007-11-28
11430,1,1,cup slices,116,g,1,2013-12-23,2013-12-23
11430,2,1,"radish (7"" long)",338,g,1,2013-12-23,2013-12-23
11431,1,1,"cup, sliced",147,g,1,2013-12-23,2013-12-23
11432,1,1,cup,116,g,1,2013-12-23,2013-12-23
11435,1,1,"cup, cubes",140,g,1,2013-12-23,2013-12-23
11435,2,1,large,772,g,1,2013-12-23,2013-12-23
11435,3,1,medium,386,g,1,2013-12-23,2013-12-23
11435,4,1,small,192,g,1,2013-12-23,2013-12-23
11436,1,1,"cup, cubes",170,g,1,2013-12-23,2013-12-23
11436,2,1,"cup, mashed",240,g,1,2013-12-23,2013-12-23
11438,1,1,"cup, sliced",135,g,1,2013-12-23,2013-12-23
11439,1,1,CUP,142,g,1,1994-01-31,2006-11-30
11439,2,1,"cup, undrained",236,g,1,2002-09-06,2006-11-30
11442,1,2,tbsp (1/8 cup),10,g,1,2013-12-23,2013-12-23
11444,1,2,tbsp (1/8 cup),10,g,1,2013-12-23,2013-12-23
11445,1,2,tbsp (1/8 cup),10,g,1,2013-12-23,2013-12-23
11446,1,10,sheets,26,g,1,2013-12-23,2013-12-23
11446,2,2,tbsp (1/8 cup),10,g,1,2013-12-23,2013-12-23
11450,1,1,cup,256,g,1,2013-12-23,2013-12-23
11451,1,1,cup,180,g,1,2013-12-23,2013-12-23
11452,1,0.5,CUP,35,g,1,1994-01-31,2006-11-30
11452,2,10,sprouts,10,g,1,1997-08-29,2006-11-30
11453,1,1,cup,94,g,1,2013-12-23,2013-12-23
11457,1,1,CUP,30,g,1,1994-09-29,2006-11-30
11457,2,1,bunch,340,g,1,1999-03-22,2006-11-30
11457,3,1,leaf,10,g,1,2002-09-06,2006-11-30
11457,4,1,package (10 oz),284,g,1,2002-09-06,2006-11-30
11458,1,1,CUP,180,g,1,1994-01-31,2006-11-30
11459,1,1,CUP,234,g,1,1994-01-31,2006-11-30
11461,1,1,CUP,214,g,1,1999-03-22,2006-11-30
11463,1,1,CUP,156,g,1,1994-01-31,2006-11-30
11463,2,1,package (10 oz),284,g,1,2002-09-06,2006-11-30
11464,1,0.5,cup,95,g,1,1997-08-29,2013-12-26
11464,2,1,package (10 oz) yields,220,g,1,1994-01-31,2013-12-26
11467,1,1,cup sliced,127,g,1,2013-12-23,2013-12-23
11468,1,1,"cup, sliced",180,g,1,1994-09-29,2006-11-30
11468,2,0.5,cup slices,90,g,1,1997-08-29,2006-11-30
11471,1,1,"cup, diced",210,g,1,2013-12-23,2013-12-23
11471,2,1,"cup, mashed",240,g,1,2013-12-23,2013-12-23
11471,3,1,cup slices,216,g,1,2013-12-23,2013-12-23
11471,4,1,slice,8,g,1,2013-12-23,2013-12-23
11471,5,1,can (303 x 406),241,g,1,2013-12-23,2013-12-23
11473,1,1,cup slices,130,g,1,1994-09-29,2006-11-30
11474,1,1,cup slices,192,g,1,1994-09-29,2006-11-30
11475,1,1,cup slices,130,g,1,2013-12-23,2013-12-23
11476,1,1,"cup, mashed",240,g,1,2013-12-23,2013-12-23
11476,2,1,"cup, sliced",180,g,1,2013-12-23,2013-12-23
11477,1,1,"cup, chopped",124,g,1,1994-09-29,2006-11-30
11477,2,1,"cup, sliced",113,g,1,1998-01-15,2006-11-30
11477,3,1,large,323,g,1,2002-09-06,2006-11-30
11477,4,1,medium,196,g,1,2002-09-06,2006-11-30
11477,5,1,slice,9.9,g,1,2002-09-06,2006-11-30
11477,6,1,small,118,g,1,2002-09-06,2006-11-30
11478,1,1,"cup, sliced",180,g,1,1994-09-29,2006-11-30
11478,2,0.5,"cup, mashed",120,g,1,2002-09-06,2006-11-30
11479,1,0.33,package (10 oz),95,g,1,1997-08-29,2013-12-26
11479,2,1,package (10 oz),284,g,1,2002-09-06,2013-12-26
11479,3,1,package (3 lb),1361,g,1,2013-12-23,2013-12-23
11480,1,1,CUP,223,g,1,1999-03-22,2006-11-30
11481,1,1,cup,227,g,1,2013-12-23,2013-12-23
11482,1,1,"cup, cubes",140,g,1,1997-08-29,2006-11-30
11482,2,1,squash (4 inch dia),431,g,1,1994-01-31,2006-11-30
11483,1,1,"cup, cubes",205,g,1,1994-01-31,2006-11-30
11484,1,1,"cup, mashed",245,g,1,1994-01-31,2006-11-30
11485,1,1,"cup, cubes",140,g,1,2013-12-23,2013-12-23
11486,1,1,"cup, cubes",205,g,1,2013-12-23,2013-12-23
11487,1,0.33,package (12 oz),113,g,1,2013-12-23,2013-12-23
11487,2,1,package (12 oz),340,g,1,2013-12-23,2013-12-23
11487,3,1,package (4 lb),1814,g,1,2013-12-23,2013-12-23
11488,1,1,"cup, mashed",240,g,1,2013-12-23,2013-12-23
11489,1,1,"cup, cubes",116,g,1,2013-12-23,2013-12-23
11490,1,1,"cup, cubes",205,g,1,2013-12-23,2013-12-23
11491,1,1,"cup, mashed",236,g,1,2013-12-23,2013-12-23
11492,1,1,"cup, cubes",101,g,1,2013-12-23,2013-12-23
11493,1,1,cup,155,g,1,2013-12-23,2013-12-23
11496,1,1,cup,192,g,1,2013-12-23,2013-12-23
11497,1,1,CUP,266,g,1,1994-01-31,2006-11-30
11499,1,1,CUP,255,g,1,1994-01-31,2006-11-30
11501,1,1,CUP,156,g,1,1997-08-29,2006-11-30
11501,2,1,package (10 oz),284,g,1,1994-01-31,2006-11-30
11502,1,1,CUP,170,g,1,1994-01-31,2006-11-30
11504,1,1,"cup, chopped",98,g,1,2013-12-23,2013-12-23
11505,1,1,"cup, chopped",35,g,1,2013-12-23,2013-12-23
11505,2,1,"leaf (12-1/4"" long)",16,g,1,2013-12-23,2013-12-23
11506,1,1,cup,64,g,1,2013-12-23,2013-12-23
11507,1,1,"cup, cubes",133,g,1,1994-01-31,2006-11-30
11507,2,1,"sweetpotato, 5"" long",130,g,1,2002-09-06,2006-11-30
11508,1,1,CUP,200,g,1,1994-09-29,2006-11-30
11508,2,1,large,180,g,1,2002-09-06,2006-11-30
11508,3,1,"medium (2"" dia, 5"" long, raw)",114,g,1,2002-09-06,2006-11-30
11508,4,1,small,60,g,1,2002-09-06,2006-11-30
11510,1,1,"cup, mashed",328,g,1,1994-01-31,2006-11-30
11510,2,1,medium,151,g,1,2002-09-06,2006-11-30
11512,1,1,"cup, mashed",255,g,1,1994-01-31,2006-11-30
11512,2,1,cup pieces,200,g,1,1998-01-15,2006-11-30
11514,1,1,CUP,255,g,1,1994-01-31,2006-11-30
11514,2,1,can (404 x 307),496,g,1,2002-09-06,2006-11-30
11516,1,1,"cup, cubes",176,g,1,2013-12-23,2013-12-23
11517,1,1,"cup, cubes",176,g,1,1996-09-30,2006-11-30
11518,1,1,"cup, sliced",104,g,1,1996-09-30,2006-11-30
11519,1,1,"cup, sliced",132,g,1,1996-09-30,2006-11-30
11520,1,1,cup,28,g,1,2013-12-23,2013-12-23
11520,2,1,"leaf (11"" x 6-1/2"")",10,g,1,2013-12-23,2013-12-23
11521,1,1,cup,145,g,1,2013-12-23,2013-12-23
11522,1,0.5,cup slices,43,g,1,2013-12-23,2013-12-23
11522,2,1,shoot,83,g,1,2013-12-23,2013-12-23
11523,1,1,cup slices,140,g,1,2013-12-23,2013-12-23
11525,1,1,cup slices,125,g,1,2013-12-23,2013-12-23
11526,1,1,cup slices,137,g,1,2013-12-23,2013-12-23
11527,1,1,cup,180,g,1,2013-12-23,2013-12-23
11527,2,1,large,182,g,1,2013-12-23,2013-12-23
11527,3,1,medium,123,g,1,2013-12-23,2013-12-23
11527,4,1,slice or wedge,20,g,1,2013-12-23,2013-12-23
11527,5,1,small,91,g,1,2013-12-23,2013-12-23
11529,1,1,cup cherry tomatoes,149,g,1,1994-09-29,2007-03-25
11529,2,1,"cup, chopped or sliced",180,g,1,2002-09-06,2007-03-25
11529,3,1,Italian tomato,62,g,1,2002-09-06,2007-03-25
11529,4,1,cherry,17,g,1,2002-09-06,2007-03-25
11529,5,1,"large whole (3"" dia)",182,g,1,2002-09-06,2007-03-25
11529,6,1,"medium whole (2-3/5"" dia)",123,g,1,2002-09-06,2007-03-25
11529,7,1,"slice, medium (1/4"" thick)",20,g,1,2002-09-06,2007-03-25
11529,8,1,plum tomato,62,g,1,2002-09-06,2007-03-25
11529,9,1,"small whole (2-2/5"" dia)",91,g,1,2002-09-06,2007-03-25
11529,10,1,"slice, thick/large (1/2"" thick)",27,g,1,2002-09-06,2007-03-25
11529,11,1,wedge (1/4 of medium tomato),31,g,1,2002-09-06,2007-03-25
11529,12,1,"slice, thin/small",15,g,1,2002-09-06,2007-03-25
11529,13,1,NLEA serving,148,g,1,2004-07-15,2007-03-25
11530,1,1,CUP,240,g,1,2004-07-15,2006-11-30
11530,2,2,medium,246,g,1,2004-07-15,2006-11-30
11531,1,1,CUP,240,g,1,1994-01-31,2006-11-30
11531,2,1,TBSP,15,g,1,2002-09-06,2006-11-30
11531,3,1,can,190,g,1,2002-09-06,2006-11-30
11531,4,1,large,164,g,1,2002-09-06,2006-11-30
11531,5,1,medium,111,g,1,2002-09-06,2006-11-30
11531,6,1,small,82,g,1,2002-09-06,2006-11-30
11533,1,1,CUP,255,g,1,1994-01-31,2006-11-30
11537,1,1,cup,241,g,1,2013-12-23,2013-12-23
11540,1,1,CUP,243,g,1,1994-09-29,2006-11-30
11540,2,6,FL OZ,182,g,1,1999-03-22,2010-01-05
11546,1,0.25,cup,66,g,1,1994-09-29,2013-12-26
11546,2,1,cup,262,g,1,1999-03-22,2013-12-26
11546,3,1,tbsp,16,g,1,2002-09-06,2013-12-26
11546,4,1,can (6 oz),170,g,1,2013-12-23,2013-12-23
11547,1,1,CUP,250,g,1,1994-01-31,2006-11-30
11547,2,1,can (29 oz) (401 x 411),822,g,1,1999-03-22,2006-11-30
11549,1,1,CUP,245,g,1,1994-01-31,2006-11-30
11551,1,1,CUP,245,g,1,1994-01-31,2006-11-30
11553,1,1,CUP,245,g,1,1994-01-31,2006-11-30
11555,1,0.5,CUP,122,g,1,1994-01-31,2006-11-30
11555,2,1,"can, 15 oz (303 x 406)",425,g,1,1999-03-22,2006-11-30
11557,1,1,CUP,250,g,1,1995-06-19,2006-11-30
11557,2,1,"can, 15 oz (303 x 406)",411,g,1,1999-03-22,2006-11-30
11559,1,1,CUP,244,g,1,1997-08-29,2006-11-30
11559,2,1,"can, 15 oz (303 x 406)",425,g,1,1994-01-31,2006-11-30
11563,1,0.5,"cup, chopped",71,g,1,2013-12-23,2013-12-23
11563,2,1,"frond (6-1/2"" long)",31,g,1,2013-12-23,2013-12-23
11564,1,1,"cup, cubes",130,g,1,2013-12-23,2013-12-23
11564,2,1,large,183,g,1,2013-12-23,2013-12-23
11564,3,1,medium,122,g,1,2013-12-23,2013-12-23
11564,4,1,slice,15,g,1,2013-12-23,2013-12-23
11564,5,1,small,61,g,1,2013-12-23,2013-12-23
11564,6,0.5,"cup, cubes",65,g,1,2013-12-23,2013-12-23
11565,1,1,"cup, cubes",156,g,1,1994-01-31,2006-11-30
11565,2,1,"cup, mashed",230,g,1,2002-09-06,2006-11-30
11566,1,0.333,"package, mashed (10 oz)",94,g,1,2013-12-23,2016-03-09
11566,2,1,"package, mashed (10 oz)",284,g,1,2013-12-23,2013-12-23
11567,1,1,cup,156,g,1,2013-12-23,2013-12-23
11568,1,1,"cup, chopped",55,g,1,1994-01-31,2006-11-30
11569,1,1,"cup, chopped",144,g,1,1994-01-31,2006-11-30
11570,1,0.5,CUP,117,g,1,1994-01-31,2006-11-30
11570,2,1,"can, 15 oz (303 x 406)",425,g,1,1999-03-22,2006-11-30
11574,1,0.5,"cup, chopped or diced",82,g,1,1994-01-31,2006-11-30
11574,2,1,package (10 oz),284,g,1,1997-08-29,2006-11-30
11575,1,1,CUP,164,g,1,1994-09-29,2006-11-30
11575,2,1,package (10 oz) yields,220,g,1,2002-09-06,2006-11-30
11576,1,0.33,package (10 oz),95,g,1,2013-12-23,2013-12-23
11576,2,1,package (10 oz),284,g,1,2013-12-23,2013-12-23
11576,3,1,package (3 lb),1361,g,1,2013-12-23,2013-12-23
11577,1,1,CUP,163,g,1,1997-08-29,2006-11-30
11578,1,1,cup,253,g,1,1994-09-29,2013-12-26
11578,2,6,FL OZ,182,g,1,1999-03-22,2010-01-05
11579,1,1,CUP,245,g,1,1994-01-31,2006-11-30
11581,1,1,CUP,163,g,1,1994-01-31,2006-11-30
11583,1,0.33,package (10 oz),95,g,1,1999-03-22,2013-12-26
11583,2,1,package (10 oz),284,g,1,1994-01-31,2013-12-26
11583,3,1,pack (2-1/2 lb),1134,g,1,2013-12-23,2013-12-23
11584,1,0.5,cup,91,g,1,1997-08-29,2013-12-26
11584,2,1,package (10 oz) yields,275,g,1,1994-01-31,2013-12-26
11585,1,1,cup,254,g,1,2013-12-23,2013-12-23
11585,2,6,fl oz,182,g,1,2013-12-23,2013-12-23
11588,1,0.5,cup slices,62,g,1,2013-12-23,2013-12-23
11588,2,4,waterchestnuts,36,g,1,2013-12-23,2013-12-23
11590,1,0.5,cup slices,70,g,1,1994-11-02,2006-11-30
11590,2,4,waterchestnuts,28,g,1,2002-09-06,2006-11-30
11591,1,1,"cup, chopped",34,g,1,2013-12-23,2013-12-23
11591,2,1,sprig,2.5,g,1,2013-12-23,2013-12-23
11591,3,10,sprigs,25,g,1,2013-12-23,2013-12-23
11593,1,1,"cup, cubes",132,g,1,2013-12-23,2013-12-23
11593,2,1,waxgourd,5700,g,1,2013-12-23,2013-12-23
11594,1,1,"cup, cubes",175,g,1,2013-12-23,2013-12-23
11595,1,1,cup slices,44,g,1,2013-12-23,2013-12-23
11595,2,1,pod,16,g,1,2013-12-23,2013-12-23
11596,1,1,cup,62,g,1,2013-12-23,2013-12-23
11601,1,1,"cup, cubes",150,g,1,1994-01-31,2006-11-30
11602,1,1,"cup, cubes",136,g,1,1994-01-31,2006-11-30
11602,2,0.5,"cup, cubes",68,g,1,2007-11-28,2007-11-28
11603,1,1,cup slices,120,g,1,2013-12-23,2013-12-23
11603,2,1,cup,130,g,1,2013-12-23,2013-12-23
11603,3,1,large,1200,g,1,2013-12-23,2013-12-23
11603,4,1,medium,659,g,1,2013-12-23,2013-12-23
11603,5,1,slice,6,g,1,2013-12-23,2013-12-23
11603,6,1,small,365,g,1,2013-12-23,2013-12-23
11605,1,1,cup slices,246,g,1,1994-09-29,2006-11-30
11609,1,1,cup slices,227,g,1,2013-12-23,2013-12-23
11613,1,1,"cup (1"" pieces)",89,g,1,2013-12-23,2013-12-23
11615,1,1,TBSP,0.2,g,1,1994-11-17,2006-11-30
11615,2,0.25,CUP,0.8,g,1,1997-08-29,2006-11-30
11620,1,1,cup slices,100,g,1,2015-01-06,2015-01-06
11620,2,1,"pod (15-1/3"" long)",11,g,1,2013-12-23,2013-12-23
11621,1,1,cup slices,118,g,1,2013-12-23,2013-12-23
11624,1,1,tbsp,0.2,g,1,2013-12-23,2013-12-23
11624,2,0.25,cup,0.8,g,1,2013-12-23,2013-12-23
11626,1,1,CUP,125,g,1,1994-01-31,2006-11-30
11632,1,1,"cup, chopped",136,g,1,1994-11-17,2006-11-30
11632,2,1,"cup, sliced",104,g,1,1997-08-29,2006-11-30
11632,3,1,pepper,22,g,1,2002-09-06,2006-11-30
11637,1,0.5,cup slices,50,g,1,2013-12-23,2013-12-23
11637,2,1,"radish (7"" long)",17,g,1,2013-12-23,2013-12-23
11640,1,1,tbsp,0.9,g,1,2013-12-23,2013-12-23
11640,2,0.25,cup,3.6,g,1,2013-12-23,2013-12-23
11641,1,1,"cup, sliced",113,g,1,1994-09-29,2006-11-30
11641,2,1,large,323,g,1,2002-09-06,2006-11-30
11641,3,1,medium,196,g,1,2002-09-06,2006-11-30
11641,4,1,slice,9.9,g,1,2002-09-06,2006-11-30
11641,5,1,small,118,g,1,2002-09-06,2006-11-30
11642,1,1,"cup, sliced",180,g,1,1994-09-29,2006-11-30
11643,1,1,"cup, cubes",116,g,1,1994-09-29,2006-11-30
11644,1,1,"cup, cubes",205,g,1,1994-01-31,2006-11-30
11645,1,1,CUP,228,g,1,1994-01-31,2006-11-30
11645,2,1,can (404 x 307),638,g,1,2002-09-06,2006-11-30
11647,1,1,CUP,196,g,1,1994-01-31,2006-11-30
11649,1,1,CUP,244,g,1,1997-08-29,2006-11-30
11649,2,1,"can, 15 oz (303 x 406)",425,g,1,1994-01-31,2006-11-30
11655,1,1,cup,236,g,1,2013-12-23,2013-12-23
11655,2,1,fl oz,29.5,g,1,2013-12-23,2013-12-23
11656,1,1,cup,250,g,1,2013-12-23,2013-12-23
11656,2,0.667,cup (#6 scoop),167,g,1,2013-12-23,2016-03-09
11657,1,1,cup,210,g,1,2013-12-23,2013-12-23
11658,1,1,cup,136,g,1,2013-12-23,2013-12-23
11658,2,1,recipe yield,813,g,1,2013-12-23,2013-12-23
11659,1,1,"piece (2-1/2"" x 2"" dia)",105,g,1,1994-01-31,2006-11-30
11660,1,1,cup,101,g,1,2013-12-23,2013-12-23
11660,2,1,recipe yield,604,g,1,2013-12-23,2013-12-23
11667,1,1,cup,112,g,1,2013-12-23,2013-12-23
11667,2,1,tablespoon,7,g,1,2013-12-23,2013-12-23
11669,1,2,tbsp (1/8 cup),10,g,1,2013-12-23,2013-12-23
11670,1,1,pepper,45,g,1,1994-11-02,2006-11-30
11670,2,0.5,"cup, chopped or diced",75,g,1,1997-08-29,2006-11-30
11671,1,1,cup,194,g,1,2013-12-23,2013-12-23
11671,2,1,recipe yield,1162,g,1,2013-12-23,2013-12-23
11672,1,1,"small 2-3/4 in. dia., 5/8 in. thick.",22,g,1,2013-12-23,2013-12-23
11672,2,1,"medium 3-1/4 in. x 3-5/8 in., 5/8 in. thick.",37,g,1,2013-12-23,2013-12-23
11674,1,1,NLEA serving,148,g,1,1994-01-31,2013-12-26
11674,2,1,potato large,299,g,1,2002-09-06,2013-12-26
11674,3,1,potato medium,173,g,1,2002-09-06,2013-12-26
11674,4,1,potato small,138,g,1,2004-07-15,2013-12-26
11675,1,1,"potato (2-3/4"" dia by 4-3/4"" long)",202,g,1,2013-12-23,2013-12-23
11676,1,1,cup,38,g,1,2013-12-23,2013-12-23
11677,1,1,tbsp chopped,10,g,1,2013-12-23,2013-12-23
11683,1,1,cup,74,g,1,2013-12-23,2013-12-23
11693,1,0.5,cup,121,g,1,2013-12-23,2013-12-23
11695,1,1,"cup, chopped",158,g,1,2013-12-23,2013-12-23
11695,2,1,tomato,111,g,1,2013-12-23,2013-12-23
11696,1,1,"cup, chopped",139,g,1,2013-12-23,2013-12-23
11696,2,1,tomato,212,g,1,2013-12-23,2013-12-23
11697,1,1,"cup, sliced",120,g,1,1997-08-29,2006-11-30
11697,2,1,root,33,g,1,2002-09-06,2006-11-30
11700,1,1,cup,132,g,1,2013-12-23,2013-12-23
11702,1,1,"artichoke, medium",120,g,1,1996-09-30,2006-11-30
11702,2,0.5,cup hearts,84,g,1,2002-09-06,2006-11-30
11703,1,1,cup,168,g,1,2013-12-23,2013-12-23
11703,2,1,"package (9 oz), yields",240,g,1,2013-12-23,2013-12-23
11703,3,0.333,package (9 oz) yields,80,g,1,2013-12-23,2016-03-09
11705,1,0.5,CUP,90,g,1,1994-01-31,2006-11-30
11705,2,4,"spears (1/2"" base)",60,g,1,2002-09-06,2006-11-30
11707,1,0.5,cup,122,g,1,2013-12-23,2013-12-23
11707,2,1,can (300 x 407),411,g,1,2013-12-23,2013-12-23
11709,1,1,CUP,180,g,1,1997-08-29,2006-11-30
11709,2,1,package (10 oz) yields,293,g,1,1994-01-31,2006-11-30
11709,3,4,spears,60,g,1,2002-09-06,2006-11-30
11712,1,1,"cup (1/2"" slices)",120,g,1,2013-12-23,2013-12-23
11712,2,1,shoot,144,g,1,2013-12-23,2013-12-23
11714,1,1,CUP,170,g,1,1994-01-31,2006-11-30
11715,1,1,cup,248,g,1,2013-12-23,2013-12-23
11715,2,1,can (303 x 406),454,g,1,2013-12-23,2013-12-23
11716,1,1,cup,180,g,1,1994-01-31,2011-01-18
11716,2,1,package (10 oz) yields,311,g,1,2002-09-06,2011-01-18
11717,1,1,cup,170,g,1,1994-01-31,2011-01-18
11717,2,1,package (10 oz) yields,311,g,1,2002-09-06,2011-01-18
11718,1,1,CUP,124,g,1,1994-11-17,2006-11-30
11720,1,0.333,package (10 oz) yields,94,g,1,1997-08-29,2016-03-09
11720,2,1,package (10 oz) yields,284,g,1,2007-11-28,2013-12-26
11722,1,1,"cup 1/2"" pieces",100,g,1,2015-01-06,2015-01-06
11722,2,10,"beans (4"" long)",55,g,1,2013-12-23,2013-12-23
11723,1,1,CUP,125,g,1,1994-01-31,2006-11-30
11724,1,1,cup,125,g,1,2013-12-23,2013-12-23
11725,1,1,cup,125,g,1,2013-12-23,2013-12-23
11726,1,0.5,cup,120,g,1,2013-12-23,2013-12-23
11726,2,1,can (303 x 406),439,g,1,2013-12-23,2013-12-23
11727,1,0.5,CUP,120,g,1,1994-01-31,2006-11-30
11727,2,1,can (303 x 406),439,g,1,2002-09-06,2006-11-30
11728,1,0.5,cup,120,g,1,2013-12-23,2013-12-23
11728,2,1,can (303 x 406),439,g,1,2013-12-23,2013-12-23
11729,1,1,cup,153,g,1,2013-12-23,2013-12-23
11729,2,10,beans,62,g,1,2013-12-23,2013-12-23
11729,3,1,can (303 x 406),262,g,1,2013-12-23,2013-12-23
11730,1,1,CUP,121,g,1,1996-09-30,2010-01-04
11730,2,1,package (10 oz),284,g,1,2002-09-06,2006-11-30
11731,1,1,CUP,135,g,1,1994-01-31,2006-11-30
11732,1,1,cup,135,g,1,2013-12-23,2013-12-23
11733,1,1,cup,135,g,1,2013-12-23,2013-12-23
11734,1,0.5,cup slices,85,g,1,1994-01-31,2006-11-30
11734,2,2,"beets (2"" dia, sphere)",100,g,1,2015-01-06,2015-01-06
11735,1,1,cup,246,g,1,2013-12-23,2013-12-23
11736,1,1,"cup (1"" pieces)",144,g,1,1994-01-31,2006-11-30
11740,1,1,cup flowerets,71,g,1,2013-12-23,2013-12-23
11740,2,1,floweret,11,g,1,2013-12-23,2013-12-23
11741,1,1,stalk,114,g,1,2013-12-23,2013-12-23
11742,1,0.5,"cup, chopped",78,g,1,1997-08-29,2013-12-26
11742,2,1,"stalk, large (11""-12"" long)",280,g,1,1994-01-31,2013-12-26
11742,3,1,"stalk, medium (7-1/2"" - 8"" long)",180,g,1,2002-09-06,2013-12-26
11742,4,1,"stalk, small (5"" long)",140,g,1,2002-09-06,2013-12-26
11742,5,1,"spear (about 5"" long)",37,g,1,2002-09-06,2013-12-26
11743,1,1,CUP,184,g,1,1994-01-31,2006-11-30
11744,1,0.5,cup,92,g,1,1994-01-31,2013-12-26
11744,2,1,package (10 oz) yields,250,g,1,2002-09-06,2013-12-26
11745,1,1,sprout,21,g,1,1994-01-31,2006-11-30
11745,2,0.5,CUP,78,g,1,2002-09-06,2006-11-30
11746,1,1,CUP,155,g,1,1994-01-31,2006-11-30
11749,1,0.5,"cup, shredded",35,g,1,2013-12-23,2013-12-23
11749,2,1,head,908,g,1,2013-12-23,2013-12-23
11750,1,0.5,"cup, shredded",35,g,1,2013-12-23,2013-12-23
11750,2,1,head,908,g,1,2013-12-23,2013-12-23
11751,1,0.5,"cup, shredded",75,g,1,2013-12-23,2013-12-23
11751,2,1,head,1262,g,1,2013-12-23,2013-12-23
11752,1,1,leaf,22,g,1,1994-01-31,2006-11-30
11752,2,0.5,"cup, shredded",75,g,1,2002-09-06,2006-11-30
11753,1,1,"cup, shredded",145,g,1,2013-12-23,2013-12-23
11754,1,1,"cup, shredded",170,g,1,1994-01-31,2006-11-30
11755,1,1,"cup, shredded",119,g,1,2013-12-23,2013-12-23
11755,2,1,leaf,14,g,1,2013-12-23,2013-12-23
11757,1,1,TBSP,9.7,g,1,1997-08-29,2006-11-30
11757,2,0.5,cup slices,78,g,1,1994-01-31,2006-11-30
11757,3,1,carrot,46,g,1,2002-09-06,2006-11-30
11758,1,0.5,cup slices,123,g,1,2013-12-23,2013-12-23
11758,2,1,can (303 x 406),454,g,1,2013-12-23,2013-12-23
11759,1,1,"cup, sliced",146,g,1,2013-12-23,2013-12-23
11759,2,1,"cup, mashed",228,g,1,2013-12-23,2013-12-23
11759,3,1,slice,2.8,g,1,2013-12-23,2013-12-23
11759,4,1,can (303 x 406),284,g,1,2013-12-23,2013-12-23
11760,1,1,cup slices,146,g,1,1994-09-29,2006-11-30
11761,1,0.5,"cup (1"" pieces)",62,g,1,1994-01-31,2006-11-30
11761,2,3,flowerets,54,g,1,2002-09-06,2006-11-30
11762,1,1,"cup (1"" pieces)",180,g,1,1994-01-31,2006-11-30
11764,1,1,"cup, diced",150,g,1,2013-12-23,2013-12-23
11764,2,2,stalks,75,g,1,2013-12-23,2013-12-23
11766,1,1,"cup (1"" pieces)",160,g,1,2013-12-23,2013-12-23
11768,1,1,"cup, chopped",190,g,1,1994-01-31,2006-11-30
11769,1,1,"cup, chopped",170,g,1,1994-01-31,2006-11-30
11770,1,1,"ear small (5-1/2"" to 6-1/2"" long)",89,g,1,2013-12-23,2013-12-23
11770,2,1,"ear medium (6-3/4"" to 7-1/2"" long)",103,g,1,2013-12-23,2013-12-23
11770,3,1,"ear large (7-3/4"" to 9"" long)",118,g,1,2013-12-23,2013-12-23
11770,4,1,cup,149,g,1,2013-12-23,2013-12-23
11770,5,1,baby ear,8,g,1,2013-12-23,2013-12-23
11770,6,1,"ear, yields",77,g,1,2013-12-23,2013-12-23
11771,1,1,cup,256,g,1,2013-12-23,2013-12-23
11771,2,1,can (303 x 406),482,g,1,2013-12-23,2013-12-23
11772,1,1,cup,256,g,1,2013-12-23,2013-12-23
11772,2,1,can (303 x 406),482,g,1,2013-12-23,2013-12-23
11773,1,1,cup,210,g,1,2013-12-23,2013-12-23
11773,2,1,can (303 x 406),340,g,1,2013-12-23,2013-12-23
11774,1,1,cup,165,g,1,1994-01-31,2011-01-18
11774,2,1,package (10 oz) yields,284,g,1,2002-09-06,2011-01-18
11775,1,1,cup kernels,165,g,1,1994-01-31,2011-01-18
11775,2,1,"ear, yields",63,g,1,2002-09-06,2011-01-18
11777,1,1,cup,165,g,1,2013-12-23,2013-12-23
11778,1,1,cup,170,g,1,2013-12-23,2013-12-23
11779,1,1,cup,95,g,1,2013-12-23,2013-12-23
11780,1,1,"cup, chopped",53,g,1,2013-12-23,2013-12-23
11781,1,1,cup,135,g,1,2013-12-23,2013-12-23
11783,1,1,"cup (1"" cubes)",99,g,1,1994-01-31,2006-11-30
11784,1,1,"cup (1"" cubes)",146,g,1,2013-12-23,2013-12-23
11785,1,1,"cup (1"" pieces)",178,g,1,2013-12-23,2013-12-23
11785,2,0.5,"cup (1"" slices)",89,g,1,2013-12-23,2013-12-23
11788,1,1,cup,87,g,1,2013-12-23,2013-12-23
11789,1,1,cup,87,g,1,2013-12-23,2013-12-23
11790,1,1,cup,118,g,1,1994-01-31,2019-02-13
11791,1,1,cup,118,g,1,1994-01-31,2019-02-13
11793,1,1,cup slices,165,g,1,2013-12-23,2013-12-23
11794,1,1,"cup, chopped",180,g,1,2013-12-23,2013-12-23
11795,1,1,leek,124,g,1,1998-03-27,2006-11-30
11795,2,0.25,"cup, chopped",26,g,1,2002-09-06,2006-11-30
11796,1,0.5,cup,60,g,1,2013-12-23,2013-12-23
11796,2,10,"slices (2-1/2"" dia)",89,g,1,2013-12-23,2013-12-23
11797,1,1,cup pieces,156,g,1,2013-12-23,2013-12-23
11797,2,1,tbsp,9.8,g,1,2013-12-23,2013-12-23
11797,3,1,mushroom,12,g,1,2013-12-23,2013-12-23
11798,1,1,cup pieces,145,g,1,2013-12-23,2013-12-23
11798,2,4,mushrooms,72,g,1,2013-12-23,2013-12-23
11799,1,1,"cup, chopped",140,g,1,1994-01-31,2006-11-30
11800,1,1,"cup, chopped or diced",150,g,1,1994-01-31,2011-01-18
11800,2,1,package (10 oz) yields,212,g,1,1997-08-29,2011-01-18
11802,1,1,"cup, chopped",180,g,1,2013-12-23,2013-12-23
11803,1,0.5,cup slices,80,g,1,1994-01-31,2006-11-30
11803,2,8,"pods (3"" long)",85,g,1,2002-09-06,2006-11-30
11804,1,0.5,cup slices,92,g,1,1994-01-31,2013-12-26
11804,2,1,package (10 oz) yields,255,g,1,2002-09-06,2013-12-26
11805,1,1,CUP,210,g,1,1997-08-29,2006-11-30
11805,2,1,tbsp chopped,15,g,1,1994-11-02,2006-11-30
11805,3,1,large,128,g,1,2002-09-06,2006-11-30
11805,4,1,"slice large (1/4"" thick)",32,g,1,2002-09-06,2015-01-07
11805,5,1,medium,94,g,1,2002-09-06,2006-11-30
11805,6,1,"slice medium (1/8"" thick)",12,g,1,2004-07-15,2006-11-30
11805,7,1,small,60,g,1,2004-07-15,2006-11-30
11805,8,1,slice thin,8,g,1,2004-07-15,2006-11-30
11806,1,1,tbsp chopped,15,g,1,1994-11-17,2006-11-30
11806,2,0.5,"cup, chopped or diced",105,g,1,1997-08-29,2006-11-30
11807,1,1,CUP,210,g,1,1997-08-29,2006-11-30
11808,1,0.5,cup slices,78,g,1,2013-12-23,2013-12-23
11808,2,1,"parsnip (9"" long)",160,g,1,2013-12-23,2013-12-23
11809,1,1,CUP,160,g,1,1994-01-31,2006-11-30
11810,1,1,CUP,160,g,1,1997-08-29,2006-11-30
11810,2,1,package (10 oz) yields,253,g,1,1994-01-31,2006-11-30
11811,1,1,cup,160,g,1,2013-12-23,2013-12-23
11812,1,0.5,cup,124,g,1,2013-12-23,2013-12-23
11812,2,1,can (303 x 406),482,g,1,2013-12-23,2013-12-23
11813,1,0.5,cup,85,g,1,2013-12-23,2013-12-23
11813,2,1,can (303 x 406),313,g,1,2013-12-23,2013-12-23
11814,1,0.5,CUP,80,g,1,1994-01-31,2009-02-11
11814,2,1,package (10 oz) yields,253,g,1,2002-09-06,2009-02-11
11816,1,1,cup,255,g,1,2013-12-23,2013-12-23
11817,1,0.5,cup,80,g,1,1994-01-31,2013-12-26
11817,2,1,package (10 oz) yields,278,g,1,2002-09-06,2013-12-26
11818,1,1,CUP,180,g,1,1994-01-31,2006-11-30
11819,1,1,pepper,45,g,1,2013-12-23,2013-12-23
11819,2,0.5,"cup, chopped or diced",75,g,1,2013-12-23,2013-12-23
11820,1,1,pepper,73,g,1,1994-11-02,2006-11-30
11820,2,0.5,"cup, chopped or diced",68,g,1,1997-08-29,2006-11-30
11821,1,1,"cup, chopped",149,g,1,1994-09-29,2006-11-30
11821,2,1,"cup, sliced",92,g,1,1997-08-29,2006-11-30
11821,3,1,tablespoon,9.3,g,1,1998-01-15,2015-01-07
11821,4,1,"large (2-1/4 per pound, approx 3-3/4"" long, 3"" dia.)",164,g,1,2002-09-06,2006-11-30
11821,5,1,"medium (approx 2-3/4"" long, 2-1/2 dia.)",119,g,1,2002-09-06,2006-11-30
11821,6,1,small,74,g,1,2002-09-06,2006-11-30
11821,7,1,"ring (3"" dia., 1/4"" thick)",10,g,1,2002-09-06,2006-11-30
11822,1,1,tbsp,11.6,g,1,2013-12-23,2013-12-23
11822,2,1,pepper,73,g,1,2013-12-23,2013-12-23
11822,3,0.5,"cup, chopped",92,g,1,2013-12-23,2013-12-23
11823,1,1,"cup, strips",135,g,1,2013-12-23,2013-12-23
11823,2,1,tbsp,11.6,g,1,2013-12-23,2013-12-23
11823,3,0.5,"cup, chopped",68,g,1,2013-12-23,2013-12-23
11824,1,1,tbsp,12,g,1,2013-12-23,2013-12-23
11824,2,1,pepper,73,g,1,2013-12-23,2013-12-23
11824,3,0.5,"cup, chopped",92,g,1,2013-12-23,2013-12-23
11825,1,1,"cup, chopped or strips",135,g,1,2013-12-23,2013-12-23
11825,2,1,"tablespoon, chopped",11.6,g,1,2013-12-23,2013-12-23
11826,1,1,CUP,153,g,1,1994-01-31,2006-11-30
11828,1,0.5,cup,61,g,1,2013-12-23,2013-12-23
11828,2,1,"potato large (3"" to 4-1/4"" dia)",299,g,1,2013-12-23,2013-12-23
11828,3,1,"potato medium (2-1/4"" to 3-1/4"" dia)",173,g,1,2013-12-23,2013-12-23
11828,4,1,"potato small (1-3/4"" to 2-1/2"" dia)",138,g,1,2013-12-23,2013-12-23
11828,5,1,NLEA serving,148,g,1,2013-12-23,2013-12-23
11829,1,0.5,cup,61,g,1,2013-12-23,2013-12-23
11829,2,1,"potato (2-1/3"" x 4-3/4"")",156,g,1,2013-12-23,2013-12-23
11830,1,1,skin,58,g,1,2013-12-23,2013-12-23
11831,1,0.5,CUP,78,g,1,1994-01-31,2006-11-30
11831,2,1,"potato (2-1/2"" dia, sphere)",136,g,1,2002-09-06,2006-11-30
11832,1,1,skin,34,g,1,1997-08-29,2006-11-30
11833,1,0.5,cup,78,g,1,1994-01-31,2013-12-26
11833,2,1,"large (3"" to 4-1/4"" dia.)",300,g,1,2002-09-06,2013-12-26
11833,3,1,"medium (2-1/4"" to 2-1/4"" dia.)",167,g,1,2002-09-06,2013-12-26
11833,4,1,"small (1-3/4"" to 2-1/2"" dia.)",125,g,1,2002-09-06,2013-12-26
11834,1,1,"potato (2-1/3"" x 4-3/4"")",202,g,1,2013-12-23,2013-12-23
11835,1,0.5,cup,78,g,1,2013-12-23,2013-12-23
11835,2,1,"potato (2-1/3"" x 4-3/4"")",156,g,1,2013-12-23,2013-12-23
11836,1,1,skin,58,g,1,2013-12-23,2013-12-23
11840,1,10,strips,50,g,1,1994-01-31,2006-11-30
11840,2,1,package (9 oz) yields,198,g,1,1997-08-29,2006-11-30
11841,1,10,strip,74,g,1,2013-12-23,2013-12-23
11842,1,10,strips,65,g,1,2013-12-23,2013-12-23
11842,2,1,package (9 oz),255,g,1,2013-12-23,2013-12-23
11843,1,1,cup,245,g,1,2013-12-23,2013-12-23
11844,1,1,cup,245,g,1,2013-12-23,2013-12-23
11845,1,1,"cup, mashed",245,g,1,2013-12-23,2013-12-23
11846,1,1,CUP,245,g,1,1994-01-31,2006-11-30
11847,1,1,cup,134,g,1,2013-12-23,2013-12-23
11848,1,1,cup,71,g,1,2013-12-23,2013-12-23
11850,1,1,cup slices,147,g,1,2013-12-23,2013-12-23
11851,1,0.5,"cup, mashed",120,g,1,2013-12-23,2013-12-23
11853,1,1,cup,180,g,1,2013-12-23,2013-12-23
11854,1,1,CUP,180,g,1,1994-01-31,2006-11-30
11855,1,1,cup,234,g,1,2013-12-23,2013-12-23
11856,1,0.5,cup,95,g,1,1994-01-31,2013-12-26
11856,2,1,package (10 oz) yields,220,g,1,2002-09-06,2013-12-26
11857,1,1,cup slices,180,g,1,2013-12-23,2013-12-23
11858,1,1,cup slices,180,g,1,1994-09-29,2006-11-30
11859,1,1,cup slices,192,g,1,1994-09-29,2006-11-30
11860,1,0.5,cup slices,90,g,1,2013-12-23,2013-12-23
11860,2,0.5,"cup, mashed",120,g,1,2013-12-23,2013-12-23
11861,1,0.5,cup slices,90,g,1,1994-01-31,2006-11-30
11861,2,0.5,"cup, mashed",120,g,1,2002-09-06,2006-11-30
11862,1,1,CUP,223,g,1,1994-01-31,2006-11-30
11863,1,1,"cup, cubes",205,g,1,2013-12-23,2013-12-23
11864,1,1,"cup, cubes",205,g,1,2013-12-23,2013-12-23
11865,1,1,"cup, mashed",245,g,1,2013-12-23,2013-12-23
11866,1,1,"cup, cubes",205,g,1,2013-12-23,2013-12-23
11867,1,1,"cup, mashed",240,g,1,2013-12-23,2013-12-23
11868,1,1,"cup, cubes",205,g,1,2013-12-23,2013-12-23
11869,1,1,"cup, mashed",236,g,1,2013-12-23,2013-12-23
11870,1,1,cup,155,g,1,2013-12-23,2013-12-23
11871,1,1,cup,192,g,1,2013-12-23,2013-12-23
11872,1,1,CUP,170,g,1,1994-01-31,2006-11-30
11874,1,1,cup,64,g,1,2013-12-23,2013-12-23
11875,1,1,"medium (2"" dia, 5"" long, raw)",114,g,1,2013-12-23,2013-12-23
11875,2,0.5,"cup, mashed",100,g,1,2015-01-06,2015-01-06
11876,1,1,"cup, mashed",328,g,1,2013-12-23,2013-12-23
11876,2,1,medium,151,g,1,2013-12-23,2013-12-23
11877,1,1,"cup, cubes",176,g,1,1996-09-30,2006-11-30
11878,1,1,cup slices,132,g,1,1996-09-30,2006-11-30
11879,1,1,cup,145,g,1,2013-12-23,2013-12-23
11880,1,1,cup slices,140,g,1,2013-12-23,2013-12-23
11881,1,1,cup slices,137,g,1,2013-12-23,2013-12-23
11884,1,1,cup,240,g,1,2013-12-23,2013-12-23
11884,2,0.5,cup,120,g,1,2013-12-23,2013-12-23
11884,3,1,NLEA serving,121,g,1,2013-12-23,2013-12-23
11885,1,1,cup,240,g,1,2013-12-23,2013-12-23
11885,2,1,tbsp,15,g,1,2013-12-23,2013-12-23
11885,3,1,can,190,g,1,2013-12-23,2013-12-23
11885,4,1,large,164,g,1,2013-12-23,2013-12-23
11885,5,1,medium,111,g,1,2013-12-23,2013-12-23
11885,6,1,small,82,g,1,2013-12-23,2013-12-23
11885,7,0.5,cup,120,g,1,2013-12-23,2013-12-23
11886,1,1,CUP,243,g,1,2007-11-28,2007-11-28
11886,2,1,FL OZ,30.4,g,1,1997-08-29,2010-01-05
11886,3,6,FL OZ,182,g,1,2007-11-28,2010-01-05
11888,1,1,CUP,250,g,1,1994-01-31,2006-11-30
11888,2,1,can (29 oz) (401 x 411),822,g,1,1999-03-22,2006-11-30
11889,1,1,"cup, cubes",156,g,1,1997-08-29,2006-11-30
11889,2,1,"cup, mashed",230,g,1,1994-01-31,2006-11-30
11890,1,1,cup,156,g,1,2013-12-23,2013-12-23
11891,1,1,"cup, chopped",144,g,1,1994-01-31,2006-11-30
11892,1,0.5,cup,82,g,1,1994-01-31,2013-12-26
11892,2,1,package (10 oz) yields,220,g,1,2002-09-06,2013-12-26
11893,1,1,CUP,163,g,1,1994-01-31,2006-11-30
11893,2,0.5,CUP,86,g,1,2007-11-28,2007-11-28
11894,1,0.5,cup,91,g,1,1994-01-31,2013-12-26
11894,2,1,package (10 oz) yields,275,g,1,2002-09-06,2013-12-26
11895,1,1,"cup, cubes",175,g,1,2013-12-23,2013-12-23
11896,1,1,cup,62,g,1,2013-12-23,2013-12-23
11896,2,0.5,cup,31,g,1,2013-12-23,2013-12-23
11897,1,1,"cup, cubes",136,g,1,1994-01-31,2006-11-30
11897,2,0.5,"cup, cubes",68,g,1,2007-11-28,2007-11-28
11899,1,1,cup slices,104,g,1,2013-12-23,2013-12-23
11899,2,1,pod,14,g,1,2013-12-23,2013-12-23
11900,1,1,"ear, small (5-1/2"" to 6-1/2"" long)",73,g,1,2013-12-23,2013-12-23
11900,2,1,"ear, medium (6-3/4"" to 7-1/2"" long)",90,g,1,2013-12-23,2013-12-23
11900,3,1,"ear, large (7-3/4"" to 9"" long)",143,g,1,2013-12-23,2013-12-23
11900,4,1,cup kernels,154,g,1,2013-12-23,2013-12-23
11901,1,1,"ear, small (5-1/2"" to 6-1/2"" long)",89,g,1,2013-12-23,2013-12-23
11901,2,1,"ear, medium (6-3/4"" to 7-1/2"" long)",103,g,1,2013-12-23,2013-12-23
11901,3,1,"ear, large (7-3/4"" to 9"" long)",116,g,1,2013-12-23,2013-12-23
11901,4,1,cup cut,157,g,1,2013-12-23,2013-12-23
11901,5,1,"ear, yields",77,g,1,2013-12-23,2013-12-23
11902,1,1,"ear, small (5-1/2"" to 6-1/2"" long)",89,g,1,2013-12-23,2013-12-23
11902,2,1,"ear, medium (6-3/4"" to 7-1/2"" long)",103,g,1,2013-12-23,2013-12-23
11902,3,1,"ear, large (7-3/4"" to 9"" long)",118,g,1,2013-12-23,2013-12-23
11902,4,1,cup cut,157,g,1,2013-12-23,2013-12-23
11902,5,1,"ear, yields",77,g,1,2013-12-23,2013-12-23
11903,1,1,cup,256,g,1,1994-01-31,2011-01-18
11903,2,1,can (303 x 406),482,g,1,2002-09-06,2006-11-30
11904,1,1,cup,256,g,1,2013-12-23,2013-12-23
11904,2,1,can (303 x 406),482,g,1,2013-12-23,2013-12-23
11905,1,1,CUP,164,g,1,1994-09-29,2006-11-30
11905,2,1,can (303 x 406),298,g,1,1997-08-29,2006-11-30
11906,1,1,CUP,256,g,1,1994-09-29,2006-11-30
11906,2,1,can (303 x 406),482,g,1,1997-08-29,2006-11-30
11907,1,1,cup,256,g,1,2013-12-23,2013-12-23
11907,2,1,can (303 x 406),482,g,1,2013-12-23,2013-12-23
11908,1,1,cup,210,g,1,1994-01-31,2011-01-18
11908,2,1,can (303 x 406),340,g,1,2002-09-06,2006-11-30
11909,1,1,cup,210,g,1,2013-12-23,2013-12-23
11909,2,1,can (303 x 406),340,g,1,2013-12-23,2013-12-23
11910,1,1,cup,165,g,1,2013-12-23,2013-12-23
11910,2,1,package (10 oz),284,g,1,2013-12-23,2013-12-23
11911,1,1,cup,165,g,1,1994-01-31,2011-01-18
11911,2,1,package (10 oz) yields,284,g,1,2002-09-06,2011-01-18
11912,1,1,cup,165,g,1,1994-01-31,2011-01-18
11912,2,1,package (10 oz) yields,284,g,1,2002-09-06,2011-01-18
11913,1,1,cup kernels,165,g,1,1996-09-30,2011-01-18
11913,2,1,"ear, yields",125,g,1,2002-09-06,2011-01-18
11914,1,1,cup kernels,165,g,1,1994-01-31,2011-01-18
11914,2,1,"ear, yields",63,g,1,2002-09-06,2011-01-18
11915,1,1,cup kernels,165,g,1,1994-01-31,2011-01-18
11915,2,1,"ear, yields",63,g,1,2002-09-06,2011-01-18
11916,1,1,"cup, halves",140,g,1,2013-12-23,2013-12-23
11916,2,0.5,"cup, halves",70,g,1,2013-12-23,2013-12-23
11917,1,0.33,package (10 oz),95,g,1,1996-09-30,2013-12-26
11917,2,1,package (10 oz),284,g,1,2007-11-28,2013-12-26
11918,1,1,"cup, chopped or strips",135,g,1,2013-12-23,2013-12-23
11918,2,1,"tablespoon, chopped",11.6,g,1,2013-12-23,2013-12-23
11919,1,1,"cup, chopped or strips",135,g,1,2013-12-23,2013-12-23
11919,2,1,"tablespoon, chopped",11.6,g,1,2013-12-23,2013-12-23
11921,1,1,cup chopped,106,g,1,2013-12-23,2013-12-23
11923,1,1,cup,94,g,1,2013-12-23,2013-12-23
11927,1,1,"cup, cubes",145,g,1,2013-12-23,2013-12-23
11929,1,1,CUP,210,g,1,1994-01-31,2006-11-30
11930,1,1,CUP,210,g,1,1994-01-31,2006-11-30
11931,1,1,tbsp,0.4,g,1,2013-12-23,2013-12-23
11931,2,0.25,cup,1.6,g,1,2013-12-23,2013-12-23
11932,1,1,cup,153,g,1,2013-12-23,2013-12-23
11932,2,10,beans,62,g,1,1997-08-29,2006-11-30
11932,3,1,can (303 x 406),262,g,1,2002-09-06,2006-11-30
11933,1,1,cup,153,g,1,2013-12-23,2013-12-23
11933,2,10,beans,62,g,1,2013-12-23,2013-12-23
11933,3,1,can (303 x 406),262,g,1,2013-12-23,2013-12-23
11934,1,1,cup,210,g,1,2013-12-23,2013-12-23
11935,1,1,tbsp,17,g,1,1994-09-29,2013-12-26
11935,2,1,packet,9,g,1,2002-09-06,2013-12-26
11935,3,1,cup,240,g,1,2002-09-06,2013-12-26
11936,1,1,cup whole,87,g,1,2016-02-06,2016-02-06
11936,2,1,cup sliced,72,g,1,2016-02-06,2016-02-06
11936,3,1,piece whole,20,g,1,2016-02-06,2016-02-06
11937,1,1,"spear, small",35,g,1,1994-09-29,2015-01-07
11937,2,1,slice,7,g,1,2002-09-06,2015-01-07
11937,3,1,"large (4"" long)",135,g,1,2002-09-06,2006-11-30
11937,4,1,"cup, chopped or diced",143,g,1,2002-09-06,2015-01-07
11937,5,1,cup (about 23 slices),155,g,1,2002-09-06,2015-01-07
11938,1,1,cup pieces or slices,70,g,1,2016-02-06,2016-02-06
11938,2,1,cup whole,96,g,1,2016-02-06,2016-02-06
11938,3,1,large,23,g,1,2016-02-06,2016-02-06
11938,4,1,slice,6,g,1,2016-02-06,2016-02-06
11938,5,1,medium,18,g,1,2016-02-06,2016-02-06
11938,6,1,small,10,g,1,2016-02-06,2016-02-06
11939,1,1,cup sliced,121,g,1,2013-12-23,2013-12-23
11940,1,1,"cup, chopped",160,g,1,1994-09-29,2006-11-30
11940,2,1,cup sliced or chips,153,g,1,1998-01-15,2013-12-26
11940,3,1,"large Gherkin (3"" long)",35,g,1,2002-09-06,2006-11-30
11940,4,1,"Gherkin (2-3/4"" long)",25,g,1,2002-09-06,2006-11-30
11940,5,1,"midget Gherkin (2-1/8"" long)",6,g,1,2002-09-06,2006-11-30
11940,6,1,chip,7.5,g,1,2002-09-06,2009-02-11
11940,7,1,"small Gherkin (2-1/2"" long)",15,g,1,2002-09-06,2006-11-30
11940,8,1,spear Gherkin,20,g,1,2002-09-06,2006-11-30
11941,1,1,CUP,155,g,1,1994-09-29,2006-11-30
11941,2,1,"large (4"" long)",135,g,1,2002-09-06,2006-11-30
11941,3,1,"medium (3-3/4"" long)",65,g,1,2002-09-06,2006-11-30
11941,4,1,slice,7,g,1,2002-09-06,2006-11-30
11941,5,1,small,37,g,1,2002-09-06,2006-11-30
11941,6,1,spear,30,g,1,2002-09-06,2006-11-30
11943,1,1,tbsp,12,g,1,1994-09-29,2013-12-26
11943,2,1,cup,192,g,1,1999-03-22,2013-12-26
11943,3,1,slice,1,g,1,2002-09-06,2006-11-30
11943,4,1,"pimiento, whole",66,g,1,2002-09-06,2006-11-30
11944,1,1,TBSP,15,g,1,1994-01-31,2006-11-30
11944,2,0.5,CUP,122,g,1,2002-09-06,2006-11-30
11945,1,1,tbsp,15,g,1,1994-09-29,2013-12-26
11945,2,1,packet (2/3 tbsp),10,g,1,1999-03-22,2013-12-26
11945,3,1,cup,245,g,1,2002-09-06,2013-12-26
11946,1,1,"cup, chopped or diced",143,g,1,2013-12-23,2013-12-23
11946,2,1,cup (about 23 slices),155,g,1,2013-12-23,2013-12-23
11946,3,1,"large (4"" long)",135,g,1,2013-12-23,2013-12-23
11946,4,1,"medium (3-3/4"" long)",65,g,1,2013-12-23,2013-12-23
11946,5,1,slice,6,g,1,2013-12-23,2013-12-23
11946,6,1,small,37,g,1,2013-12-23,2013-12-23
11946,7,1,spear,30,g,1,2013-12-23,2013-12-23
11947,1,1,"spear, small",35,g,1,2013-12-23,2015-01-07
11947,2,1,slice,7,g,1,2013-12-23,2015-01-07
11947,3,1,"large (4"" long)",135,g,1,2015-01-06,2015-01-06
11947,4,1,"cup, chopped or diced",143,g,1,2015-01-06,2015-01-06
11947,5,1,"cup, (about 23 slices)",155,g,1,2015-01-06,2015-01-06
11948,1,1,slice,6,g,1,2013-12-23,2013-12-23
11948,2,1,medium,35,g,1,2013-12-23,2013-12-23
11948,3,1,small,15,g,1,2013-12-23,2013-12-23
11948,4,1,large,35,g,1,2013-12-23,2013-12-23
11948,5,1,"cup, sliced",170,g,1,2013-12-23,2013-12-23
11948,6,1,"cup, chopped or diced",160,g,1,2013-12-23,2013-12-23
11949,1,1,tbsp,17,g,1,1994-11-02,2013-12-26
11949,2,1,packet,9,g,1,2002-09-06,2013-12-26
11949,3,1,cup,240,g,1,2002-09-06,2013-12-26
11950,1,1,large,5,g,1,2013-12-23,2013-12-23
11950,2,1,medium,3,g,1,2013-12-23,2013-12-23
11950,3,1,cup whole,64,g,1,2013-12-23,2013-12-23
11950,4,1,cup sliced,65,g,1,2013-12-23,2013-12-23
11951,1,1,"pepper, large (3-3/4"" long, 3"" dia)",186,g,1,1997-08-29,2006-11-30
11951,2,10,strips,52,g,1,2002-09-06,2006-11-30
11952,1,1,"cup, shredded",40,g,1,2013-12-23,2013-12-23
11952,2,1,leaf,8,g,1,2013-12-23,2013-12-23
11953,1,1,large,16,g,1,2013-12-23,2013-12-23
11953,2,1,medium,11,g,1,2013-12-23,2013-12-23
11954,1,1,medium,34,g,1,1996-09-30,2006-11-30
11954,2,0.5,"cup, chopped or diced",66,g,1,1998-01-15,2006-11-30
11955,1,1,CUP,54,g,1,1996-09-30,2006-11-30
11955,2,1,piece,2,g,1,2002-09-06,2006-11-30
11956,1,1,cup,110,g,1,2013-12-23,2013-12-23
11956,2,1,piece,3,g,1,2013-12-23,2013-12-23
11957,1,1,"cup, sliced",87,g,1,2013-12-23,2013-12-23
11957,2,1,bulb,234,g,1,2013-12-23,2013-12-23
11958,1,1,TBSP,15,g,1,1994-01-31,2006-11-30
11958,2,0.5,CUP,122,g,1,2002-09-06,2006-11-30
11959,1,1,leaf,2,g,1,1996-09-30,2006-11-30
11959,2,0.5,CUP,10,g,1,2002-09-06,2006-11-30
11960,1,1,large,15,g,1,1997-08-29,2006-11-30
11960,2,1,medium,10,g,1,2002-09-06,2006-11-30
11960,3,1,NLEA serving,85,g,1,2004-07-15,2006-11-30
11961,1,1,cup,146,g,1,2013-12-23,2013-12-23
11961,2,1,piece,33,g,1,2013-12-23,2013-12-23
11962,1,1,cup,37,g,1,2013-12-23,2013-12-23
11962,2,1,pepper,0.5,g,1,2013-12-23,2013-12-23
11963,1,1,"cup, sliced",86,g,1,2013-12-23,2013-12-23
11964,1,1,cup,149,g,1,2013-12-23,2013-12-23
11964,2,1,pad,29,g,1,2013-12-23,2013-12-23
11965,1,1,cup,64,g,1,2013-12-23,2013-12-23
11965,2,1,floweret,25,g,1,2013-12-23,2013-12-23
11965,3,1,"head, large (6-7"" dia)",511,g,1,2013-12-23,2013-12-23
11965,4,1,"head, medium (5-6"" dia)",431,g,1,2013-12-23,2013-12-23
11965,5,1,"head, small (4"" dia)",325,g,1,2013-12-23,2013-12-23
11967,1,0.2,head,90,g,1,2013-12-23,2013-12-23
11968,1,0.5,"cup (1"" pieces)",62,g,1,2013-12-23,2013-12-23
11969,1,1,CUP,88,g,1,1997-08-29,2006-11-30
11972,1,1,cup,67,g,1,2013-12-23,2013-12-23
11972,2,1,tbsp,4.8,g,1,2013-12-23,2013-12-23
11973,1,1,cup,126,g,1,2013-12-23,2013-12-23
11973,2,1,pod,6.1,g,1,2013-12-23,2013-12-23
11974,1,1,CUP,14,g,1,1997-08-29,2006-11-30
11974,2,1,leaf,3,g,1,2002-09-06,2006-11-30
11975,1,1,leaf,4,g,1,2013-12-23,2013-12-23
11976,1,1,cup,124,g,1,2013-12-23,2013-12-23
11976,2,1,"small (4"" long)",33,g,1,2013-12-23,2013-12-23
11976,3,1,"medium (4-1/2"" long)",46,g,1,2013-12-23,2013-12-23
11976,4,1,"large (5"" long)",75,g,1,2013-12-23,2013-12-23
11977,1,1,"cup, chopped",105,g,1,2013-12-23,2013-12-23
11977,2,1,pepper,6.1,g,1,2013-12-23,2013-12-23
11978,1,1,pepper,17,g,1,2013-12-23,2013-12-23
11979,1,1,"cup, sliced",90,g,1,1997-08-29,2006-11-30
11979,2,1,pepper,14,g,1,2002-09-06,2006-11-30
11980,1,1,CUP,139,g,1,1997-08-29,2006-11-30
11981,1,1,pepper,27,g,1,2013-12-23,2013-12-23
11983,1,1,cup,245,g,1,2013-12-23,2013-12-23
11987,1,1,large,148,g,1,2013-12-23,2013-12-23
11987,2,1,small,15,g,1,2013-12-23,2013-12-23
11987,3,1,cup sliced,86,g,1,2013-12-23,2013-12-23
11989,1,1,CUP,182,g,1,1997-08-29,2006-11-30
11989,2,1,piece,5.5,g,1,2002-09-06,2006-11-30
11991,1,1,"cup, sliced",135,g,1,1997-08-29,2006-11-30
11991,2,1,root,305,g,1,2002-09-06,2006-11-30
11993,1,1,cup diced,70,g,1,2013-12-23,2013-12-23
11993,2,1,piece whole,1.1,g,1,2013-12-23,2013-12-23
11998,1,1,cup diced,86,g,1,2013-12-23,2013-12-23
11998,2,1,piece whole,84,g,1,2013-12-23,2013-12-23
12001,1,1,oz,28.35,g,1,2013-12-23,2013-12-23
12003,1,1,oz,28.35,g,1,2013-12-23,2013-12-23
12004,1,1,oz (8-14 seeds),28.35,g,1,2013-12-23,2013-12-23
12005,1,1,cup,160,g,1,2013-12-23,2013-12-23
12005,2,1,oz,28.35,g,1,2013-12-23,2013-12-23
12006,1,1,oz,28.35,g,1,2013-12-23,2013-12-23
12007,1,1,cup,94,g,1,2013-12-23,2013-12-23
12007,2,1,tbsp,5,g,1,2013-12-23,2013-12-23
12008,1,1,oz,28.35,g,1,2013-12-23,2013-12-23
12011,1,1,oz,28.35,g,1,2013-12-23,2013-12-23
12012,1,3,tbsp,30,g,1,2016-02-06,2016-02-06
12013,1,1,cup,32,g,1,2013-12-23,2013-12-23
12013,2,1,oz (42 medium seeds),28.35,g,1,2013-12-23,2013-12-23
12014,1,1,cup,129,g,1,2013-12-23,2013-12-23
12014,2,1,OZ,28.35,g,1,2002-09-06,2010-01-04
12016,1,1,cup,118,g,1,2013-12-23,2013-12-23
12016,2,1,oz,28.35,g,1,1997-08-29,2006-11-30
12021,1,1,oz,28.35,g,1,2013-12-23,2013-12-23
12022,1,1,oz,28.35,g,1,2013-12-23,2013-12-23
12023,1,1,CUP,144,g,1,1994-11-02,2006-11-30
12023,2,1,TBSP,9,g,1,1997-08-29,2006-11-30
12024,1,1,oz,28.35,g,1,1997-08-29,2006-11-30
12029,1,1,CUP,128,g,1,1994-11-02,2006-11-30
12029,2,1,oz,28.35,g,1,1997-08-29,2006-11-30
12032,1,1,oz,28.35,g,1,2013-12-23,2013-12-23
12033,1,1,oz,28.35,g,1,2013-12-23,2013-12-23
12034,1,1,oz,28.35,g,1,2013-12-23,2013-12-23
12036,1,1,"cup, with hulls, edible yield",46,g,1,1999-03-22,2006-11-30
12036,2,1,CUP,140,g,1,1994-09-29,2009-02-11
12037,1,1,cup,128,g,1,1999-03-22,2011-01-18
12037,2,1,oz,28.35,g,1,1994-10-18,2006-11-30
12038,1,1,CUP,135,g,1,1999-03-22,2006-11-30
12038,2,1,oz,28.35,g,1,1994-09-29,2006-11-30
12039,1,1,CUP,134,g,1,1994-01-31,2006-11-30
12039,2,1,oz,28.35,g,1,1999-03-22,2006-11-30
12040,1,1,tbsp,16,g,1,2013-12-23,2013-12-23
12040,2,1,oz,28.35,g,1,2013-12-23,2013-12-23
12041,1,1,cup,64,g,1,2013-12-23,2013-12-23
12041,2,1,tbsp,4,g,1,2013-12-23,2013-12-23
12058,1,1,oz,28.35,g,1,2013-12-23,2013-12-23
12059,1,1,oz,28.35,g,1,2013-12-23,2013-12-23
12060,1,1,oz,28.35,g,1,2013-12-23,2013-12-23
12061,1,1,"cup, whole",143,g,1,1999-03-22,2013-12-26
12061,2,1,"cup, sliced",92,g,1,1994-09-29,2007-03-25
12061,3,1,"cup, slivered",108,g,1,1998-01-15,2007-03-25
12061,4,1,"cup, ground",95,g,1,2002-09-06,2013-12-26
12061,5,1,oz (23 whole kernels),28.35,g,1,2002-09-06,2007-03-25
12061,6,1,almond,1.2,g,1,2002-09-06,2007-03-25
12062,1,1,cup whole kernels,145,g,1,1994-01-31,2006-11-30
12062,2,1,TBSP,9.1,g,1,1999-03-22,2006-11-30
12062,3,1,oz,28.35,g,1,2002-09-06,2006-11-30
12063,1,1,cup whole kernels,138,g,1,1994-10-19,2007-03-25
12063,2,1,oz (22 whole kernels),28.35,g,1,1999-03-22,2007-03-25
12065,1,1,cup whole kernels,157,g,1,1994-01-31,2006-11-30
12065,2,1,oz (22 whole kernels),28.35,g,1,1999-03-22,2006-11-30
12071,1,1,oz,28.35,g,1,2013-12-23,2013-12-23
12071,2,1,"cup, firmly packed",227,g,1,2013-12-23,2013-12-23
12077,1,1,oz,28.35,g,1,2013-12-23,2013-12-23
12078,1,1,"cup, whole",133,g,1,2013-12-23,2013-12-23
12078,2,1,kernel,5,g,1,2013-12-23,2013-12-23
12078,3,1,oz (6 kernels),28.35,g,1,2013-12-23,2013-12-23
12084,1,1,cup,120,g,1,2013-12-23,2013-12-23
12084,2,1,oz,28.35,g,1,2013-12-23,2013-12-23
12084,3,1,nutmeat,3,g,1,2013-12-23,2013-12-23
12085,1,1,"cup, halves and whole",137,g,1,1997-08-29,2006-11-30
12085,2,1,TBSP,8.6,g,1,1994-01-31,2006-11-30
12085,3,1,oz,28.35,g,1,2002-09-06,2006-11-30
12086,1,1,"cup, whole",129,g,1,1994-10-19,2006-11-30
12086,2,1,"cup, halves and pieces",129,g,1,1997-08-29,2006-11-30
12086,3,1,oz (18 kernels),28.35,g,1,2002-09-06,2006-11-30
12087,1,1,oz,28.35,g,1,2015-01-06,2015-01-06
12088,1,1,tbsp,16,g,1,2013-12-23,2013-12-23
12088,2,1,oz,28.35,g,1,2013-12-23,2013-12-23
12093,1,1,oz,28.35,g,1,2013-12-23,2013-12-23
12094,1,1,oz,28.35,g,1,2013-12-23,2013-12-23
12095,1,1,oz,28.35,g,1,2013-12-23,2013-12-23
12096,1,1,oz,28.35,g,1,2013-12-23,2013-12-23
12097,1,1,cup,145,g,1,2013-12-23,2013-12-23
12097,2,1,oz,28.35,g,1,2013-12-23,2013-12-23
12098,1,1,oz,28.35,g,1,2013-12-23,2013-12-23
12099,1,1,oz,28.35,g,1,2013-12-23,2013-12-23
12100,1,1,oz,28.35,g,1,2013-12-23,2013-12-23
12101,1,1,oz,28.35,g,1,2013-12-23,2013-12-23
12104,1,1,"cup, shredded",80,g,1,2013-12-23,2013-12-23
12104,2,1,medium,397,g,1,2013-12-23,2013-12-23
12104,3,1,"piece (2"" x 2"" x 1/2"")",45,g,1,2013-12-23,2013-12-23
12108,1,1,oz,28.35,g,1,2013-12-23,2013-12-23
12109,1,1,CUP,85,g,1,1999-03-22,2006-11-30
12109,2,1,oz,28.35,g,1,1994-09-29,2006-11-30
12110,1,1,CUP,77,g,1,1994-01-31,2006-11-30
12110,2,4,oz,114,g,1,1999-03-22,2006-11-30
12114,1,1,oz,28.35,g,1,2013-12-23,2013-12-23
12115,1,1,tbsp,15,g,1,2013-12-23,2013-12-23
12115,2,1,cup,240,g,1,2013-12-23,2013-12-23
12116,1,1,tbsp,19,g,1,2013-12-23,2013-12-23
12116,2,1,cup,296,g,1,2013-12-23,2013-12-23
12117,1,1,cup,240,g,1,2013-12-23,2013-12-23
12117,2,1,tbsp,15,g,1,2013-12-23,2013-12-23
12118,1,1,cup,226,g,1,2013-12-23,2013-12-23
12118,2,1,tbsp,15,g,1,2013-12-23,2013-12-23
12119,1,1,cup,240,g,1,2013-12-23,2013-12-23
12119,2,1,tbsp,15,g,1,2013-12-23,2013-12-23
12119,3,1,coconut yields,206,g,1,2013-12-23,2013-12-23
12120,1,1,"cup, chopped",115,g,1,2013-12-23,2013-12-23
12120,2,1,"cup, ground",75,g,1,2013-12-23,2013-12-23
12120,3,1,"cup, whole",135,g,1,2013-12-23,2013-12-23
12120,4,1,oz (21 whole kernels),28.35,g,1,2013-12-23,2013-12-23
12120,5,10,nuts,14,g,1,2013-12-23,2013-12-23
12121,1,1,oz,28.35,g,1,2013-12-23,2013-12-23
12122,1,1,oz,28.35,g,1,2013-12-23,2013-12-23
12127,1,1,oz,28.35,g,1,2013-12-23,2013-12-23
12128,1,1,oz,28.35,g,1,2013-12-23,2013-12-23
12129,1,1,cup (78 kernels),155,g,1,2013-12-23,2013-12-23
12129,2,1,oz (14 kernels),28.35,g,1,2013-12-23,2013-12-23
12130,1,1,cup,120,g,1,2013-12-23,2013-12-23
12130,2,1,oz,28.35,g,1,2013-12-23,2013-12-23
12130,3,1,nut,3,g,1,2013-12-23,2013-12-23
12131,1,1,"cup, whole or halves",134,g,1,2013-12-23,2013-12-23
12131,2,1,oz (10-12 kernels),28.35,g,1,2013-12-23,2013-12-23
12132,1,1,"cup, whole or halves",132,g,1,2002-06-08,2006-11-30
12132,2,1,oz (10-12 kernels),28.35,g,1,2002-09-06,2006-11-30
12135,1,1,cup,131,g,1,2013-12-23,2016-03-09
12135,2,1,oz,28.35,g,1,2013-12-23,2013-12-23
12137,1,1,cup,134,g,1,2013-12-23,2013-12-23
12137,2,1,oz,28.35,g,1,2013-12-23,2013-12-23
12138,1,1,cup,144,g,1,2013-12-23,2013-12-23
12138,2,1,oz,28.35,g,1,2013-12-23,2013-12-23
12140,1,1,oz,28.35,g,1,2013-12-23,2013-12-23
12142,1,1,"cup, chopped",109,g,1,1998-01-15,2006-11-30
12142,2,1,"cup, halves",99,g,1,2002-09-06,2006-11-30
12142,3,1,oz (19 halves),28.35,g,1,2002-09-06,2006-11-30
12143,1,1,oz,28.35,g,1,1999-03-22,2006-11-30
12144,1,1,CUP,110,g,1,1994-01-31,2006-11-30
12144,2,1,oz (15 halves),28.35,g,1,2002-09-06,2006-11-30
12145,1,1,cup,120,g,1,2013-12-23,2013-12-23
12145,2,1,oz (15 kernels),28.35,g,1,2013-12-23,2013-12-23
12147,1,1,cup,135,g,1,2013-12-23,2013-12-23
12147,2,1,oz (167 kernels),28.35,g,1,2013-12-23,2013-12-23
12147,3,10,nuts,1.7,g,1,2013-12-23,2013-12-23
12149,1,1,oz,28.35,g,1,2013-12-23,2013-12-23
12149,2,10,nuts,1,g,1,2013-12-23,2013-12-23
12151,1,1,cup,123,g,1,2013-12-23,2013-12-23
12151,2,1,oz (49 kernels),28.35,g,1,2013-12-23,2013-12-23
12151,3,1,kernel,0.7,g,1,2013-12-23,2013-12-23
12152,1,1,cup,123,g,1,2013-12-23,2013-12-23
12152,2,1,oz (49 kernels),28.35,g,1,2013-12-23,2013-12-23
12152,3,1,kernel,0.7,g,1,2013-12-23,2013-12-23
12154,1,1,"cup, chopped",125,g,1,1999-03-22,2006-11-30
12154,2,1,TBSP,7.8,g,1,1994-01-31,2006-11-30
12154,3,1,oz,28.35,g,1,2002-09-06,2006-11-30
12155,1,1,"cup, chopped",117,g,1,1999-03-22,2007-03-25
12155,2,1,"cup, ground",80,g,1,1995-06-19,2007-03-25
12155,3,1,"cup, in shell, edible yield (7 nuts)",28,g,1,1998-01-15,2007-03-25
12155,4,1,cup shelled (50 halves),100,g,1,2015-01-06,2015-01-06
12155,5,1,cup pieces or chips,120,g,1,2002-09-06,2007-03-25
12155,6,1,oz (14 halves),28.35,g,1,2002-09-06,2007-03-25
12156,1,1,oz,28,g,1,2013-12-23,2013-12-23
12157,1,1,oz,28,g,1,2016-02-06,2016-02-06
12158,1,1,oz,28.35,g,1,2013-12-23,2013-12-23
12160,1,1,cup,149,g,1,2013-12-23,2013-12-23
12160,2,1,tbsp,10,g,1,2013-12-23,2013-12-23
12163,1,1,cup,64,g,1,2013-12-23,2013-12-23
12163,2,1,oz (85 seeds),28.35,g,1,2013-12-23,2013-12-23
12166,1,1,tbsp,15,g,1,2013-12-23,2013-12-23
12166,2,1,oz,28.35,g,1,2013-12-23,2013-12-23
12167,1,1,cup,143,g,1,2013-12-23,2013-12-23
12167,2,1,oz,28.35,g,1,2013-12-23,2013-12-23
12167,3,10,kernels,84,g,1,2013-12-23,2013-12-23
12169,1,1,tbsp,16,g,1,2013-12-23,2013-12-23
12170,1,1,oz,28.35,g,1,2013-12-23,2013-12-23
12171,1,1,tbsp,14,g,1,2013-12-23,2013-12-23
12171,2,1,oz,28.35,g,1,2013-12-23,2013-12-23
12174,1,1,cup,108,g,1,2013-12-23,2013-12-23
12174,2,1,oz,28.35,g,1,2013-12-23,2013-12-23
12175,1,1,cup,155,g,1,2013-12-23,2013-12-23
12175,2,1,oz,28.35,g,1,2013-12-23,2013-12-23
12176,1,1,cup,240,g,1,2013-12-23,2013-12-23
12176,2,1,tbsp,15,g,1,2013-12-23,2013-12-23
12177,1,1,oz,28.35,g,1,2013-12-23,2013-12-23
12179,1,1,"cup, shredded",93,g,1,1994-01-31,2006-11-30
12179,2,1,package (7 oz),199,g,1,1999-03-22,2006-11-30
12193,1,1,cup,74,g,1,2013-12-23,2013-12-23
12193,2,1,oz,28.35,g,1,2013-12-23,2013-12-23
12195,1,1,tbsp,16,g,1,1994-01-31,2013-12-26
12195,2,1,cup,250,g,1,2002-09-06,2013-12-26
12198,1,1,tbsp,15,g,1,2013-12-23,2013-12-23
12198,2,1,oz,28.35,g,1,2013-12-23,2013-12-23
12200,1,1,oz,28.35,g,1,2013-12-23,2013-12-23
12201,1,1,CUP,150,g,1,1995-06-13,2006-11-30
12201,2,1,TBSP,8,g,1,2002-09-06,2006-11-30
12201,3,1,tsp,2.7,g,1,2002-09-06,2006-11-30
12202,1,1,oz,28.35,g,1,2013-12-23,2013-12-23
12203,1,1,oz,28.35,g,1,2013-12-23,2013-12-23
12204,1,1,oz,28.35,g,1,2013-12-23,2013-12-23
12205,1,1,oz,28.35,g,1,2013-12-23,2013-12-23
12206,1,1,cup whole kernels,144,g,1,1994-01-31,2006-11-30
12206,2,1,oz,28.35,g,1,1999-03-22,2006-11-30
12220,1,1,"tbsp, whole",10.3,g,1,2013-12-23,2013-12-23
12220,2,1,"cup, whole",168,g,1,2013-12-23,2013-12-23
12220,3,1,"tbsp, ground",7,g,1,2013-12-23,2013-12-23
12220,4,1,"tsp, whole",3.4,g,1,2013-12-23,2013-12-23
12220,5,1,"tsp, ground",2.5,g,1,2013-12-23,2013-12-23
12516,1,1,cup,118,g,1,2013-12-23,2013-12-23
12516,2,1,oz,28.35,g,1,2013-12-23,2013-12-23
12529,1,1,cup,128,g,1,2013-12-23,2013-12-23
12529,2,1,oz,28.35,g,1,2013-12-23,2013-12-23
12536,1,1,cup,128,g,1,2015-01-06,2015-01-06
12536,2,1,oz,28.35,g,1,2015-01-06,2015-01-06
12536,3,1,package (1.875 oz) yields,27,g,1,2015-01-06,2015-01-06
12537,1,1,CUP,128,g,1,1999-03-22,2006-11-30
12537,2,1,oz,28.35,g,1,1994-09-29,2006-11-30
12538,1,1,CUP,135,g,1,1999-03-22,2006-11-30
12538,2,1,oz,28.35,g,1,1994-09-29,2006-11-30
12539,1,1,CUP,134,g,1,1994-01-31,2006-11-30
12539,2,1,oz,28.35,g,1,1999-03-22,2006-11-30
12540,1,1,tbsp,16,g,1,2013-12-23,2013-12-23
12540,2,1,oz,28.35,g,1,2013-12-23,2013-12-23
12563,1,1,cup whole kernels,138,g,1,1994-09-29,2006-11-30
12563,2,1,oz (22 whole kernels),28.35,g,1,1999-03-22,2006-11-30
12565,1,1,cup whole kernels,157,g,1,1995-06-19,2006-11-30
12565,2,1,oz (22 whole kernels),28.35,g,1,1999-03-22,2006-11-30
12567,1,1,oz (28 almonds),28,g,1,2013-12-23,2013-12-23
12585,1,1,"cup, halves and whole",137,g,1,1994-09-29,2006-11-30
12585,2,1,oz,28.35,g,1,1997-08-29,2006-11-30
12586,1,1,"cup, whole",129,g,1,1994-09-29,2006-11-30
12586,2,1,"cup, halves and pieces",129,g,1,1997-08-29,2006-11-30
12586,3,1,oz (18 kernels),28.35,g,1,2002-09-06,2006-11-30
12588,1,1,tbsp,16,g,1,2013-12-23,2013-12-23
12588,2,1,oz,28.35,g,1,2013-12-23,2013-12-23
12632,1,1,"cup, whole or halves",132,g,1,2002-06-08,2006-11-30
12632,2,1,oz (10-12 kernels),28.35,g,1,2002-09-06,2006-11-30
12635,1,1,CUP,137,g,1,1996-09-30,2006-11-30
12635,2,1,oz,28.35,g,1,2002-09-06,2006-11-30
12637,1,1,cup,134,g,1,2013-12-23,2013-12-23
12637,2,1,oz,28.35,g,1,2013-12-23,2013-12-23
12637,3,10,"nuts, assorted",14,g,1,2013-12-23,2013-12-23
12638,1,1,cup,144,g,1,2013-12-23,2013-12-23
12638,2,1,oz,28.35,g,1,2013-12-23,2013-12-23
12643,1,1,oz,28.35,g,1,1999-03-22,2006-11-30
12644,1,1,CUP,110,g,1,1994-01-31,2006-11-30
12644,2,1,oz (15 halves),28.35,g,1,2002-09-06,2006-11-30
12652,1,1,cup,123,g,1,2013-12-23,2013-12-23
12652,2,1,oz (49 kernels),28.35,g,1,2013-12-23,2013-12-23
12652,3,1,kernel,0.7,g,1,2013-12-23,2013-12-23
12663,1,1,cup,64,g,1,2013-12-23,2013-12-23
12663,2,1,oz (85 seeds),28.35,g,1,2013-12-23,2013-12-23
12665,1,1,cup whole kernels,157,g,1,2015-01-06,2015-01-06
12665,2,1,oz (22 whole kernels),28.35,g,1,2015-01-06,2015-01-06
12695,1,1,tbsp,16,g,1,1999-03-22,2013-12-26
12695,2,1,cup,250,g,1,1994-01-31,2013-12-26
12698,1,1,TBSP,15,g,1,2002-06-08,2006-11-30
12737,1,1,oz,28.35,g,1,2013-02-22,2013-02-22
12738,1,1,oz,28.35,g,1,2013-02-22,2013-02-22
13000,1,4,oz,113,g,1,2013-12-23,2019-02-13
13000,2,1,steak,214,g,1,2013-12-23,2013-12-23
13001,1,1,oz,28.35,g,1,2013-12-23,2013-12-23
13001,2,1,lb,453.6,g,1,2013-12-23,2013-12-23
13002,1,1,oz,28.35,g,1,2013-12-23,2013-12-23
13002,2,1,lb,453.6,g,1,2013-12-23,2013-12-23
13019,1,1,oz,28.35,g,1,2013-12-23,2013-12-23
13019,2,4,oz,113,g,1,2013-12-23,2013-12-23
13020,1,1,oz,28.35,g,1,2013-12-23,2013-12-23
13020,2,3,oz,85,g,1,2013-12-23,2013-12-23
13023,1,4,oz,113,g,1,2013-12-23,2019-02-13
13023,2,1,lb,453.6,g,1,2013-12-23,2013-12-23
13047,1,4,oz,113,g,1,2013-12-23,2019-02-13
13047,2,1,serving,85,g,1,2019-02-13,2019-02-13
13055,1,3,oz,85,g,1,2013-12-23,2013-12-23
13055,2,1,steak,350,g,1,2013-12-23,2013-12-23
13065,1,1,oz,28.35,g,1,2013-12-23,2013-12-23
13065,2,4,oz,113,g,1,2013-12-23,2013-12-23
13065,3,1,steak,202,g,1,2013-12-23,2013-12-23
13066,1,3,oz,85,g,1,2011-01-18,2013-12-26
13066,2,1,"piece, cooked, excluding refuse (yield from 1 lb raw meat with refuse)",262,g,1,2011-01-18,2013-12-26
13067,1,3,oz,85,g,1,2013-12-23,2013-12-23
13067,2,1,steak (yield from 483 g raw meat),387,g,1,2013-12-23,2013-12-23
13068,1,4,oz,113,g,1,2013-12-23,2019-02-13
13068,2,1,steak,202,g,1,2013-12-23,2013-12-23
13069,1,3,oz,85,g,1,2013-12-23,2013-12-23
13069,2,1,"piece, cooked, excluding refuse (yield from 1 lb raw meat with refuse)",246,g,1,2013-12-23,2013-12-23
13070,1,3,oz,85,g,1,2013-12-23,2013-12-23
13070,2,1,steak,387,g,1,2013-12-23,2013-12-23
13095,1,1,oz,28.35,g,1,2013-12-23,2013-12-23
13095,2,1,lb,453.6,g,1,2013-12-23,2013-12-23
13096,1,3,oz,85,g,1,2013-12-23,2013-12-23
13096,2,1,steak (yield from 297 g raw meat),236,g,1,2013-12-23,2013-12-23
13097,1,1,oz,28.35,g,1,2013-12-23,2013-12-23
13097,2,1,lb,453.6,g,1,2013-12-23,2013-12-23
13098,1,3,oz,85,g,1,2013-12-23,2013-12-23
13098,2,1,steak (yield from 297g raw meat),236,g,1,2013-12-23,2013-12-23
13147,1,4,oz,113,g,1,2013-12-23,2019-02-13
13147,2,1,lb,453.6,g,1,2013-12-23,2013-12-23
13148,1,3,oz,85,g,1,2013-12-23,2013-12-23
13148,2,1,"piece, cooked, excluding refuse (yield from 1 lb raw meat with refuse)",225,g,1,2013-12-23,2013-12-23
13149,1,4,oz,113,g,1,2013-12-23,2019-02-13
13149,2,1,lb,453.6,g,1,2013-12-23,2013-12-23
13150,1,1,"piece, cooked, excluding refuse (yield from 1 lb raw meat with refuse)",121,g,1,2013-12-23,2013-12-23
13150,2,3,oz,85,g,1,2013-12-23,2013-12-23
13156,1,3,oz,85,g,1,2010-01-04,2013-12-26
13156,2,1,"piece, cooked, excluding refuse (yield from 1 lb raw meat with refuse)",285,g,1,2010-01-04,2013-12-26
13158,1,3,oz,85,g,1,2010-01-04,2013-12-26
13158,2,1,"piece, cooked, excluding refuse (yield from 1 lb raw meat with refuse)",282,g,1,2010-01-04,2013-12-26
13165,1,3,oz,85,g,1,2013-12-23,2013-12-23
13165,2,1,steak (Yield from 448 g raw meat),293,g,1,2013-12-23,2013-12-23
13227,1,1,oz,28.35,g,1,2013-12-23,2013-12-23
13227,2,1,lb,453.6,g,1,2013-12-23,2013-12-23
13228,1,3,oz,85,g,1,2010-01-04,2013-12-26
13228,2,1,"piece, cooked, excluding refuse (yield from 1 lb raw meat with refuse)",170,g,1,2010-01-04,2013-12-26
13231,1,4,oz,113,g,1,2013-12-23,2019-02-13
13231,2,1,steak,539,g,1,2013-12-23,2013-12-23
13232,1,3,oz,85,g,1,2013-12-23,2013-12-23
13232,2,1,steak,417,g,1,2013-12-23,2013-12-23
13235,1,4,oz,113,g,1,2013-12-23,2019-02-13
13235,2,1,steak,461,g,1,2013-12-23,2013-12-23
13236,1,3,oz,85,g,1,2013-12-23,2013-12-23
13236,2,1,steak,360,g,1,2013-12-23,2013-12-23
13284,1,4,oz,113,g,1,2013-12-23,2019-02-13
13285,1,3,oz,85,g,1,2011-01-18,2013-12-26
13285,2,1,roast,647,g,1,2013-12-23,2013-12-23
13293,1,4,oz,113,g,1,2013-12-23,2019-02-13
13293,2,1,steak,679,g,1,2013-12-23,2013-12-23
13293,3,1,roast,960,g,1,2013-12-23,2013-12-23
13294,1,4,oz,113,g,1,2013-12-23,2019-02-13
13294,2,1,steak,648,g,1,2013-12-23,2013-12-23
13294,3,1,roast,949,g,1,2013-12-23,2013-12-23
13317,1,3,oz,85,g,1,1994-01-31,2013-12-26
13317,2,1,"unit, cooked (yield from 1 lb raw meat)",313,g,1,1997-08-29,2013-12-26
13318,1,1,oz,28.35,g,1,2013-12-23,2013-12-23
13318,2,4,oz,113,g,1,2013-12-23,2013-12-23
13319,1,3,oz,85,g,1,2013-12-23,2013-12-23
13319,2,1,"piece, cooked, excluding refuse (yield from 1 lb raw meat with refuse)",351,g,1,2013-12-23,2013-12-23
13320,1,3,oz,85,g,1,2013-12-23,2013-12-23
13320,2,1,"piece, cooked, excluding refuse",391,g,1,2013-12-23,2013-12-23
13321,1,1,oz,28.35,g,1,2013-12-23,2013-12-23
13321,2,4,oz,113,g,1,2013-12-23,2013-12-23
13322,1,3,oz,85,g,1,2013-12-23,2013-12-23
13323,1,1,oz,28.35,g,1,2013-12-23,2013-12-23
13323,2,4,oz,113,g,1,2013-12-23,2013-12-23
13324,1,3,oz,85,g,1,2013-12-23,2013-12-23
13325,1,4,oz,113,g,1,2013-12-23,2019-02-13
13326,1,3,oz,85,g,1,2013-12-23,2019-02-13
13326,2,1,slice,68,g,1,2019-02-13,2019-02-13
13327,1,3,oz,85,g,1,2013-12-23,2019-02-13
13327,2,1,slice,81,g,1,2019-02-13,2019-02-13
13328,1,1,oz,28.35,g,1,2013-12-23,2013-12-23
13328,2,4,oz,113,g,1,2013-12-23,2013-12-23
13329,1,3,oz,85,g,1,2013-12-23,2013-12-23
13329,2,1,"piece, cooked, excluding refuse (yield from 1 lb raw meat with refuse)",303,g,1,2013-12-23,2013-12-23
13330,1,1,oz,28.35,g,1,2013-12-23,2013-12-23
13330,2,8,oz,227,g,1,2013-12-23,2013-12-23
13331,1,1,oz,28.35,g,1,2013-12-23,2013-12-23
13331,2,4,oz,113,g,1,2013-12-23,2013-12-23
13332,1,3,oz,85,g,1,2013-12-23,2013-12-23
13332,2,1,"piece, cooked, excluding refuse (yield from 1 lb raw meat with refuse)",222,g,1,2013-12-23,2013-12-23
13333,1,1,oz,28.35,g,1,2013-12-23,2013-12-23
13333,2,4,oz,113,g,1,2013-12-23,2013-12-23
13334,1,3,oz,85,g,1,2013-12-23,2013-12-23
13334,2,1,"piece, cooked, excluding refuse (yield from 1 lb raw meat with refuse)",308,g,1,2013-12-23,2013-12-23
13335,1,1,oz,28.35,g,1,2013-12-23,2013-12-23
13335,2,4,oz,113,g,1,2013-12-23,2013-12-23
13337,1,1,oz,28.35,g,1,2013-12-23,2013-12-23
13337,2,4,oz,113,g,1,2013-12-23,2013-12-23
13338,1,3,oz,85,g,1,2013-12-23,2013-12-23
13338,2,1,"piece, cooked, excluding refuse (yield from 1 lb raw meat with refuse)",381,g,1,2013-12-23,2013-12-23
13339,1,1,oz,28.35,g,1,2013-12-23,2013-12-23
13339,2,4,oz,113,g,1,2013-12-23,2013-12-23
13340,1,3,oz,85,g,1,2013-12-23,2013-12-23
13341,1,1,oz,28.35,g,1,2013-12-23,2013-12-23
13341,2,4,oz,113,g,1,2013-12-23,2013-12-23
13342,1,4,oz,113,g,1,2002-06-08,2019-02-13
13342,2,1,steak,56,g,1,2002-09-06,2013-12-26
13342,3,1,package,396,g,1,2002-09-06,2013-12-26
13343,1,3,oz,85,g,1,2013-12-23,2013-12-23
13343,2,1,steak,293,g,1,2013-12-23,2013-12-23
13344,1,3,slices,68,g,1,2013-12-23,2013-12-23
13344,2,1,"package (net weight, 12 oz)",340,g,1,2013-12-23,2013-12-23
13345,1,3,slices,34,g,1,1994-09-29,2006-11-30
13345,2,1,"package, cooked (yield from 12 oz raw product)",170,g,1,1997-08-29,2006-11-30
13346,1,1,oz,28.35,g,1,1999-03-22,2006-11-30
13346,2,1,lb,453.6,g,1,2002-09-06,2006-11-30
13347,1,3,oz,85,g,1,1994-09-29,2013-12-26
13347,2,1,"piece, cooked, excluding refuse (yield from 1 lb raw meat with refuse)",320,g,1,1997-08-29,2013-12-26
13348,1,1,oz,28.35,g,1,1999-03-22,2009-02-11
13348,2,1,slice (3/4 oz),21,g,1,1995-06-19,2009-02-11
13349,1,4,oz,113,g,1,2016-02-06,2019-02-13
13349,2,1,steak,732,g,1,2016-02-06,2016-02-06
13349,3,1,roast,977,g,1,2016-02-06,2016-02-06
13350,1,10,slices,28,g,1,1994-09-29,2009-02-11
13351,1,3,oz,85,g,1,2011-01-18,2013-12-26
13351,2,1,steak,353,g,1,2013-12-23,2013-12-23
13352,1,3,oz,85,g,1,2011-01-18,2013-12-26
13352,2,1,steak,356,g,1,2013-12-23,2013-12-23
13353,1,1,"slice (1 oz) (4"" x 4"" x 3/32"" thick)",28,g,1,2013-12-23,2013-12-23
13354,1,3,oz,85,g,1,2011-01-18,2013-12-26
13354,2,1,steak,349,g,1,2013-12-23,2013-12-23
13355,1,1,"package, 2.5 oz",71,g,1,1999-03-22,2009-02-11
13355,2,1,slice (1 oz),28,g,1,1994-09-29,2009-02-11
13356,1,4,oz,113,g,1,2013-12-23,2019-02-13
13356,2,1,steak,473,g,1,2013-12-23,2013-12-23
13357,1,1,sausage,43,g,1,2013-12-23,2013-12-23
13357,2,1,oz,28.35,g,1,2013-12-23,2013-12-23
13358,1,1,slice (1 oz),28,g,1,2013-12-23,2013-12-23
13359,1,4,oz,113,g,1,2013-12-23,2019-02-13
13359,2,1,steak,483,g,1,2013-12-23,2013-12-23
13361,1,3,oz,85,g,1,2013-12-23,2013-12-23
13362,1,3,oz,85,g,1,2013-12-23,2013-12-23
13363,1,3,oz,85,g,1,2013-12-23,2013-12-23
13364,1,3,oz,85,g,1,2004-07-15,2013-12-26
13365,1,3,oz,85,g,1,2013-12-23,2013-12-23
13366,1,3,oz,85,g,1,2013-12-23,2013-12-23
13367,1,3,oz,85,g,1,2013-12-23,2013-12-23
13367,2,1,"piece, cooked, excluding refuse (yield from 1 lb raw meat with refuse)",314,g,1,2013-12-23,2013-12-23
13368,1,3,oz,85,g,1,2013-12-23,2013-12-23
13368,2,1,"piece, cooked, excluding refuse (yield from 1 lb raw meat with refuse)",264,g,1,2013-12-23,2013-12-23
13369,1,3,oz,85,g,1,2013-12-23,2013-12-23
13369,2,1,steak (Yield from 418 g raw meat),270,g,1,2013-12-23,2013-12-23
13370,1,3,oz,85,g,1,2013-12-23,2013-12-23
13370,2,1,steak (yield from 418g raw meat),270,g,1,2013-12-23,2013-12-23
13371,1,3,oz,85,g,1,2013-12-23,2013-12-23
13371,2,1,"piece, cooked, excluding refuse (yield from 1 lb raw meat with refuse)",314,g,1,2013-12-23,2013-12-23
13372,1,3,oz,85,g,1,2013-12-23,2013-12-23
13372,2,1,"piece, cooked, excluding refuse (yield from 1 lb raw meat with refuse)",232,g,1,2013-12-23,2013-12-23
13373,1,3,oz,85,g,1,2006-02-23,2011-01-18
13373,2,1,roast (yield from 1601 g raw meat),1166,g,1,2006-02-23,2011-01-18
13375,1,3,oz,85,g,1,2013-12-23,2013-12-23
13375,2,1,roast (yield from 1675 g raw meat),1236,g,1,2013-12-23,2013-12-23
13377,1,3,oz,85,g,1,2013-12-23,2013-12-23
13377,2,1,roast (yield from 1528g raw meat),1095,g,1,2013-12-23,2013-12-23
13378,1,3,oz,85,g,1,2013-12-23,2013-12-23
13378,2,1,roast (yield from 1675 g raw meat),1236,g,1,2013-12-23,2013-12-23
13379,1,1,"piece, cooked, excluding refuse (yield from 1 lb raw meat with refuse)",235,g,1,2016-02-06,2016-02-06
13379,2,3,oz,85,g,1,2016-02-06,2016-02-06
13380,1,3,oz,85,g,1,2013-12-23,2013-12-23
13380,2,1,roast,658,g,1,2013-12-23,2013-12-23
13381,1,3,oz,85,g,1,2013-12-23,2013-12-23
13381,2,1,roast,629,g,1,2013-12-23,2013-12-23
13382,1,3,oz,85,g,1,2013-12-23,2013-12-23
13382,2,1,"piece, cooked, excluding refuse (yield from 1 lb raw meat with refuse)",191,g,1,2013-12-23,2013-12-23
13383,1,3,oz,85,g,1,2013-12-23,2013-12-23
13383,2,1,roast,658,g,1,2013-12-23,2013-12-23
13384,1,3,oz,85,g,1,2013-12-23,2013-12-23
13384,2,1,roast,629,g,1,2013-12-23,2013-12-23
13386,1,3,oz,85,g,1,2013-12-23,2013-12-23
13386,2,1,"piece, cooked, excluding refuse (yield from 1 lb raw meat with refuse)",290,g,1,2013-12-23,2013-12-23
13387,1,3,oz,85,g,1,2013-12-23,2013-12-23
13387,2,1,"piece, cooked, excluding refuse (yield from 1 lb raw meat with refuse)",286,g,1,2013-12-23,2013-12-23
13388,1,3,oz,85,g,1,2013-12-23,2013-12-23
13388,2,1,"piece, cooked, excluding refuse (yield from 1 lb raw meat with refuse)",214,g,1,2013-12-23,2013-12-23
13389,1,3,oz,85,g,1,2013-12-23,2013-12-23
13389,2,1,"piece, cooked, excluding refuse (yield from 1 lb raw meat with refuse)",207,g,1,2013-12-23,2013-12-23
13390,1,3,oz,85,g,1,2013-12-23,2013-12-23
13390,2,1,"piece, cooked, excluding refuse (yield from 1 lb raw meat with refuse)",217,g,1,2013-12-23,2013-12-23
13391,1,3,oz,85,g,1,2013-12-23,2013-12-23
13391,2,1,steak (yield from 233 g raw meat),233,g,1,2013-12-23,2013-12-23
13392,1,3,oz,85,g,1,2013-12-23,2013-12-23
13392,2,1,"piece, cooked, excluding refuse (yield from 1 lb raw meat with refuse)",272,g,1,2013-12-23,2013-12-23
13393,1,3,oz,85,g,1,2013-12-23,2013-12-23
13393,2,1,"piece, cooked, excluding refuse (yield from 1 lb raw meat with refuse)",265,g,1,2013-12-23,2013-12-23
13394,1,3,oz,85,g,1,2013-12-23,2013-12-23
13394,2,1,steak (yield from 296 g raw meat),233,g,1,2013-12-23,2013-12-23
13395,1,3,oz,85,g,1,2013-12-23,2013-12-23
13395,2,1,"piece, cooked, excluding refuse (yield from 1 lb raw meat with refuse)",220,g,1,2013-12-23,2013-12-23
13396,1,3,oz,85,g,1,2013-12-23,2013-12-23
13396,2,1,"piece, cooked, excluding refuse (yield from 1 lb raw meat with refuse)",220,g,1,2013-12-23,2013-12-23
13398,1,3,oz,85,g,1,2006-02-23,2013-12-26
13398,2,1,steak (yield from 290 g raw meat),185,g,1,2006-02-23,2013-12-26
13399,1,3,oz,85,g,1,2006-02-23,2013-12-26
13399,2,1,roast (yield from 600 g raw meat),489,g,1,2013-12-23,2013-12-23
13401,1,3,oz,85,g,1,2013-12-23,2013-12-23
13401,2,1,steak (yield from 299 g raw meat),191,g,1,2013-12-23,2013-12-23
13402,1,3,oz,85,g,1,2013-12-23,2013-12-23
13402,2,1,roast (yield from 627 g raw meat),515,g,1,2013-12-23,2013-12-23
13404,1,3,oz,85,g,1,2013-12-23,2013-12-23
13404,2,1,steak (yield from 281 g raw meat),179,g,1,2013-12-23,2013-12-23
13405,1,3,oz,85,g,1,2013-12-23,2013-12-23
13405,2,1,roast (yield from 572 g raw meat),464,g,1,2013-12-23,2013-12-23
13407,1,3,oz,85,g,1,2013-12-23,2013-12-23
13407,2,1,steak (yield from 290 g raw meat),185,g,1,2013-12-23,2013-12-23
13408,1,3,oz,85,g,1,2013-12-23,2013-12-23
13408,2,1,roast (yield from 600 g raw meat),489,g,1,2013-12-23,2013-12-23
13410,1,3,oz,85,g,1,2013-12-23,2013-12-23
13410,2,1,steak (yield from 299 g raw meat),191,g,1,2013-12-23,2013-12-23
13411,1,3,oz,85,g,1,2013-12-23,2013-12-23
13411,2,1,roast (yield from 627 g raw meat),515,g,1,2013-12-23,2013-12-23
13413,1,3,oz,85,g,1,2013-12-23,2013-12-23
13413,2,1,steak (yield from 281 g raw meat),179,g,1,2013-12-23,2013-12-23
13414,1,3,oz,85,g,1,2013-12-23,2013-12-23
13414,2,1,roast (yield from 572 g raw meat),464,g,1,2013-12-23,2013-12-23
13415,1,3,oz,85,g,1,2013-12-23,2013-12-23
13415,2,1,roast (yield from 436 g raw meat),346,g,1,2013-12-23,2013-12-23
13415,3,1,"piece, cooked, excluding refuse (yield from 1 lb raw meat with refuse)",333,g,1,2013-12-23,2013-12-23
13416,1,3,oz,85,g,1,2013-12-23,2013-12-23
13416,2,1,roast (yield from 445 g raw meat),355,g,1,2013-12-23,2013-12-23
13417,1,3,oz,85,g,1,2013-12-23,2013-12-23
13417,2,1,roast (yield from 426 g raw meat),337,g,1,2013-12-23,2013-12-23
13418,1,3,oz,85,g,1,2013-12-23,2013-12-23
13418,2,1,roast (yield from 436 g raw meat),346,g,1,2013-12-23,2013-12-23
13418,3,1,"piece, cooked, excluding refuse (yield from 1 lb raw meat with refuse)",330,g,1,2013-12-23,2013-12-23
13419,1,3,oz,85,g,1,2013-12-23,2013-12-23
13419,2,1,roast (yield from 445 g raw meat),355,g,1,2013-12-23,2013-12-23
13419,3,1,"piece, cooked, excluding refuse (yield from 1 lb raw meat with refuse)",331,g,1,2013-12-23,2013-12-23
13420,1,3,oz,85,g,1,2013-12-23,2013-12-23
13420,2,1,roast (yield from 426 g raw meat),337,g,1,2013-12-23,2013-12-23
13420,3,1,"piece, cooked, excluding refuse (yield from 1 lb raw meat with refuse)",296,g,1,2013-12-23,2013-12-23
13421,1,3,oz,85,g,1,2006-02-23,2013-12-26
13421,2,1,"piece, cooked, excluding refuse (yield from 1 lb raw meat with refuse)",330,g,1,2006-02-23,2013-12-26
13422,1,3,oz,85,g,1,2013-12-23,2013-12-23
13422,2,1,roast (yield from 1405 g raw meat),1138,g,1,2013-12-23,2013-12-23
13423,1,3,oz,85,g,1,2013-12-23,2013-12-23
13423,2,1,roast (yield from 1388 g raw meat),1141,g,1,2013-12-23,2013-12-23
13424,1,3,oz,85,g,1,2013-12-23,2013-12-23
13424,2,1,"piece, cooked, excluding refuse (yield from 1 lb raw meat with refuse)",320,g,1,2013-12-23,2013-12-23
13425,1,3,oz,85,g,1,2013-12-23,2013-12-23
13425,2,1,roast (yield from 1405 g raw meat),1138,g,1,2013-12-23,2013-12-23
13426,1,3,oz,85,g,1,2013-12-23,2013-12-23
13426,2,1,roast (yield from 1388 g raw meat),1141,g,1,2013-12-23,2013-12-23
13428,1,3,oz,85,g,1,1996-09-30,2013-12-26
13428,2,1,"piece, cooked, excluding refuse (yield from 1 lb raw meat with refuse)",267,g,1,2002-09-06,2013-12-26
13430,1,3,oz,85,g,1,2013-12-23,2013-12-23
13430,2,1,"piece, cooked, excluding refuse (yield from 1 lb raw meat with refuse)",267,g,1,2013-12-23,2013-12-23
13432,1,3,oz,85,g,1,2013-12-23,2013-12-23
13432,2,1,"piece, cooked, excluding refuse (yield from 1 lb raw meat with refuse)",267,g,1,2013-12-23,2013-12-23
13436,1,3,oz,85,g,1,2013-12-23,2013-12-23
13436,2,1,"piece, cooked, excluding refuse (yield from 1 lb raw meat with refuse)",261,g,1,2013-12-23,2013-12-23
13438,1,3,oz,85,g,1,2013-12-23,2013-12-23
13438,2,1,"piece, cooked, excluding refuse (yield from 1 lb raw meat with refuse)",261,g,1,2013-12-23,2013-12-23
13439,1,3,oz,85,g,1,2013-12-23,2013-12-23
13439,2,1,steak,117,g,1,2013-12-23,2013-12-23
13440,1,3,oz,85,g,1,2013-12-23,2013-12-23
13440,2,1,steak (yield from 161 g raw meat),126,g,1,2013-12-23,2013-12-23
13441,1,3,oz,85,g,1,2013-12-23,2013-12-23
13441,2,1,steak (yield from 136 g raw meat),108,g,1,2013-12-23,2013-12-23
13442,1,3,oz,85,g,1,2013-12-23,2013-12-23
13442,2,1,steak,119,g,1,2013-12-23,2013-12-23
13443,1,3,oz,85,g,1,2013-12-23,2013-12-23
13443,2,1,steak,121,g,1,2013-12-23,2013-12-23
13444,1,3,oz,85,g,1,2013-12-23,2013-12-23
13444,2,1,steak,117,g,1,2013-12-23,2013-12-23
13445,1,3,oz,85,g,1,2013-12-23,2013-12-23
13445,2,1,steak,119,g,1,2013-12-23,2013-12-23
13446,1,3,oz,85,g,1,2013-12-23,2013-12-23
13446,2,1,steak (yield from 203 g raw meat),164,g,1,2013-12-23,2013-12-23
13447,1,3,oz,85,g,1,2013-12-23,2013-12-23
13447,2,1,steak (yield from 186 g raw meat),150,g,1,2013-12-23,2013-12-23
13448,1,3,oz,85,g,1,2013-12-23,2013-12-23
13448,2,1,"steak, excluding refuse (yield from 1 raw steak, with refuse, weighing 223 g)",150,g,1,2013-12-23,2013-12-23
13449,1,3,oz,85,g,1,2013-12-23,2013-12-23
13449,2,1,steak (yield from 203 g raw meat),164,g,1,2013-12-23,2013-12-23
13450,1,3,oz,85,g,1,2013-12-23,2013-12-23
13450,2,1,steak (yield from 186 g raw meat),150,g,1,2013-12-23,2013-12-23
13451,1,3,oz,85,g,1,2013-12-23,2013-12-23
13451,2,1,steak (yield from 518 g raw meat),384,g,1,2013-12-23,2013-12-23
13452,1,3,oz,85,g,1,2013-12-23,2013-12-23
13452,2,1,steak (yield from 532 g raw meat),393,g,1,2013-12-23,2013-12-23
13453,1,3,oz,85,g,1,2013-12-23,2013-12-23
13453,2,1,steak (yield from 505 g raw meat),375,g,1,2013-12-23,2013-12-23
13454,1,3,oz,85,g,1,2013-12-23,2013-12-23
13454,2,1,"piece, cooked, excluding refuse (yield from 1 lb raw meat with refuse)",292,g,1,2013-12-23,2013-12-23
13455,1,3,oz,85,g,1,2013-12-23,2013-12-23
13455,2,1,steak (yield from 532 g raw meat),393,g,1,2013-12-23,2013-12-23
13456,1,3,oz,85,g,1,2013-12-23,2013-12-23
13456,2,1,steak (yield from 505 g raw meat),375,g,1,2013-12-23,2013-12-23
13459,1,3,oz,85,g,1,2013-12-23,2016-02-06
13459,2,1,lb,453.6,g,1,2013-12-23,2013-12-23
13460,1,3,oz,85,g,1,2013-12-23,2016-02-06
13460,2,1,lb,453.6,g,1,2013-12-23,2013-12-23
13463,1,3,oz ( 1serving ),85,g,1,2013-12-23,2013-12-23
13463,2,1,lb,453.6,g,1,2013-12-23,2013-12-23
13464,1,4,oz,113,g,1,2013-12-23,2019-02-13
13464,2,1,steak,534,g,1,2013-12-23,2013-12-23
13465,1,3,oz,85,g,1,2013-12-23,2013-12-23
13465,2,1,steak,421,g,1,2013-12-23,2013-12-23
13466,1,3,oz,85,g,1,2013-12-23,2016-02-06
13466,2,1,lb,453.6,g,1,2013-12-23,2013-12-23
13467,1,3,oz,85,g,1,2013-12-23,2013-12-23
13467,2,1,serving,85,g,1,2013-12-23,2013-12-23
13467,3,1,"piece, cooked, excluding refuse",266,g,1,2013-12-23,2013-12-23
13468,1,4,oz,113,g,1,2013-12-23,2019-02-13
13468,2,1,steak,526,g,1,2013-12-23,2013-12-23
13469,1,3,oz,85,g,1,2013-12-23,2013-12-23
13469,2,1,steak,426,g,1,2013-12-23,2013-12-23
13470,1,3,oz,85,g,1,2013-12-23,2013-12-23
13470,2,1,serving,85,g,1,2013-12-23,2013-12-23
13470,3,1,"piece, cooked, excluding refuse",256,g,1,2013-12-23,2013-12-23
13473,1,3,oz,85,g,1,2013-12-23,2016-02-06
13473,2,1,lb,453.6,g,1,2013-12-23,2013-12-23
13474,1,3,oz,85,g,1,2013-12-23,2016-02-06
13474,2,1,lb,453.6,g,1,2013-12-23,2013-12-23
13477,1,3,oz,85,g,1,2013-12-23,2016-02-06
13477,2,1,lb,453.6,g,1,2013-12-23,2013-12-23
13478,1,4,oz,113,g,1,2013-12-23,2019-02-13
13478,2,1,steak,460,g,1,2013-12-23,2013-12-23
13479,1,3,oz,85,g,1,2010-01-04,2016-02-06
13479,2,1,steak,363,g,1,2010-01-04,2013-12-26
13481,1,3,oz,85,g,1,2013-12-23,2013-12-23
13481,2,1,serving,85,g,1,2013-12-23,2013-12-23
13481,3,1,"piece, cooked, excluding refuse",271,g,1,2013-12-23,2013-12-23
13482,1,4,oz,113,g,1,2013-12-23,2019-02-13
13482,2,1,steak,458,g,1,2013-12-23,2013-12-23
13483,1,3,oz,85,g,1,2013-12-23,2013-12-23
13483,2,1,steak,368,g,1,2013-12-23,2013-12-23
13484,1,3,oz,85,g,1,2013-12-23,2013-12-23
13484,2,1,serving,85,g,1,2013-12-23,2013-12-23
13484,3,1,"piece, cooked, excluding refuse",264,g,1,2013-12-23,2013-12-23
13485,1,3,oz,85,g,1,2013-12-23,2013-12-23
13485,2,1,steak,247,g,1,2013-12-23,2013-12-23
13486,1,4,oz,113,g,1,2013-12-23,2019-02-13
13486,2,1,roast,1289,g,1,2013-12-23,2013-12-23
13487,1,4,oz,113,g,1,2013-12-23,2019-02-13
13487,2,1,roast,1392,g,1,2013-12-23,2013-12-23
13488,1,4,oz,113,g,1,2013-12-23,2019-02-13
13488,2,1,roast,1187,g,1,2013-12-23,2013-12-23
13490,1,3,oz,85,g,1,2013-12-23,2013-12-23
13490,2,1,steak,231,g,1,2013-12-23,2013-12-23
13491,1,3,oz,85,g,1,2013-12-23,2013-12-23
13491,2,1,steak,277,g,1,2013-12-23,2013-12-23
13492,1,3,oz,85,g,1,2013-12-23,2013-12-23
13492,2,1,steak,284,g,1,2013-12-23,2013-12-23
13493,1,3,oz,85,g,1,2015-01-06,2015-01-06
13493,2,1,steak,269,g,1,2015-01-06,2015-01-06
13494,1,3,oz,85,g,1,2013-12-23,2015-01-07
13494,2,1,portion (yield from 1/2 lb raw meat ),139,g,1,2013-12-23,2013-12-23
13495,1,3,oz,85,g,1,2013-12-23,2015-01-07
13495,2,1,loaf ( yield from 1 lb raw meat ),284,g,1,2013-12-23,2013-12-23
13496,1,3,oz,85,g,1,2013-12-23,2015-01-07
13496,2,1,patty,77,g,1,2013-12-23,2013-12-23
13497,1,3,oz,85,g,1,2013-12-23,2015-01-07
13497,2,1,patty,70,g,1,2013-12-23,2013-12-23
13498,1,4,oz,113,g,1,2013-12-23,2015-01-07
13498,2,1,oz,28.35,g,1,2013-12-23,2016-02-06
13499,1,4,oz,113,g,1,2013-12-23,2019-02-13
13499,2,1,steak,458,g,1,2013-12-23,2013-12-23
13500,1,3,oz,85,g,1,2011-01-18,2013-12-26
13500,2,1,steak,186,g,1,2013-12-23,2013-12-23
13501,1,3,oz,85,g,1,2011-01-18,2013-12-26
13501,2,1,steak,177,g,1,2013-12-23,2013-12-23
13502,1,3,oz,85,g,1,2011-01-18,2013-12-26
13502,2,1,steak,199,g,1,2013-12-23,2013-12-23
13519,1,4,oz,113,g,1,2013-12-23,2019-02-13
13519,2,1,steak,1438,g,1,2013-12-23,2013-12-23
13520,1,4,oz,113,g,1,2013-12-23,2019-02-13
13520,2,1,steak,1432,g,1,2013-12-23,2013-12-23
13523,1,4,oz,113,g,1,2013-12-23,2019-02-13
13523,2,1,steak,1446,g,1,2013-12-23,2013-12-23
13595,1,4,oz,113,g,1,2013-12-23,2019-02-13
13595,2,1,piece,1855,g,1,2013-12-23,2013-12-23
13596,1,4,oz,113,g,1,2013-12-23,2019-02-13
13596,2,1,piece,1780,g,1,2013-12-23,2013-12-23
13597,1,4,oz,113,g,1,2013-12-23,2019-02-13
13597,2,1,piece,1967,g,1,2013-12-23,2013-12-23
13598,1,3,oz,85,g,1,2011-01-18,2013-12-26
13598,2,1,steak,186,g,1,2013-12-23,2013-12-23
13647,1,4,oz,113,g,1,2013-12-23,2019-02-13
13647,2,1,steak,1027,g,1,2013-12-23,2013-12-23
13647,3,1,roast,1316,g,1,2013-12-23,2013-12-23
13648,1,4,oz,113,g,1,2013-12-23,2019-02-13
13649,1,4,oz,113,g,1,2013-12-23,2019-02-13
13649,2,1,steak,1106,g,1,2013-12-23,2013-12-23
13649,3,1,roast,1320,g,1,2013-12-23,2013-12-23
13650,1,3,oz,85,g,1,2011-01-18,2013-12-26
13650,2,1,steak,177,g,1,2013-12-23,2013-12-23
13786,1,4,oz,113,g,1,2013-12-23,2019-02-13
13786,2,1,roast,723,g,1,2013-12-23,2013-12-23
13788,1,4,oz,113,g,1,2013-12-23,2019-02-13
13788,2,1,roast,698,g,1,2013-12-23,2013-12-23
13791,1,4,oz,113,g,1,2013-12-23,2019-02-13
13791,2,1,roast,761,g,1,2013-12-23,2013-12-23
13795,1,4,oz,113,g,1,2013-12-23,2019-02-13
13796,1,3,oz,85,g,1,2013-12-23,2013-12-23
13797,1,4,oz,113,g,1,2013-12-23,2019-02-13
13798,1,3,oz,85,g,1,2013-12-23,2013-12-23
13799,1,4,oz,113,g,1,2013-12-23,2019-02-13
13800,1,3,oz,85,g,1,2013-12-23,2013-12-23
13803,1,4,oz,113,g,1,2013-12-23,2019-02-13
13803,2,1,lb,453.6,g,1,2013-12-23,2013-12-23
13804,1,3,oz,85,g,1,2013-12-23,2013-12-23
13804,2,1,"piece, cooked, excluding refuse (yield from 1 lb raw meat with refuse)",329,g,1,2013-12-23,2013-12-23
13805,1,3,oz,85,g,1,2013-12-23,2013-12-23
13805,2,1,steak,452,g,1,2013-12-23,2013-12-23
13806,1,3,oz,85,g,1,2013-12-23,2013-12-23
13806,2,1,steak (yield from raw steak weighing 550 g),380,g,1,2013-12-23,2013-12-23
13807,1,4,oz,113,g,1,2013-12-23,2019-02-13
13807,2,1,lb,453.6,g,1,2013-12-23,2013-12-23
13808,1,3,oz,85,g,1,2013-12-23,2013-12-23
13808,2,1,"piece, cooked, excluding refuse (yield from 1 lb raw meat with refuse)",332,g,1,2013-12-23,2013-12-23
13809,1,4,oz,113,g,1,2013-12-23,2019-02-13
13809,2,1,lb,453.6,g,1,2013-12-23,2013-12-23
13810,1,3,oz,85,g,1,2006-02-23,2013-12-26
13810,2,1,"piece, cooked, excluding refuse (yield from 1 lb raw meat with refuse)",258,g,1,2006-02-23,2013-12-26
13811,1,4,oz,113,g,1,2013-12-23,2019-02-13
13811,2,1,roast,1801,g,1,2013-12-23,2013-12-23
13811,3,1,lb,453.6,g,1,2013-12-23,2013-12-23
13812,1,3,oz,85,g,1,2013-12-23,2013-12-23
13812,2,1,"piece, cooked, excluding refuse (yield from 1 lb raw meat with refuse)",258,g,1,2013-12-23,2013-12-23
13813,1,4,oz,113,g,1,2013-12-23,2019-02-13
13813,2,1,roast,1783,g,1,2013-12-23,2013-12-23
13813,3,1,lb,453.6,g,1,2013-12-23,2013-12-23
13814,1,3,oz,85,g,1,2013-12-23,2013-12-23
13814,2,1,"piece, cooked, excluding refuse (yield from 1 lb raw meat with refuse)",257,g,1,2013-12-23,2013-12-23
13815,1,4,oz,113,g,1,2013-12-23,2019-02-13
13815,2,1,lb,453.6,g,1,2013-12-23,2013-12-23
13816,1,3,oz,85,g,1,2006-02-23,2013-12-26
13816,2,1,"piece, cooked, excluding refuse (yield from 1 lb raw meat with refuse)",247,g,1,2006-02-23,2013-12-26
13817,1,4,oz,113,g,1,2013-12-23,2019-02-13
13817,2,1,lb,453.6,g,1,2013-12-23,2013-12-23
13818,1,3,oz,85,g,1,2013-12-23,2013-12-23
13818,2,1,"piece, cooked, excluding refuse (yield from 1 lb raw meat with refuse)",247,g,1,2013-12-23,2013-12-23
13819,1,4,oz,113,g,1,2013-12-23,2019-02-13
13819,2,1,lb,453.6,g,1,2013-12-23,2013-12-23
13820,1,3,oz,85,g,1,2013-12-23,2013-12-23
13820,2,1,"piece, cooked, excluding refuse (yield from 1 lb raw meat with refuse)",247,g,1,2013-12-23,2013-12-23
13821,1,3,oz,85,g,1,2011-01-18,2013-12-26
13821,2,1,roast,609,g,1,2013-12-23,2013-12-23
13822,1,3,oz,85,g,1,2011-01-18,2013-12-26
13822,2,1,roast,586,g,1,2013-12-23,2013-12-23
13823,1,3,oz,85,g,1,2011-01-18,2013-12-26
13823,2,1,roast,645,g,1,2013-12-23,2013-12-23
13824,1,1,oz,28.35,g,1,2013-12-23,2013-12-23
13824,2,1,lb,453.6,g,1,2013-12-23,2013-12-23
13825,1,3,oz,85,g,1,2013-12-23,2013-12-23
13825,2,1,"piece, cooked, excluding refuse (yield from 1 lb raw meat with refuse)",267,g,1,2013-12-23,2013-12-23
13826,1,3,oz,85,g,1,2013-12-23,2013-12-23
13826,2,1,"piece, cooked, excluding refuse (yield from 1 lb raw meat with refuse)",289,g,1,2013-12-23,2013-12-23
13827,1,1,oz,28.35,g,1,2013-12-23,2013-12-23
13827,2,1,lb,453.6,g,1,2013-12-23,2013-12-23
13828,1,3,oz,85,g,1,2013-12-23,2013-12-23
13828,2,1,"piece, cooked, excluding refuse (yield from 1 lb raw meat with refuse)",267,g,1,2013-12-23,2013-12-23
13829,1,3,oz,85,g,1,2013-12-23,2013-12-23
13829,2,1,"piece, cooked, excluding refuse (yield from 1 lb raw meat with refuse)",289,g,1,2013-12-23,2013-12-23
13830,1,1,oz,28.35,g,1,2013-12-23,2013-12-23
13830,2,1,lb,453.6,g,1,2013-12-23,2013-12-23
13831,1,3,oz,85,g,1,2013-12-23,2013-12-23
13831,2,1,"piece, cooked, excluding refuse (yield from 1 lb raw meat with refuse)",264,g,1,2013-12-23,2013-12-23
13832,1,3,oz,85,g,1,2013-12-23,2013-12-23
13832,2,1,"piece, cooked, excluding refuse (yield from 1 lb raw meat with refuse)",289,g,1,2013-12-23,2013-12-23
13833,1,4,oz,113,g,1,2013-12-23,2019-02-13
13833,2,1,lb,453.6,g,1,2013-12-23,2013-12-23
13834,1,3,oz,85,g,1,2013-12-23,2013-12-23
13834,2,1,"piece, cooked, excluding refuse (yield from 1 lb raw meat with refuse)",274,g,1,2013-12-23,2013-12-23
13835,1,3,oz,85,g,1,2013-12-23,2013-12-23
13835,2,1,"piece, cooked, excluding refuse (yield from 1 lb raw meat with refuse)",278,g,1,2013-12-23,2013-12-23
13838,1,1,oz,28.35,g,1,2013-12-23,2013-12-23
13838,2,1,lb,453.6,g,1,2013-12-23,2013-12-23
13839,1,3,oz,85,g,1,2013-12-23,2013-12-23
13839,2,1,"piece, cooked, excluding refuse (yield from 1 lb raw meat with refuse)",267,g,1,2013-12-23,2013-12-23
13840,1,3,oz,85,g,1,2013-12-23,2013-12-23
13840,2,1,"piece, cooked, excluding refuse (yield from 1 lb raw meat with refuse)",292,g,1,2013-12-23,2013-12-23
13841,1,1,oz,28.35,g,1,2013-12-23,2013-12-23
13841,2,1,lb,453.6,g,1,2013-12-23,2013-12-23
13842,1,3,oz,85,g,1,2013-12-23,2013-12-23
13842,2,1,"piece, cooked, excluding refuse (yield from 1 lb raw meat with refuse)",267,g,1,2013-12-23,2013-12-23
13843,1,3,oz,85,g,1,2013-12-23,2013-12-23
13843,2,1,"piece, cooked, excluding refuse (yield from 1 lb raw meat with refuse)",296,g,1,2013-12-23,2013-12-23
13844,1,1,oz,28.35,g,1,2013-12-23,2013-12-23
13844,2,1,lb,453.6,g,1,2013-12-23,2013-12-23
13845,1,3,oz,85,g,1,2013-12-23,2013-12-23
13845,2,1,"piece, cooked, excluding refuse (yield from 1 lb raw meat with refuse)",267,g,1,2013-12-23,2013-12-23
13846,1,3,oz,85,g,1,2013-12-23,2013-12-23
13846,2,1,"piece, cooked, excluding refuse (yield from 1 lb raw meat with refuse)",292,g,1,2013-12-23,2013-12-23
13847,1,4,oz,113,g,1,2013-12-23,2019-02-13
13847,2,1,lb,453.6,g,1,2013-12-23,2013-12-23
13848,1,3,oz,85,g,1,2013-12-23,2013-12-23
13848,2,1,"piece, cooked, excluding refuse (yield from 1 lb raw meat with refuse)",278,g,1,2013-12-23,2013-12-23
13849,1,3,oz,85,g,1,2013-12-23,2013-12-23
13849,2,1,"piece, cooked, excluding refuse (yield from 1 lb raw meat with refuse)",281,g,1,2013-12-23,2013-12-23
13850,1,4,oz,113,g,1,2013-12-23,2019-02-13
13850,2,1,lb,453.6,g,1,2013-12-23,2013-12-23
13851,1,3,oz,85,g,1,2013-12-23,2013-12-23
13851,2,1,"piece, cooked, excluding refuse (yield from 1 lb raw meat with refuse)",268,g,1,2013-12-23,2013-12-23
13852,1,3,oz,85,g,1,2013-12-23,2013-12-23
13852,2,1,"piece, cooked, excluding refuse (yield from 1 lb raw meat with refuse)",282,g,1,2013-12-23,2013-12-23
13853,1,4,oz,113,g,1,2013-12-23,2019-02-13
13853,2,1,lb,453.6,g,1,2013-12-23,2013-12-23
13854,1,3,oz,85,g,1,2013-12-23,2013-12-23
13854,2,1,steak (yield from 320 g raw meat),256,g,1,2013-12-23,2013-12-23
13855,1,3,oz,85,g,1,2013-12-23,2013-12-23
13855,2,1,"piece, cooked, excluding refuse (yield from 1 lb raw meat with refuse)",278,g,1,2013-12-23,2013-12-23
13856,1,4,oz,113,g,1,2013-12-23,2019-02-13
13856,2,1,steak,335,g,1,2013-12-23,2013-12-23
13857,1,3,oz,85,g,1,2013-12-23,2013-12-23
13857,2,1,steak (yield from 1 raw steak weighing 321g),245,g,1,2013-12-23,2013-12-23
13858,1,3,oz,85,g,1,2013-12-23,2013-12-23
13858,2,1,"piece, cooked, excluding refuse (yield from 1 lb raw meat with refuse)",285,g,1,2013-12-23,2013-12-23
13859,1,4,oz,113,g,1,2013-12-23,2019-02-13
13859,2,1,lb,453.6,g,1,2013-12-23,2013-12-23
13860,1,3,oz,85,g,1,2013-12-23,2013-12-23
13860,2,1,"piece, cooked, excluding refuse (yield from 1 lb raw meat with refuse)",268,g,1,2013-12-23,2013-12-23
13861,1,3,oz,85,g,1,2013-12-23,2013-12-23
13861,2,1,"piece, cooked, excluding refuse (yield from 1 lb raw meat with refuse)",276,g,1,2013-12-23,2013-12-23
13862,1,3,oz,85,g,1,2011-01-18,2013-12-26
13862,2,1,steak,199,g,1,2013-12-23,2013-12-23
13863,1,4,oz,113,g,1,2013-12-23,2019-02-13
13863,2,1,steak,239,g,1,2013-12-23,2013-12-23
13864,1,4,oz,113,g,1,2013-12-23,2019-02-13
13864,2,1,lb,453.6,g,1,2013-12-23,2013-12-23
13865,1,3,oz,85,g,1,2013-12-23,2013-12-23
13865,2,1,"piece, cooked, excluding refuse (yield from 1 lb raw meat with refuse)",313,g,1,2013-12-23,2013-12-23
13866,1,4,oz,113,g,1,2013-12-23,2019-02-13
13866,2,1,lb,453.6,g,1,2013-12-23,2013-12-23
13867,1,3,oz,85,g,1,2013-12-23,2013-12-23
13867,2,1,"piece, cooked, excluding refuse (yield from 1 lb raw meat with refuse)",313,g,1,2013-12-23,2013-12-23
13868,1,4,oz,113,g,1,2013-12-23,2019-02-13
13868,2,1,lb,453.6,g,1,2013-12-23,2013-12-23
13869,1,3,oz,85,g,1,2006-02-23,2013-12-26
13869,2,1,"piece, cooked, excluding refuse (yield from 1 lb raw meat with refuse)",281,g,1,2006-02-23,2013-12-26
13870,1,3,oz,85,g,1,2006-02-23,2011-01-18
13870,2,1,"piece, cooked, excluding refuse (yield from 1 lb raw meat with refuse)",338,g,1,2006-02-23,2006-11-30
13870,3,1,roast (yield from 1 raw roast weighing 776g),632,g,1,2006-02-23,2011-01-18
13871,1,4,oz,113,g,1,2013-12-23,2019-02-13
13871,2,1,lb,453.6,g,1,2013-12-23,2013-12-23
13872,1,3,oz,85,g,1,2013-12-23,2013-12-23
13872,2,1,steak (yield from 341 g raw meat),227,g,1,2013-12-23,2013-12-23
13873,1,3,oz,85,g,1,2013-12-23,2013-12-23
13873,2,1,"piece, cooked, excluding refuse (yield from 1 lb raw meat with refuse)",338,g,1,2013-12-23,2013-12-23
13873,3,1,roast (yield from raw roast weighing 766g),627,g,1,2013-12-23,2013-12-23
13874,1,4,oz,113,g,1,2013-12-23,2019-02-13
13874,2,1,steak,312,g,1,2013-12-23,2013-12-23
13875,1,3,oz,85,g,1,2013-12-23,2013-12-23
13875,2,1,steak (yield from raw steak weighing 340g),226,g,1,2013-12-23,2013-12-23
13876,1,3,oz,85,g,1,2013-12-23,2013-12-23
13876,2,1,"piece, cooked, excluding refuse (yield from 1 lb raw meat with refuse)",338,g,1,2013-12-23,2013-12-23
13876,3,1,roast (yield from 1 raw roast weighing 786g),636,g,1,2013-12-23,2013-12-23
13877,1,4,oz,113,g,1,2013-12-23,2019-02-13
13877,2,1,lb,453.6,g,1,2013-12-23,2013-12-23
13878,1,3,oz,85,g,1,2013-12-23,2013-12-23
13878,2,1,"piece, cooked, excluding refuse (yield from 1 lb raw meat with refuse)",333,g,1,2013-12-23,2013-12-23
13879,1,4,oz,113,g,1,2013-12-23,2019-02-13
13879,2,1,lb,453.6,g,1,2013-12-23,2013-12-23
13880,1,3,oz,85,g,1,2013-12-23,2013-12-23
13880,2,1,"piece, cooked, excluding refuse (yield from 1 lb raw meat with refuse)",333,g,1,2013-12-23,2013-12-23
13881,1,4,oz,113,g,1,2013-12-23,2019-02-13
13881,2,1,lb,453.6,g,1,2013-12-23,2013-12-23
13882,1,3,oz,85,g,1,2013-12-23,2013-12-23
13882,2,1,roast (yield from 530 g raw meat),417,g,1,2013-12-23,2013-12-23
13883,1,4,oz,113,g,1,2013-12-23,2019-02-13
13883,2,1,lb,453.6,g,1,2013-12-23,2013-12-23
13884,1,3,oz,85,g,1,2006-02-23,2013-12-26
13884,2,1,"piece, cooked, excluding refuse (yield from 1 lb raw meat with refuse)",326,g,1,2006-02-23,2013-12-26
13885,1,4,oz,113,g,1,2013-12-23,2019-02-13
13885,2,1,lb,453.6,g,1,2013-12-23,2013-12-23
13886,1,3,oz,85,g,1,2013-12-23,2013-12-23
13886,2,1,"piece, cooked, excluding refuse (yield from 1 lb raw meat with refuse)",325,g,1,2013-12-23,2013-12-23
13887,1,4,oz,113,g,1,2013-12-23,2019-02-13
13887,2,1,lb,453.6,g,1,2013-12-23,2013-12-23
13888,1,3,oz,85,g,1,2013-12-23,2013-12-23
13888,2,1,"piece, cooked, excluding refuse (yield from 1 lb raw meat with refuse)",327,g,1,2013-12-23,2013-12-23
13889,1,4,oz,113,g,1,2013-12-23,2019-02-13
13889,2,1,steak,231,g,1,2013-12-23,2013-12-23
13890,1,3,oz,85,g,1,2007-12-03,2013-12-26
13890,2,1,"piece cooked, excluding refuse (yield from 1 lb raw meat with refuse)",283,g,1,2007-12-03,2013-12-26
13891,1,4,oz,113,g,1,2013-12-23,2019-02-13
13891,2,1,lb,453.6,g,1,2013-12-23,2013-12-23
13892,1,3,oz,85,g,1,2013-12-23,2013-12-23
13892,2,1,"piece, cooked, excluding refuse (yield from 1 lb raw meat with refuse)",286,g,1,2013-12-23,2013-12-23
13893,1,3,oz,85,g,1,2013-12-23,2013-12-23
13893,2,1,"piece, cooked, excluding refuse (yield from 1 lb raw meat with refuse)",326,g,1,2013-12-23,2013-12-23
13894,1,4,oz,113,g,1,2013-12-23,2019-02-13
13894,2,1,lb,453.6,g,1,2013-12-23,2013-12-23
13895,1,3,oz,85,g,1,2013-12-23,2013-12-23
13895,2,1,"piece, cooked, excluding refuse (yield from 1 lb raw meat with refuse)",289,g,1,2013-12-23,2013-12-23
13896,1,3,oz,85,g,1,2013-12-23,2013-12-23
13896,2,1,steak (yield from raw steak weighing 492 g),347,g,1,2013-12-23,2013-12-23
13896,3,1,"piece, cooked, excluding refuse (yield from 1 lb raw meat with refuse)",326,g,1,2013-12-23,2013-12-23
13897,1,3,oz,85,g,1,2013-12-23,2013-12-23
13897,2,1,"piece, cooked, excluding refuse (yield from 1 lb raw meat with refuse)",283,g,1,2013-12-23,2013-12-23
13898,1,4,oz,113,g,1,2013-12-23,2019-02-13
13898,2,1,lb,453.6,g,1,2013-12-23,2013-12-23
13899,1,3,oz,85,g,1,2013-12-23,2013-12-23
13899,2,1,"piece, cooked, excluding refuse (yield from 1 lb raw meat with refuse)",286,g,1,2013-12-23,2013-12-23
13900,1,3,oz,85,g,1,2013-12-23,2013-12-23
13900,2,1,steak (yield from raw steak weighing 491g),359,g,1,2013-12-23,2013-12-23
13900,3,1,"piece, cooked, excluding refuse (yield from 1 lb raw meat with refuse)",329,g,1,2013-12-23,2013-12-23
13901,1,4,oz,113,g,1,2013-12-23,2019-02-13
13901,2,1,lb,453.6,g,1,2013-12-23,2013-12-23
13902,1,3,oz,85,g,1,2013-12-23,2013-12-23
13902,2,1,"piece, cooked, excluding refuse (yield from 1 lb raw meat with refuse)",332,g,1,2013-12-23,2013-12-23
13903,1,4,oz,113,g,1,2013-12-23,2019-02-13
13903,2,1,steak,252,g,1,2013-12-23,2013-12-23
13904,1,4,oz,113,g,1,2013-12-23,2019-02-13
13904,2,1,piece,1855,g,1,2013-12-23,2013-12-23
13905,1,4,oz,113,g,1,2013-12-23,2019-02-13
13905,2,1,steak,539,g,1,2013-12-23,2013-12-23
13906,1,3,oz,85,g,1,2013-12-23,2013-12-23
13906,2,1,steak,417,g,1,2013-12-23,2013-12-23
13907,1,4,oz,113,g,1,2013-12-23,2019-02-13
13907,2,1,steak,461,g,1,2013-12-23,2013-12-23
13908,1,3,oz,85,g,1,2013-12-23,2013-12-23
13908,2,1,steak,360,g,1,2013-12-23,2013-12-23
13909,1,4,oz,113,g,1,2013-12-23,2019-02-13
13910,1,3,oz,85,g,1,2013-12-23,2013-12-23
13910,2,1,steak,213,g,1,2013-12-23,2013-12-23
13911,1,4,oz,113,g,1,2013-12-23,2019-02-13
13911,2,1,steak,301,g,1,2013-12-23,2013-12-23
13912,1,3,oz,85,g,1,2013-12-23,2013-12-23
13912,2,1,steak (yield from 270 g raw meat),221,g,1,2016-02-06,2016-02-06
13913,1,4,oz,113,g,1,2013-12-23,2019-02-13
13914,1,3,oz,85,g,1,2013-12-23,2013-12-23
13915,1,4,oz,113,g,1,2013-12-23,2019-02-13
13915,2,1,"steak, excluding refuse (yield from 1 raw steak, with refuse, weighing 242 g)",227,g,1,2013-12-23,2013-12-23
13916,1,3,oz,85,g,1,2013-12-23,2013-12-23
13916,2,1,"steak, excluding refuse (yield from 1 raw steak, with refuse, weighing 242 g)",167,g,1,2013-12-23,2013-12-23
13917,1,4,oz,113,g,1,2013-12-23,2019-02-13
13917,2,1,steak,164,g,1,2013-12-23,2013-12-23
13918,1,3,oz,85,g,1,2013-12-23,2013-12-23
13918,2,1,"steak, excluding refuse (yield from 1 raw steak, with refuse, weighing 154 g)",104,g,1,2013-12-23,2013-12-23
13919,1,3,oz,85,g,1,2013-12-23,2013-12-23
13919,2,1,"piece, cooked, excluding refuse (yield from 1 lb raw meat with refuse)",330,g,1,2013-12-23,2013-12-23
13920,1,4,oz,113,g,1,2013-12-23,2019-02-13
13920,2,1,steak,177,g,1,2013-12-23,2013-12-23
13921,1,1,steak (yield from 181 g raw meat),140,g,1,2013-12-23,2013-12-23
13921,2,3,oz,85,g,1,2013-12-23,2013-12-23
13922,1,3,oz,85,g,1,2013-12-23,2013-12-23
13922,2,1,"piece, cooked, excluding refuse (yield from 1 lb raw meat with refuse)",329,g,1,2013-12-23,2013-12-23
13923,1,4,oz,113,g,1,2013-12-23,2019-02-13
13923,2,1,steak (yield from 1 raw steak weighing149g),149,g,1,2013-12-23,2019-02-13
13923,3,1,lb,453.6,g,1,2013-12-23,2013-12-23
13924,1,1,steak (yield from 1 raw steak weighing 151g),119,g,1,2013-12-23,2013-12-23
13924,2,3,oz,85,g,1,2013-12-23,2013-12-23
13924,3,1,"steak, excluding refuse (yield from 1 raw steak, with refuse, weighing 154 g)",104,g,1,2013-12-23,2013-12-23
13925,1,3,oz,85,g,1,2013-12-23,2013-12-23
13925,2,1,"piece, cooked, excluding refuse (yield from 1 lb raw meat with refuse)",329,g,1,2013-12-23,2013-12-23
13926,1,1,oz,28.35,g,1,2013-12-23,2013-12-23
13926,2,1,lb,453.6,g,1,2013-12-23,2013-12-23
13927,1,3,oz,85,g,1,2013-12-23,2013-12-23
13927,2,1,"steak, excluding refuse (yield from 1 raw steak, with refuse, weighing 154 g)",106,g,1,2013-12-23,2013-12-23
13928,1,3,oz,85,g,1,2013-12-23,2013-12-23
13928,2,1,"piece, cooked, excluding refuse (yield from 1 lb raw meat with refuse)",326,g,1,2013-12-23,2013-12-23
13929,1,4,oz,113,g,1,2013-12-23,2019-02-13
13929,2,1,steak,608,g,1,2013-12-23,2013-12-23
13930,1,3,oz,85,g,1,2013-12-23,2013-12-23
13930,2,1,"piece, cooked, excluding refuse (yield from 1 lb raw meat with refuse)",306,g,1,2013-12-23,2013-12-23
13931,1,4,oz,113,g,1,2013-12-23,2019-02-13
13931,2,1,lb,453.6,g,1,2013-12-23,2013-12-23
13932,1,3,oz,85,g,1,2013-12-23,2013-12-23
13932,2,1,"piece, cooked, excluding refuse (yield from 1 lb raw meat with refuse)",306,g,1,2013-12-23,2013-12-23
13933,1,3,oz,85,g,1,2013-12-23,2013-12-23
13933,2,1,"piece, cooked, excluding refuse (yield from 1 lb raw meat with refuse)",307,g,1,2013-12-23,2013-12-23
13934,1,4,oz,113,g,1,2013-12-23,2019-02-13
13934,2,1,steak,594,g,1,2013-12-23,2013-12-23
13935,1,3,oz,85,g,1,2013-12-23,2013-12-23
13935,2,1,steak (yield from 1 raw steak weighing 624g),485,g,1,2013-12-23,2013-12-23
13937,1,3,oz,85,g,1,2013-12-23,2016-02-06
13940,1,3,oz,85,g,1,2013-12-23,2016-02-06
13943,1,3,oz ( 1 serving ),85,g,1,2013-12-23,2013-12-23
13946,1,3,oz,85,g,1,2013-12-23,2016-02-06
13948,1,3,oz,85,g,1,2013-12-23,2013-12-23
13948,2,1,steak (yield from 475 g raw meat),383,g,1,2013-12-23,2013-12-23
13949,1,3,oz,85,g,1,2013-12-23,2013-12-23
13949,2,1,steak (yield from 467 g raw meat),379,g,1,2013-12-23,2013-12-23
13950,1,3,oz,85,g,1,2013-12-23,2013-12-23
13950,2,1,steak (yield from 388 g raw meat),247,g,1,2013-12-23,2013-12-23
13951,1,3,oz,85,g,1,2013-12-23,2013-12-23
13951,2,1,steak (yield from 294 g raw meat),231,g,1,2013-12-23,2013-12-23
13952,1,3,oz,85,g,1,2013-12-23,2013-12-23
13952,2,1,steak (yield from 295 g raw meat),233,g,1,2013-12-23,2013-12-23
13954,1,4,oz,113,g,1,2013-12-23,2019-02-13
13954,2,1,roast,261,g,1,2013-12-23,2013-12-23
13955,1,3,oz,85,g,1,2013-12-23,2013-12-23
13955,2,1,roast (yield from 714 g raw meat),591,g,1,2013-12-23,2013-12-23
13956,1,4,oz,113,g,1,2013-12-23,2019-02-13
13956,2,1,roast,271,g,1,2013-12-23,2013-12-23
13957,1,3,oz,85,g,1,2013-12-23,2013-12-23
13957,2,1,roast (yield from 666 g raw meat),547,g,1,2013-12-23,2013-12-23
13958,1,4,oz,113,g,1,2013-12-23,2019-02-13
13958,2,1,roast,252,g,1,2013-12-23,2013-12-23
13959,1,3,oz,85,g,1,2013-12-23,2013-12-23
13959,2,1,steak (yield from 381 g raw meat),277,g,1,2013-12-23,2013-12-23
13961,1,3,oz (1 serving),85,g,1,2013-12-23,2013-12-23
13963,1,4,oz,113,g,1,2013-12-23,2019-02-13
13965,1,3,oz,85,g,1,2013-12-23,2016-02-06
13967,1,3,oz,85,g,1,2013-12-23,2016-02-06
13968,1,3,oz,85,g,1,2013-12-23,2013-12-23
13968,2,1,steak (yield from 396 g raw meat),284,g,1,2013-12-23,2013-12-23
13969,1,3,oz,85,g,1,2013-12-23,2013-12-23
13969,2,1,steak (yield from 368 g meat),269,g,1,2013-12-23,2013-12-23
13970,1,4,oz,113,g,1,2013-12-23,2019-02-13
13970,2,1,steak,188,g,1,2013-12-23,2013-12-23
13971,1,4,oz,113,g,1,2013-12-23,2019-02-13
13971,2,1,steak,173,g,1,2013-12-23,2013-12-23
13972,1,4,oz,113,g,1,2013-12-23,2019-02-13
13972,2,1,roast,1289,g,1,2013-12-23,2013-12-23
13973,1,4,oz,113,g,1,2013-12-23,2019-02-13
13973,2,1,roast,1263,g,1,2013-12-23,2013-12-23
13974,1,4,oz,113,g,1,2013-12-23,2019-02-13
13974,2,1,roast,1327,g,1,2013-12-23,2013-12-23
13975,1,4,oz,113,g,1,2013-12-23,2019-02-13
13975,2,1,piece,1780,g,1,2013-12-23,2013-12-23
13977,1,3,oz,85,g,1,2013-12-23,2016-02-06
13979,1,3,oz,85,g,1,2013-12-23,2016-02-06
13980,1,3,oz,85,g,1,2011-01-18,2013-12-26
13980,2,1,piece,272,g,1,2013-12-23,2013-12-23
13981,1,3,oz,85,g,1,2011-01-18,2013-12-26
13981,2,1,piece,315,g,1,2013-12-23,2013-12-23
13982,1,3,oz,85,g,1,2011-01-18,2013-12-26
13982,2,1,piece,289,g,1,2013-12-23,2013-12-23
13983,1,4,oz,113,g,1,2013-12-23,2019-02-13
13983,2,1,piece,514,g,1,2013-12-23,2013-12-23
13985,1,3,oz,85,g,1,2013-12-23,2019-02-13
13985,2,1,serving,85,g,1,2013-12-23,2019-02-13
13985,3,1,roast,569,g,1,2019-02-13,2019-02-13
14021,1,8,fl oz,240,g,1,2013-12-23,2013-12-23
14031,1,8,fl oz,240,g,1,2013-12-23,2013-12-23
14054,1,8,fl oz,240,g,1,2013-12-23,2013-12-23
14054,2,1,cup,240,g,1,2013-12-23,2013-12-23
14056,1,8,fl oz,266,g,1,2016-02-06,2016-02-06
14056,2,2,fl oz,60,g,1,2016-02-06,2016-02-06
14058,1,3,scoop,86,g,1,2013-12-23,2013-12-23
14060,1,8,fl oz,240,g,1,2013-12-23,2013-12-23
14061,1,8,fl oz,240,g,1,2013-12-23,2013-12-23
14063,1,2,tbsp,11,g,1,2013-12-23,2013-12-23
14064,1,8,fl oz,240,g,1,2013-12-23,2013-12-23
14066,1,0.33,cup,32,g,1,2013-12-23,2013-12-23
14067,1,1,scoop,45,g,1,2013-12-23,2013-12-23
14079,1,16,fl oz,473,g,1,2016-02-06,2016-02-06
14083,1,1,serving,256,g,1,2015-01-06,2015-01-06
14090,1,1,cup,245,g,1,2015-01-06,2015-01-06
14091,1,1,cup,262,g,1,2016-02-06,2016-02-06
14092,1,1,cup,240,g,1,2016-02-06,2016-02-06
14119,1,8,fl oz,247,g,1,2013-12-23,2013-12-23
14121,1,1,fl oz,29.6,g,1,2013-12-23,2013-12-23
14121,2,1,can or bottle (16 fl oz),474,g,1,2013-12-23,2013-12-23
14121,3,1,can or bottle (12 fl oz),355,g,1,2013-12-23,2013-12-23
14130,1,1,fl oz,30.9,g,1,2013-12-23,2013-12-23
14130,2,1,can or bottle (16 fl oz),494,g,1,2013-12-23,2013-12-23
14130,3,1,can or bottle (12 fl oz),371,g,1,2013-12-23,2013-12-23
14136,1,1,fl oz,30.5,g,1,2013-12-23,2013-12-23
14136,2,1,can or bottle (16 fl oz),488,g,1,2013-12-23,2013-12-23
14136,3,1,can or bottle (12 fl oz),366,g,1,2013-12-23,2013-12-23
14142,1,1,fl oz,31,g,1,2013-12-23,2013-12-23
14142,2,1,can or bottle (12 fl oz),372,g,1,2013-12-23,2013-12-23
14143,1,1,fl oz,29.6,g,1,2013-12-23,2013-12-23
14143,2,1,can (12 fl oz),355,g,1,2013-12-23,2013-12-23
14144,1,1,fl oz,30.8,g,1,2013-12-23,2013-12-23
14144,4,1,drink (12 fl oz),368,g,1,2013-12-23,2013-12-23
14144,5,1,"drink, small (16 fl oz)",491,g,1,2013-12-23,2013-12-23
14144,6,1,"drink, medium (22 fl oz)",675,g,1,2013-12-23,2013-12-23
14144,7,1,"drink, large (32 fl oz)",982,g,1,2013-12-23,2013-12-23
14144,8,1,"drink, extra large (44 fl oz)",1351,g,1,2013-12-23,2013-12-23
14145,1,1,fl oz,30.8,g,1,2013-12-23,2013-12-23
14145,2,1,serving 12 fl oz,369,g,1,2013-12-23,2016-02-06
14145,3,1,serving 16 fl oz,492,g,1,2013-12-23,2016-02-06
14145,4,1,cup 12 fl oz 12 fl oz,258,g,1,2013-12-23,2016-02-06
14146,1,1,fl oz,29.6,g,1,2013-12-23,2013-12-23
14146,2,1,can or bottle (16 fl oz),474,g,1,2013-12-23,2013-12-23
14146,3,1,can (12 fl oz),355,g,1,2013-12-23,2013-12-23
14146,4,1,"drink, small (16 fl oz)",474,g,1,2013-12-23,2013-12-23
14146,5,1,"drink, medium (22 fl oz)",651,g,1,2013-12-23,2013-12-23
14146,6,1,"drink, large (32 fl oz)",947,g,1,2013-12-23,2013-12-23
14146,7,1,"drink, extra large (44 fl oz)",1302,g,1,2013-12-23,2013-12-23
14147,1,1,fl oz,30.7,g,1,2013-12-23,2013-12-23
14147,2,1,serving 12 fl oz,368,g,1,2013-12-23,2016-02-06
14147,3,1,serving 16 fl oz,491,g,1,2013-12-23,2016-02-06
14148,1,1,fl oz,30.7,g,1,2013-12-23,2013-12-23
14148,2,1,can or bottle (12 fl oz),370,g,1,2013-12-23,2013-12-23
14148,3,1,can or bottle (16 fl oz),492,g,1,2013-12-23,2013-12-23
14148,4,1,"drink, small (16 fl oz)",492,g,1,2013-12-23,2013-12-23
14148,5,1,"drink, medium (22 fl oz)",676,g,1,2013-12-23,2013-12-23
14148,6,1,"drink, large (32 fl oz)",984,g,1,2013-12-23,2013-12-23
14148,7,1,"drink, extra large (44 fl oz)",1353,g,1,2013-12-23,2013-12-23
14149,1,1,fl oz,29.6,g,1,2013-12-23,2013-12-23
14149,2,1,can (8 fl oz),355,g,1,2013-12-23,2013-12-23
14150,1,1,fl oz,31,g,1,2013-12-23,2013-12-23
14150,2,1,can or bottle (16 fl oz),496,g,1,2013-12-23,2013-12-23
14150,3,1,can or bottle (12 fl oz),372,g,1,2013-12-23,2013-12-23
14151,1,1,fl oz,29.6,g,1,2013-12-23,2013-12-23
14151,2,1,can (12 fl oz),355,g,1,2013-12-23,2013-12-23
14153,1,1,fl oz,30.7,g,1,2013-12-23,2013-12-23
14153,2,1,can or bottle (16 fl oz),491,g,1,2013-12-23,2013-12-23
14153,3,1,can or bottle (12 fl oz),368,g,1,2013-12-23,2013-12-23
14155,1,1,fl oz,30.5,g,1,2013-12-23,2013-12-23
14155,2,1,bottle (11 fl oz),336,g,1,2013-12-23,2013-12-23
14155,3,1,can or bottle (16 fl oz),488,g,1,2013-12-23,2013-12-23
14155,4,1,can or bottle (12 fl oz),366,g,1,2013-12-23,2013-12-23
14157,1,1,fl oz,30.8,g,1,2013-12-23,2013-12-23
14157,2,1,can or bottle (16 fl oz),493,g,1,2013-12-23,2013-12-23
14157,3,1,can or bottle (12 fl oz),370,g,1,2013-12-23,2013-12-23
14161,1,16,fl oz,473,g,1,2016-02-06,2016-02-06
14163,1,8,fl oz,237,g,1,2016-02-06,2016-02-06
14164,1,1,cup dry mix,98,g,1,2016-02-06,2016-02-06
14164,2,1,cup prepared,251,g,1,2016-02-06,2016-02-06
14165,1,1,cup,253,g,1,2016-02-06,2016-02-06
14166,1,1,fl oz,29.6,g,1,2013-12-23,2013-12-23
14166,2,1,bottle (16 fl oz),474,g,1,2013-12-23,2013-12-23
14166,3,1,can (12 fl oz),355,g,1,2013-12-23,2013-12-23
14168,1,1,tbsp,12,g,1,2013-12-23,2013-12-23
14169,1,1,cup (8 fl oz),256,g,1,2013-12-23,2013-12-23
14171,1,1,cup,240,g,1,2016-02-06,2016-02-06
14173,1,9.5,fl oz,281,g,1,2016-02-06,2016-02-06
14174,1,8,fl oz,240,g,1,2016-02-06,2016-02-06
14177,1,1,cup (8 fl oz),266,g,1,1997-08-29,2006-11-30
14179,1,1,cup,262,g,1,2016-02-06,2016-02-06
14180,1,1,cup,248,g,1,2016-02-06,2016-02-06
14181,1,1,serving 2 tbsp,39,g,1,2013-12-23,2013-12-23
14181,2,1,cup,300,g,1,2013-12-23,2013-12-23
14182,1,1,cup (8 fl oz),282,g,1,2013-12-23,2013-12-23
14183,1,1,cup,265,g,1,2016-02-06,2016-02-06
14187,1,1,fl oz,30.2,g,1,2013-12-23,2013-12-23
14187,2,1,can (5.5 oz),166,g,1,2013-12-23,2013-12-23
14188,1,1,cup,260,g,1,2016-02-06,2016-02-06
14190,1,1,cup,269,g,1,2016-02-06,2016-02-06
14191,1,1,cup,265,g,1,2016-02-06,2016-02-06
14192,1,1,serving (3 heaping tsp or 1 envelope),28,g,1,1994-09-29,2006-11-30
14194,1,1,fl oz,34.3,g,1,1997-08-29,2013-12-26
14194,2,1,serving 6 fl oz,206,g,1,1994-01-31,2013-12-26
14196,1,1,envelope Alba (.675 oz),19,g,1,2013-12-23,2013-12-23
14196,2,1,envelope  Swiss Miss (.53 oz),15,g,1,2013-12-23,2013-12-23
14199,1,1,cup,271,g,1,2016-02-06,2016-02-06
14201,1,1,fl oz,29.6,g,1,2007-11-28,2013-12-26
14201,2,6,fl oz,178,g,1,2002-09-06,2013-12-26
14201,3,1,cup (8 fl oz),237,g,1,2007-11-28,2013-12-26
14202,1,1,fl oz,29.6,g,1,2013-12-23,2016-02-06
14203,1,1,tsp,1,g,1,2013-12-23,2013-12-23
14203,2,1,packet,2,g,1,2013-12-23,2013-12-23
14204,1,1,tsp dry,6.4,g,1,2013-12-23,2013-12-23
14206,1,1,cup,270,g,1,2016-02-06,2016-02-06
14207,1,1,cup,266,g,1,2016-02-06,2016-02-06
14207,2,16,fl oz,473,g,1,2016-02-06,2016-02-06
14209,1,1,fl oz,29.6,g,1,2013-12-23,2013-12-23
14209,2,6,fl oz,178,g,1,2013-12-23,2013-12-23
14209,3,1,cup (8 fl oz),237,g,1,2013-12-23,2013-12-23
14210,1,1,fl oz,29.6,g,1,2013-12-23,2016-02-06
14211,1,1,cup,265,g,1,2016-02-06,2016-02-06
14214,1,1,tsp,1,g,1,2013-12-23,2013-12-23
14214,2,1,packet,2,g,1,2013-12-23,2013-12-23
14215,1,1,fl oz,29.8,g,1,2013-12-23,2013-12-23
14215,2,1,serving 6 fl oz,179,g,1,2013-12-23,2013-12-23
14216,1,8,fl oz,240,g,1,2016-02-06,2016-02-06
14218,1,1,tsp rounded,1.8,g,1,2013-12-23,2013-12-23
14219,1,1,fl oz,29.9,g,1,2013-12-23,2013-12-23
14219,2,1,serving 6 fl oz,179,g,1,2013-12-23,2013-12-23
14222,1,1,"tsp, rounded",1.8,g,1,2013-12-23,2013-12-23
14223,1,1,fl oz,29.9,g,1,2013-12-23,2013-12-23
14223,2,1,serving 6 fl oz,179,g,1,2013-12-23,2013-12-23
14224,1,1,serving 2 tbsp,13,g,1,2013-12-23,2013-12-23
14236,1,1,tsp (1 serving),3,g,1,2013-12-23,2013-12-23
14237,1,1,fl oz,30.1,g,1,2013-12-23,2013-12-23
14237,2,1,serving 6 fl oz,180,g,1,2013-12-23,2013-12-23
14238,1,1,fl oz,30.6,g,1,1995-06-19,2013-12-26
14238,2,1,cup (8 fl oz),245,g,1,2002-09-06,2013-12-26
14240,1,1,fl oz,30.6,g,1,1997-08-29,2013-12-26
14240,2,1,cup (8 fl oz),245,g,1,1994-01-31,2013-12-26
14241,1,1,fl oz,30.6,g,1,1997-08-29,2013-12-26
14241,2,1,cup (8 fl oz),245,g,1,1994-01-31,2013-12-26
14242,1,1,fl oz,31.6,g,1,1994-09-29,2013-12-26
14242,2,1,cup (8 fl oz),253,g,1,2002-09-06,2013-12-26
14243,1,1,fl oz,29.6,g,1,2013-12-23,2013-12-23
14243,2,1,cup (8 fl oz),237,g,1,2013-12-23,2013-12-23
14245,1,1,cup (8 fl oz),272,g,1,2013-12-23,2013-12-23
14246,1,2,tbsp,4.5,g,1,2016-02-06,2016-02-06
14260,1,240,ml,240,g,1,2016-02-06,2016-02-06
14261,1,16,fl oz,473,g,1,2016-02-06,2016-02-06
14262,1,1,fl oz,35.2,g,1,2013-12-23,2013-12-23
14262,2,1,can (12 fl oz),423,g,1,2013-12-23,2013-12-23
14263,1,1,fl oz,31,g,1,2013-12-23,2013-12-23
14263,2,1,serving 8 fl oz,248,g,1,2013-12-23,2013-12-23
14264,1,6.75,fl oz,210,g,1,2013-12-23,2016-02-06
14264,2,1,cup (8 fl oz),248,g,1,2013-12-23,2013-12-23
14267,1,1,fl oz,31,g,1,1994-09-29,2013-12-26
14267,2,1,cup (8 fl oz),248,g,1,2002-09-06,2013-12-26
14268,1,1,fl oz,34.8,g,1,2013-12-23,2013-12-23
14268,2,1,can (12 fl oz),418,g,1,2013-12-23,2013-12-23
14269,1,1,fl oz,30.9,g,1,1994-01-31,2013-12-26
14269,2,1,cup,247,g,1,1997-08-29,2016-02-06
14270,1,1,serving,15,g,1,2016-02-06,2016-02-06
14277,1,1,fl oz,31.3,g,1,1994-09-29,2013-12-26
14277,2,1,cup (8 fl oz),250,g,1,2002-09-06,2013-12-26
14278,1,1,cup,245,g,1,2016-02-06,2016-02-06
14278,2,1,fl oz,29.6,g,1,2016-02-06,2016-02-06
14279,1,1,cup,268,g,1,2016-02-06,2016-02-06
14280,1,1,cup,240,g,1,2016-02-06,2016-02-06
14281,1,1,cup,240,g,1,2016-02-06,2016-02-06
14282,1,1,fl oz,31.3,g,1,1994-09-29,2013-12-26
14282,2,6,fl oz,188,g,1,1997-08-29,2016-02-06
14282,3,8,fl oz,250,g,1,2016-02-06,2016-02-06
14282,4,1,serving,227,g,1,2016-02-06,2016-02-06
14287,1,1,serving,18,g,1,2013-12-23,2013-12-23
14287,2,1,cup,218,g,1,2013-12-23,2013-12-23
14288,1,1,fl oz,33,g,1,1997-08-29,2013-12-26
14288,2,1,cup 8 fl oz,264,g,1,1994-01-31,2016-02-06
14292,1,1,fl oz,36.5,g,1,2013-12-23,2013-12-23
14292,2,1,can (12 fl oz),438,g,1,2013-12-23,2013-12-23
14292,3,1,can (6 fl oz),219,g,1,2013-12-23,2013-12-23
14293,1,1,fl oz,30.9,g,1,1994-01-31,2013-12-26
14293,2,1,cup 8 fl oz,247,g,1,1997-08-29,2016-02-06
14296,1,1,serving,18,g,1,2013-12-23,2013-12-23
14296,2,0.5,scoop (2 tbsp),29,g,1,2013-12-23,2013-12-23
14297,1,1,fl oz,31.8,g,1,1997-08-29,2013-12-26
14297,2,1,cup 8 fl oz,255,g,1,1994-01-31,2016-02-06
14303,1,1,fl oz,30.9,g,1,1994-01-31,2013-12-26
14303,2,1,cup 8 fl oz,247,g,1,1997-08-29,2016-02-06
14305,1,1,fl oz,29.6,g,1,2013-12-23,2013-12-23
14305,2,1,cup,237,g,1,2013-12-23,2013-12-23
14310,1,1,cup (8 fl oz),265,g,1,2013-12-23,2013-12-23
14311,1,1,serving (3 heaping tsp or 1 envelope),21,g,1,2013-12-23,2013-12-23
14312,1,1,cup (8 fl oz),265,g,1,2013-12-23,2013-12-23
14316,1,1,cup (8 fl oz),265,g,1,2013-12-23,2013-12-23
14317,1,1,serving (3 heaping tsp or 1 envelope),21,g,1,2013-12-23,2013-12-23
14318,1,1,cup (8 fl oz),265,g,1,2013-12-23,2013-12-23
14323,1,1,fl oz,31,g,1,1994-09-29,2013-12-26
14323,2,1,cup (8 fl oz),248,g,1,2002-09-06,2013-12-26
14327,1,1,fl oz,31.2,g,1,1994-09-29,2013-12-26
14327,2,1,cup (8 fl oz),250,g,1,2002-09-06,2013-12-26
14334,1,1,fl oz,31.3,g,1,1994-09-29,2013-12-26
14334,2,1,cup (8 fl oz),250,g,1,2002-09-06,2013-12-26
14341,1,1,fl oz,31.3,g,1,1994-09-29,2013-12-26
14341,2,1,cup (8 fl oz),250,g,1,2002-09-06,2013-12-26
14350,1,1,serving (2-3 heaping tsp),22,g,1,2013-12-23,2013-12-23
14351,1,1,cup (8 fl oz),266,g,1,1997-08-29,2006-11-30
14352,1,1,FL OZ,29.6,g,1,2002-09-06,2010-01-05
14352,2,6,FL OZ,178,g,1,2007-11-28,2010-01-05
14352,3,1,cup (8 fl oz),237,g,1,2007-11-28,2007-11-28
14353,1,1,serving 2 tsp,0.7,g,1,2013-12-23,2013-12-23
14355,1,1,fl oz,29.6,g,1,1998-01-15,2013-12-26
14355,2,6,fl oz,178,g,1,2007-11-28,2013-12-26
14355,3,1,cup (8 fl oz),237,g,1,2007-11-28,2013-12-26
14356,1,2,tsp,1.6,g,1,2013-12-23,2013-12-23
14357,1,1,serving (3 heaping tsp),23,g,1,2013-12-23,2013-12-23
14357,2,1,cup,182,g,1,2013-12-23,2013-12-23
14366,1,1,serving 1 tsp,0.7,g,1,2013-12-23,2013-12-23
14367,1,1,fl oz,29.7,g,1,2013-12-23,2013-12-23
14367,2,1,serving 6 fl oz,178,g,1,2013-12-23,2016-02-06
14367,3,1,serving 8 fl oz,238,g,1,2013-12-23,2016-02-06
14368,1,1,"tsp, rounded",1.4,g,1,2013-12-23,2013-12-23
14368,2,2,"tbsp, rounded",11.3,g,1,2013-12-23,2013-12-23
14370,1,1,serving (3 heaping tsp),23,g,1,2013-12-23,2013-12-23
14370,2,1,cup,182,g,1,2013-12-23,2013-12-23
14371,1,1,cup (8 fl oz),259,g,1,2013-12-23,2013-12-23
14375,1,2,tsp,1.6,g,1,2013-12-23,2013-12-23
14375,2,4,tbsp (1/4 cup),14.4,g,1,2013-12-23,2013-12-23
14376,1,1,fl oz,29.8,g,1,2013-12-23,2013-12-23
14376,2,1,serving 6 fl oz,179,g,1,2013-12-23,2016-02-06
14376,3,1,serving 8 fl oz,238,g,1,2013-12-23,2016-02-06
14381,1,1,fl oz,29.6,g,1,2013-12-23,2013-12-23
14381,2,6,fl oz,178,g,1,2013-12-23,2013-12-23
14381,3,1,cup (8 fl oz),237,g,1,2013-12-23,2013-12-23
14390,1,1,fl oz,32.1,g,1,2013-12-23,2013-12-23
14390,2,1,serving dry mix with 6 fl oz water,192,g,1,2013-12-23,2016-02-06
14400,1,1,"serving child 12 fl oz, without ice",258,g,1,2013-12-23,2016-02-06
14400,2,1,"serving small 16 fl oz, without ice",347,g,1,2013-12-23,2016-02-06
14400,3,1,"serving medium 21 fl oz,  without ice",486,g,1,2013-12-23,2016-02-06
14400,4,1,"serving large 32 fl oz,  without ice",722,g,1,2013-12-23,2016-02-06
14405,1,1,fl oz,35.2,g,1,2013-12-23,2013-12-23
14405,2,1,can (12 fl oz),423,g,1,2013-12-23,2013-12-23
14406,1,1,fl oz,29.3,g,1,1994-01-31,2013-12-26
14406,2,8,fl oz,234,g,1,1997-08-29,2016-02-06
14407,1,1,serving 2 tbsp,26,g,1,2013-12-23,2013-12-23
14408,1,1,fl oz,33.9,g,1,1997-08-29,2013-12-26
14408,2,6,fl oz,203,g,1,1994-01-31,2016-02-06
14409,1,1,"portion, amount of dry mix to make 8 fl oz prepared",2.5,g,1,2013-12-23,2013-12-23
14411,1,1,fl oz,29.6,g,1,2013-12-23,2013-12-23
14411,2,1,serving 8 fl oz,237,g,1,2013-12-23,2016-02-06
14411,3,1,liter,1000,g,1,2013-12-23,2013-12-23
14416,1,1,fl oz,29.6,g,1,2013-12-23,2013-12-23
14416,2,1,can can 12 fl oz,355,g,1,2013-12-23,2016-02-06
14416,3,1,bottle bottle 16 fl oz,473,g,1,2013-12-23,2016-02-06
14416,4,1,serving child 12 fl oz,258,g,1,2013-12-23,2016-02-06
14416,5,1,serving small 16 fl oz,347,g,1,2013-12-23,2016-02-06
14416,6,1,serving medium 21 fl oz,486,g,1,2013-12-23,2016-02-06
14416,7,1,serving large 32 fl oz,722,g,1,2013-12-23,2016-02-06
14421,1,6,fl oz,185,g,1,2013-12-23,2013-12-23
14422,1,1,packet (.75 oz),21,g,1,2013-12-23,2013-12-23
14422,2,1,envelope,21,g,1,2016-02-06,2016-02-06
14423,1,1,serving,243,g,1,2013-12-23,2013-12-23
14424,1,1,fl oz,35.3,g,1,2013-12-23,2013-12-23
14424,2,1,can,424,g,1,2013-12-23,2016-02-06
14425,1,1,fl oz,31,g,1,1997-08-29,2013-12-26
14425,2,8,fl oz,248,g,1,1994-01-31,2016-02-06
14426,1,1,fl oz,36.3,g,1,2013-12-23,2013-12-23
14426,2,1,can,436,g,1,2013-12-23,2016-02-06
14427,1,1,fl oz,31.3,g,1,1997-08-29,2013-12-26
14427,2,8,fl oz,250,g,1,1994-01-31,2016-02-06
14429,1,1,FL OZ,29.6,g,1,1994-01-31,2010-01-05
14429,2,1,bottle 8 fl oz,237,g,1,1997-08-29,2016-02-06
14429,3,1,liter,1000,g,1,2002-09-06,2015-01-07
14429,4,3,ice cube (3/4 fl oz),64,g,1,2007-11-28,2007-11-28
14430,1,1,fl oz,36.2,g,1,2013-12-23,2013-12-23
14430,2,1,can (12 fl oz),435,g,1,2013-12-23,2013-12-23
14431,1,1,fl oz,29.6,g,1,1997-08-29,2013-12-26
14431,2,8,fl oz,237,g,1,1994-01-31,2016-02-06
14436,1,1,fl oz,31.6,g,1,2013-12-23,2013-12-23
14436,2,1,cup (8 fl oz),253,g,1,2013-12-23,2013-12-23
14537,1,1,fl oz,29.6,g,1,2013-12-23,2013-12-23
14537,2,1,can (12 fl oz),355,g,1,2013-12-23,2013-12-23
14538,1,1,envelope  Swiss Miss (.53 oz),15,g,1,2013-12-23,2013-12-23
14538,2,1,packet (0.675 oz),19,g,1,2013-12-23,2013-12-23
14541,1,1,fl oz,32.7,g,1,1997-08-29,2013-12-26
14541,2,8,fl oz,262,g,1,1994-01-31,2016-02-06
14542,1,1,fl oz,36.4,g,1,2013-12-23,2013-12-23
14542,2,1,can (12 fl oz),437,g,1,2013-12-23,2013-12-23
14542,3,1,can (6 fl oz),218,g,1,2013-12-23,2013-12-23
14543,1,1,fl oz,30.9,g,1,1994-01-31,2013-12-26
14543,2,1,bottle 8 fl oz,247,g,1,1997-08-29,2016-02-06
14544,1,1,fl oz,29.6,g,1,2013-12-23,2013-12-23
14544,2,6,fl oz,178,g,1,2013-12-23,2013-12-23
14545,1,1,fl oz,29.6,g,1,2013-12-23,2013-12-23
14545,2,6,fl oz,178,g,1,2013-12-23,2013-12-23
14545,3,1,cup (8 fl oz),237,g,1,2013-12-23,2013-12-23
14548,1,1,serving (3 heaping tsp),23,g,1,2013-12-23,2013-12-23
14548,2,1,cup,182,g,1,2013-12-23,2013-12-23
14552,1,1,fl oz,31,g,1,2013-12-23,2013-12-23
14552,2,1,can or bottle (16 fl oz),492,g,1,2013-12-23,2013-12-23
14552,3,1,can (12 fl oz),369,g,1,2013-12-23,2013-12-23
14555,1,1,fl oz,29.6,g,1,2013-12-23,2013-12-23
14555,2,1,cup,237,g,1,2013-12-23,2013-12-23
14555,3,1,ml,1,g,1,2013-12-23,2013-12-23
14557,1,1,serving,22,g,1,2013-12-23,2013-12-23
14558,1,1,serving,266,g,1,2013-12-23,2013-12-23
14604,1,1,fl oz,29.6,g,1,2013-12-23,2013-12-23
14604,2,1,serving (8 fl oz),237,g,1,2013-12-23,2013-12-23
14604,3,1,ml,1.1,g,1,2013-12-23,2013-12-23
14605,1,8,fl oz (1 NLEA serving),237,g,1,2013-12-23,2013-12-23
14605,2,1,serving,237,g,1,2013-12-23,2013-12-23
14632,1,1,cup,158,g,1,2013-12-23,2013-12-23
14632,2,1,can,391,g,1,2013-12-23,2013-12-23
14633,1,1,serving,238,g,1,2013-12-23,2013-12-23
14634,1,1,cup,244,g,1,2010-01-04,2010-01-04
14635,1,1,serving 8 oz,246,g,1,2010-01-04,2010-01-04
14636,1,1,container,209,g,1,2010-01-04,2010-01-04
14636,2,1,ml,1,g,1,2010-01-04,2010-01-04
14637,1,1,pouch,200,g,1,2010-01-04,2010-01-04
14639,1,8,"fl oz (approximate weight, 1 serving)",240,g,1,2010-01-04,2010-01-04
14645,1,1,cup (8 fl oz),238,g,1,2012-03-02,2012-03-02
14646,1,1,cup (8 fl oz),238,g,1,2012-03-02,2012-03-02
14647,1,8,fl oz,240,g,1,2012-03-02,2012-03-02
14647,2,1,fl oz,31.1,g,1,2012-03-02,2012-03-02
14648,1,8,fl oz,237,g,1,2012-03-02,2012-03-02
14649,1,8,fl oz,237,g,1,2012-03-02,2012-03-02
14651,1,1,cup (8 fl oz),238,g,1,2012-03-02,2012-03-02
14654,1,1,tbsp,10,g,1,2013-12-23,2013-12-23
14654,2,1,serving,20,g,1,2013-12-23,2013-12-23
15001,1,3,oz,85,g,1,2013-12-23,2013-12-23
15002,1,1,"oz, boneless",28.35,g,1,2013-12-23,2013-12-23
15002,2,1,anchovy,4,g,1,2013-12-23,2013-12-23
15002,3,1,can (2 oz),45,g,1,2013-12-23,2013-12-23
15002,4,5,anchovies,20,g,1,2013-12-23,2013-12-23
15003,1,1,fillet,79,g,1,2013-12-23,2013-12-23
15003,2,3,oz,85,g,1,2013-12-23,2013-12-23
15004,1,3,oz,85,g,1,2013-12-23,2013-12-23
15004,2,1,fillet,159,g,1,2013-12-23,2013-12-23
15005,1,1,fillet,150,g,1,2013-12-23,2013-12-23
15005,2,3,oz,85,g,1,2013-12-23,2013-12-23
15006,1,1,fillet,116,g,1,2013-12-23,2013-12-23
15006,2,3,oz,85,g,1,2013-12-23,2013-12-23
15007,1,1,fillet,32,g,1,2013-12-23,2013-12-23
15007,2,3,oz,85,g,1,2013-12-23,2013-12-23
15008,1,3,oz,85,g,1,2013-12-23,2013-12-23
15008,2,1,fillet,218,g,1,2013-12-23,2013-12-23
15009,1,3,oz,85,g,1,2013-12-23,2013-12-23
15009,2,1,fillet,170,g,1,2013-12-23,2013-12-23
15010,1,3,oz,85,g,1,2013-12-23,2013-12-23
15010,2,1,fillet,159,g,1,2013-12-23,2013-12-23
15011,1,1,fillet,87,g,1,1994-01-31,2006-11-30
15011,2,3,oz,85,g,1,1999-03-22,2006-11-30
15012,1,1,tbsp,16,g,1,2013-12-23,2013-12-23
15012,2,1,oz,28.35,g,1,2013-12-23,2013-12-23
15013,1,1,fillet,79,g,1,2013-12-23,2013-12-23
15013,2,3,oz,85,g,1,2013-12-23,2013-12-23
15014,1,1,oz,28.35,g,1,2013-12-23,2013-12-23
15014,2,3,oz,85,g,1,2013-12-23,2013-12-23
15015,1,3,oz,85,g,1,1994-01-31,2013-12-26
15015,2,1,fillet,231,g,1,1997-08-29,2013-12-26
15016,1,3,oz,85,g,1,1994-01-31,2013-12-26
15016,2,1,fillet,180,g,1,1997-08-29,2013-12-26
15017,1,3,oz,85,g,1,1994-01-31,2013-12-26
15017,2,1,can,312,g,1,1997-08-29,2013-12-26
15018,1,1,oz,28.35,g,1,1996-09-30,2006-11-30
15018,2,1,"piece (5-1/2"" x 1-1/2"" x 1/2"")",80,g,1,2007-11-28,2007-11-28
15018,3,3,oz,85,g,1,2007-11-28,2007-11-28
15019,1,1,fillet,116,g,1,2013-12-23,2013-12-23
15019,2,3,oz,85,g,1,2013-12-23,2013-12-23
15020,1,1,fillet,79,g,1,1994-01-31,2006-11-30
15020,2,3,oz,85,g,1,1997-08-29,2006-11-30
15021,1,1,fillet,87,g,1,1994-01-31,2006-11-30
15021,2,3,oz,85,g,1,1999-03-22,2006-11-30
15022,1,1,fillet,122,g,1,2013-12-23,2013-12-23
15022,2,3,oz,85,g,1,2013-12-23,2013-12-23
15023,1,3,oz,85,g,1,2013-12-23,2013-12-23
15023,2,1,fillet,204,g,1,2013-12-23,2013-12-23
15024,1,3,oz,85,g,1,2013-12-23,2013-12-23
15024,2,1,fillet,198,g,1,2013-12-23,2013-12-23
15025,1,3,oz,85,g,1,2013-12-23,2013-12-23
15025,2,1,fillet,204,g,1,2013-12-23,2013-12-23
15026,1,1,"oz, boneless",28.35,g,1,2013-12-23,2013-12-23
15026,2,1,oz with bone (yield after bone removed),22,g,1,2013-12-23,2013-12-23
15026,3,1,"cubic inch, boneless",17,g,1,2013-12-23,2013-12-23
15026,4,1,fillet,159,g,1,2013-12-23,2013-12-23
15026,5,3,oz,85,g,1,2013-12-23,2013-12-23
15027,1,1,"piece (4"" x 2"" x 1/2"")",57,g,1,1994-01-31,2006-11-30
15027,2,1,"stick (4"" x 1"" x 1/2"")",28,g,1,2002-09-06,2006-11-30
15028,1,1,"oz, boneless",28.35,g,1,2013-12-23,2013-12-23
15028,2,1,fillet,163,g,1,2013-12-23,2013-12-23
15028,3,3,oz,85,g,1,2013-12-23,2013-12-23
15029,1,1,fillet,127,g,1,2013-12-23,2013-12-23
15029,2,3,oz,85,g,1,2013-12-23,2013-12-23
15030,1,1,piece,42,g,1,1996-09-30,2006-11-30
15031,1,3,oz,85,g,1,2013-12-23,2013-12-23
15031,2,1,fillet,259,g,1,2013-12-23,2013-12-23
15032,1,3,oz,85,g,1,2013-12-23,2013-12-23
15032,2,1,fillet,202,g,1,2013-12-23,2013-12-23
15033,1,3,oz,85,g,1,1994-01-31,2013-12-26
15033,2,1,fillet,193,g,1,1997-08-29,2013-12-26
15034,1,1,fillet,150,g,1,1994-01-31,2006-11-30
15034,2,3,oz,85,g,1,1999-03-22,2006-11-30
15035,1,1,"oz, boneless",28.35,g,1,2013-12-23,2013-12-23
15035,2,1,"cubic inch, boneless",17,g,1,2013-12-23,2013-12-23
15035,3,3,oz,85,g,1,2013-12-23,2013-12-23
15036,1,3,oz,85,g,1,1994-01-31,2013-12-26
15036,2,0.5,fillet,204,g,1,1997-08-29,2013-12-26
15037,1,3,oz,85,g,1,1994-01-31,2013-12-26
15037,2,0.5,fillet,159,g,1,1999-03-22,2013-12-26
15038,1,3,oz,85,g,1,2013-12-23,2013-12-23
15038,2,0.5,fillet,204,g,1,2013-12-23,2013-12-23
15039,1,1,"oz, boneless",28.35,g,1,2013-12-23,2013-12-23
15039,2,1,fillet,184,g,1,2013-12-23,2013-12-23
15039,3,3,oz,85,g,1,2013-12-23,2013-12-23
15040,1,1,fillet,143,g,1,2013-12-23,2013-12-23
15040,2,3,oz,85,g,1,2013-12-23,2013-12-23
15041,1,1,cup,140,g,1,2013-12-23,2013-12-23
15041,2,1,"oz, boneless",28.35,g,1,2013-12-23,2013-12-23
15041,3,1,cubic inch,20,g,1,2013-12-23,2013-12-23
15041,4,1,"piece (1-3/4"" x 7/8"" x 1/2"")",15,g,1,2013-12-23,2013-12-23
15042,1,1,"oz, boneless",28.35,g,1,2013-12-23,2013-12-23
15042,2,1,"cubic inch, boneless",17,g,1,2013-12-23,2013-12-23
15042,3,1,"fillet, large (7"" x 2-1/4"" x 1/4"")",65,g,1,2013-12-23,2013-12-23
15042,4,1,"fillet, medium (5"" x 1-3/4"" x 1/4"")",40,g,1,2013-12-23,2013-12-23
15042,5,1,"fillet, small (2-3/8"" x 1-3/8"" x 1/4"")",20,g,1,2013-12-23,2013-12-23
15043,1,3,oz,85,g,1,2013-12-23,2013-12-23
15043,2,1,fillet,184,g,1,2013-12-23,2013-12-23
15044,1,3,oz,85,g,1,2013-12-23,2013-12-23
15044,2,1,fillet,193,g,1,2013-12-23,2013-12-23
15045,1,3,oz,85,g,1,2013-12-23,2013-12-23
15045,2,0.5,fillet,193,g,1,2013-12-23,2013-12-23
15046,1,1,fillet,112,g,1,1994-01-31,2006-11-30
15046,2,3,oz,85,g,1,1997-08-29,2006-11-30
15047,1,1,fillet,88,g,1,1994-01-31,2006-11-30
15047,2,3,oz,85,g,1,1999-03-22,2006-11-30
15048,1,1,"oz, boneless",28.35,g,1,1994-01-31,2013-12-26
15048,2,1,cup,190,g,1,2002-09-06,2013-12-26
15048,3,1,cubic inch,16,g,1,2002-09-06,2006-11-30
15048,4,1,can (15 oz),361,g,1,2002-09-06,2006-11-30
15049,1,3,oz,85,g,1,2013-12-23,2013-12-23
15049,2,0.5,fillet,198,g,1,2013-12-23,2013-12-23
15050,1,3,oz,85,g,1,1994-01-31,2013-12-26
15050,2,1,fillet,225,g,1,1997-08-29,2013-12-26
15051,1,3,oz,85,g,1,2013-12-23,2013-12-23
15051,2,1,fillet,187,g,1,2013-12-23,2013-12-23
15052,1,1,fillet,146,g,1,2013-12-23,2013-12-23
15052,2,3,oz,85,g,1,2013-12-23,2013-12-23
15053,1,3,oz,85,g,1,2013-12-23,2013-12-23
15054,1,3,oz,85,g,1,2013-12-23,2013-12-23
15055,1,1,oz,28.35,g,1,2013-12-23,2013-12-23
15055,2,1,fillet,119,g,1,2013-12-23,2013-12-23
15055,3,3,oz,85,g,1,2013-12-23,2013-12-23
15056,1,1,fillet,93,g,1,2013-12-23,2013-12-23
15056,2,3,oz,85,g,1,2013-12-23,2013-12-23
15057,1,1,"oz, boneless",28.35,g,1,1995-06-19,2006-11-30
15057,2,1,fillet,64,g,1,1998-01-15,2006-11-30
15057,3,3,oz,85,g,1,1997-08-29,2006-11-30
15058,1,1,fillet,50,g,1,1994-01-31,2006-11-30
15058,2,3,oz,85,g,1,1999-03-22,2006-11-30
15059,1,3,oz,85,g,1,2013-12-23,2013-12-23
15059,2,0.5,fillet,176,g,1,2013-12-23,2013-12-23
15060,1,1,fillet,60,g,1,2013-12-23,2013-12-23
15060,2,3,oz,85,g,1,2013-12-23,2013-12-23
15061,1,1,fillet,46,g,1,2013-12-23,2013-12-23
15061,2,3,oz,85,g,1,2013-12-23,2013-12-23
15062,1,3,oz,85,g,1,2013-12-23,2013-12-23
15062,2,0.5,fillet,198,g,1,2013-12-23,2013-12-23
15063,1,3,oz,85,g,1,2013-12-23,2013-12-23
15063,2,0.5,fillet,155,g,1,2013-12-23,2013-12-23
15064,1,3,oz,85,g,1,2013-12-23,2013-12-23
15064,2,1,fillet,159,g,1,2013-12-23,2013-12-23
15065,1,3,oz,85,g,1,1994-01-31,2013-12-26
15065,2,0.5,fillet,193,g,1,1997-08-29,2013-12-26
15066,1,1,fillet,77,g,1,2013-12-23,2013-12-23
15066,2,3,oz,85,g,1,2013-12-23,2013-12-23
15067,1,1,fillet,60,g,1,2013-12-23,2013-12-23
15067,2,3,oz,85,g,1,2013-12-23,2013-12-23
15068,1,1,"oz, boneless",28.35,g,1,2013-12-23,2013-12-23
15068,2,1,fillet,112,g,1,2013-12-23,2013-12-23
15068,3,3,oz,85,g,1,2013-12-23,2013-12-23
15069,1,1,fillet,88,g,1,2013-12-23,2013-12-23
15069,2,3,oz,85,g,1,2013-12-23,2013-12-23
15070,1,3,oz,85,g,1,2013-12-23,2013-12-23
15070,2,1,fillet,191,g,1,2013-12-23,2013-12-23
15071,1,1,fillet,149,g,1,2013-12-23,2013-12-23
15071,2,3,oz,85,g,1,2013-12-23,2013-12-23
15072,1,1,tbsp,14,g,1,2013-12-23,2013-12-23
15072,2,1,oz,28.35,g,1,2013-12-23,2013-12-23
15072,3,1,"can (8 oz), solids and liquid",227,g,1,2013-12-23,2013-12-23
15072,4,3,oz,85,g,1,2013-12-23,2013-12-23
15073,1,3,oz,85,g,1,2013-12-23,2013-12-23
15074,1,3,oz,85,g,1,2013-12-23,2013-12-23
15074,2,0.5,fillet,193,g,1,2013-12-23,2013-12-23
15075,1,1,oz,28.35,g,1,2013-12-23,2013-12-23
15075,2,3,oz,85,g,1,2013-12-23,2013-12-23
15076,1,3,oz,85,g,1,2013-12-23,2013-12-23
15076,2,0.5,fillet,198,g,1,2013-12-23,2013-12-23
15077,1,1,"oz, boneless",28.35,g,1,2013-12-23,2015-01-07
15077,2,3,oz,85,g,1,2013-12-23,2015-01-07
15077,3,1,"cubic inch, boneless",17,g,1,2013-12-23,2013-12-23
15077,4,1,"cup, cooked",136,g,1,2013-12-23,2015-01-07
15078,1,3,oz,85,g,1,2013-12-23,2013-12-23
15078,2,0.5,fillet,198,g,1,2013-12-23,2013-12-23
15079,1,3,oz,85,g,1,2013-12-23,2013-12-23
15079,2,0.5,fillet,198,g,1,2013-12-23,2013-12-23
15080,1,3,oz,85,g,1,2013-12-23,2013-12-23
15080,2,1,can,369,g,1,2013-12-23,2013-12-23
15081,1,3,oz,85,g,1,2013-12-23,2013-12-23
15081,2,0.5,fillet,198,g,1,2013-12-23,2013-12-23
15082,1,3,oz,85,g,1,2013-12-23,2013-12-23
15082,2,0.5,fillet,155,g,1,2013-12-23,2013-12-23
15083,1,3,oz,85,g,1,2013-12-23,2013-12-23
15083,2,0.5,fillet,159,g,1,2013-12-23,2013-12-23
15084,1,3,oz,85,g,1,1994-01-31,2013-12-26
15084,2,1,can,411,g,1,1997-08-29,2013-12-26
15085,1,1,"oz, boneless",28.35,g,1,2013-12-23,2013-12-23
15085,2,0.5,fillet,198,g,1,2013-12-23,2013-12-23
15085,3,3,oz,85,g,1,2013-12-23,2013-12-23
15086,1,3,oz,85,g,1,2013-12-23,2013-12-23
15086,2,0.5,fillet,155,g,1,2013-12-23,2013-12-23
15087,1,3,oz,85,g,1,2013-12-23,2013-12-23
15087,2,1,can,337,g,1,2013-12-23,2013-12-23
15088,1,1,"cup, drained",149,g,1,2013-12-23,2013-12-23
15088,2,1,oz,28.35,g,1,2013-12-23,2013-12-23
15088,3,1,cubic inch,16,g,1,2013-12-23,2013-12-23
15088,4,1,can (3.75 oz),92,g,1,2013-12-23,2013-12-23
15088,5,1,"small (2-2/3"" x 1/2"" x 1/4"")",12,g,1,2013-12-23,2013-12-23
15088,6,2,sardines,24,g,1,2013-12-23,2013-12-23
15089,1,1,cup,89,g,1,2013-12-23,2013-12-23
15089,2,1,can,370,g,1,2013-12-23,2013-12-23
15089,3,1,sardine,38,g,1,2013-12-23,2013-12-23
15090,1,3,oz,85,g,1,2013-12-23,2013-12-23
15090,2,1,"oz, boneless",28.35,g,1,2013-12-23,2013-12-23
15090,3,1,fillet,64,g,1,2013-12-23,2013-12-23
15090,4,1,cup,166,g,1,2013-12-23,2013-12-23
15091,1,1,fillet,129,g,1,2013-12-23,2013-12-23
15091,2,3,oz,85,g,1,2013-12-23,2013-12-23
15092,1,1,fillet,101,g,1,1996-09-30,2006-11-30
15092,2,3,oz,85,g,1,2002-09-06,2006-11-30
15093,1,3,oz,85,g,1,2013-12-23,2013-12-23
15093,2,1,fillet,238,g,1,2013-12-23,2013-12-23
15094,1,3,oz,85,g,1,2013-12-23,2013-12-23
15094,2,1,fillet,184,g,1,2013-12-23,2013-12-23
15095,1,3,oz,85,g,1,2013-12-23,2013-12-23
15096,1,3,oz,85,g,1,2013-12-23,2013-12-23
15097,1,3,oz,85,g,1,2013-12-23,2013-12-23
15097,2,1,fillet,238,g,1,2013-12-23,2013-12-23
15098,1,3,oz,85,g,1,2013-12-23,2013-12-23
15098,2,1,fillet,186,g,1,2013-12-23,2013-12-23
15099,1,3,oz,85,g,1,2013-12-23,2013-12-23
15100,1,3,oz,85,g,1,2013-12-23,2013-12-23
15101,1,3,oz,85,g,1,2013-12-23,2013-12-23
15101,2,1,fillet,218,g,1,2013-12-23,2013-12-23
15102,1,3,oz,85,g,1,2013-12-23,2013-12-23
15102,2,1,fillet,170,g,1,2013-12-23,2013-12-23
15103,1,1,fillet,64,g,1,2013-12-23,2013-12-23
15103,2,3,oz,85,g,1,2013-12-23,2013-12-23
15104,1,3,oz,85,g,1,2013-12-23,2013-12-23
15105,1,3,oz,85,g,1,2013-12-23,2015-01-07
15105,2,1,"cup, cooked",136,g,1,2013-12-23,2015-01-07
15105,3,1,"piece (4-1/2"" x 2-1/8"" x 7/8"")",145,g,1,2013-12-23,2015-01-07
15105,4,1,"oz, boneless",28.35,g,1,2013-12-23,2015-01-07
15105,5,1,"cubic inch, boneless",17,g,1,2013-12-23,2015-01-07
15106,1,1,oz,28.35,g,1,2013-12-23,2013-12-23
15106,2,3,oz,85,g,1,2013-12-23,2013-12-23
15107,1,3,oz,85,g,1,2013-12-23,2013-12-23
15107,2,1,fillet,159,g,1,2013-12-23,2013-12-23
15108,1,1,fillet,48,g,1,2013-12-23,2013-12-23
15108,2,3,oz,85,g,1,2013-12-23,2013-12-23
15109,1,1,oz,28.35,g,1,1999-03-22,2006-11-30
15109,2,3,oz,85,g,1,2007-11-28,2007-11-28
15110,1,3,oz,85,g,1,2013-12-23,2015-01-07
15110,2,1,"piece (4-1/2"" x 2-1/8"" x 7/8"")",136,g,1,2013-12-23,2015-01-07
15111,1,3,oz,85,g,1,2013-12-23,2015-01-07
15111,2,1,piece,106,g,1,2013-12-23,2015-01-07
15112,1,3,oz,85,g,1,2013-12-23,2013-12-23
15112,2,0.5,fillet,193,g,1,2013-12-23,2013-12-23
15113,1,0.5,fillet,150,g,1,2013-12-23,2013-12-23
15113,2,3,oz,85,g,1,2013-12-23,2013-12-23
15114,1,1,fillet,79,g,1,1994-01-31,2006-11-30
15114,2,3,oz,85,g,1,1997-08-29,2006-11-30
15115,1,3,oz,85,g,1,2013-12-23,2013-12-23
15115,2,1,fillet,159,g,1,2013-12-23,2013-12-23
15116,1,1,fillet,143,g,1,2013-12-23,2013-12-23
15116,2,3,oz,85,g,1,2013-12-23,2013-12-23
15117,1,3,oz,85,g,1,2013-12-23,2013-12-23
15118,1,3,oz,85,g,1,2013-12-23,2013-12-23
15119,1,1,"cup, solid or chunks",146,g,1,2007-11-28,2007-11-28
15119,2,1,oz,28.35,g,1,1994-09-29,2006-11-30
15119,3,1,can,171,g,1,2007-11-28,2007-11-28
15119,4,3,oz,85,g,1,2007-11-28,2007-11-28
15119,5,1,"can (12.5 oz), drained",321,g,1,2007-11-28,2007-11-28
15121,1,1,oz,28.35,g,1,2007-11-28,2013-12-26
15121,2,3,oz,85,g,1,1994-09-29,2013-12-26
15121,3,1,can,165,g,1,2007-11-28,2007-11-28
15121,4,1,"cup, solid or chunks",154,g,1,2007-11-28,2013-12-26
15121,5,1,"can (12.5 oz), drained",315,g,1,2007-11-28,2007-11-28
15123,1,3,oz,85,g,1,2013-12-23,2013-12-23
15123,2,0.5,fillet,198,g,1,2013-12-23,2013-12-23
15124,1,3,oz,85,g,1,1994-01-31,2013-12-26
15124,2,1,can,178,g,1,1999-03-22,2013-12-26
15126,1,3,oz,85,g,1,1994-01-31,2013-12-26
15126,2,1,can,172,g,1,1999-03-22,2013-12-26
15127,1,1,"oz, boneless",28.35,g,1,2013-12-23,2013-12-23
15127,2,1,"cubic inch, boneless",16,g,1,2013-12-23,2013-12-23
15127,3,3,oz,85,g,1,2013-12-23,2013-12-23
15128,1,3,oz,85,g,1,2013-12-23,2013-12-23
15128,2,1,cup,205,g,1,2013-12-23,2013-12-23
15129,1,3,oz,85,g,1,2013-12-23,2013-12-23
15129,2,0.5,fillet,204,g,1,2013-12-23,2013-12-23
15130,1,3,oz,85,g,1,1994-01-31,2013-12-26
15130,2,1,fillet,198,g,1,1997-08-29,2013-12-26
15131,1,1,"cup, cooked",136,g,1,2013-12-23,2013-12-23
15131,2,1,"oz, boneless",28.35,g,1,2013-12-23,2013-12-23
15131,3,1,"cubic inch, boneless",17,g,1,2013-12-23,2013-12-23
15131,4,3,oz,85,g,1,2013-12-23,2013-12-23
15132,1,1,fillet,92,g,1,2013-12-23,2013-12-23
15132,2,3,oz,85,g,1,2013-12-23,2013-12-23
15133,1,1,fillet,72,g,1,1994-01-31,2006-11-30
15133,2,3,oz,85,g,1,1999-03-22,2006-11-30
15134,1,3,oz,85,g,1,2013-12-23,2013-12-23
15134,2,0.5,fillet,153,g,1,2013-12-23,2013-12-23
15135,1,3,oz,85,g,1,2013-12-23,2013-12-23
15135,2,0.5,fillet,187,g,1,2013-12-23,2013-12-23
15136,1,3,oz,85,g,1,2013-12-23,2013-12-23
15136,2,1,leg,172,g,1,2013-12-23,2013-12-23
15137,1,1,leg,134,g,1,2013-12-23,2013-12-23
15137,2,3,oz,85,g,1,2013-12-23,2013-12-23
15138,1,3,oz,85,g,1,1997-08-29,2006-11-30
15139,1,3,oz,85,g,1,2013-12-23,2013-12-23
15139,2,1,crab,21,g,1,2013-12-23,2013-12-23
15140,1,1,"cup, flaked and pieces",118,g,1,2013-12-23,2013-12-23
15140,2,1,cup (not packed),135,g,1,2013-12-23,2013-12-23
15140,3,1,oz,28.35,g,1,2013-12-23,2013-12-23
15140,4,3,oz,85,g,1,2013-12-23,2013-12-23
15141,1,1,cup,135,g,1,2013-12-23,2013-12-23
15141,2,1,oz,28.35,g,1,2013-12-23,2013-12-23
15141,3,1,"can (6.5 oz), drained",125,g,1,2013-12-23,2013-12-23
15141,4,3,oz,85,g,1,2013-12-23,2013-12-23
15142,1,1,cake,60,g,1,2013-12-23,2013-12-23
15143,1,3,oz,85,g,1,2013-12-23,2013-12-23
15143,2,1,crab,163,g,1,2013-12-23,2013-12-23
15144,1,3,oz,85,g,1,2013-12-23,2013-12-23
15145,1,3,oz,85,g,1,1997-08-29,2006-11-30
15145,2,8,crayfish,27,g,1,1994-11-02,2006-11-30
15146,1,3,oz,85,g,1,1997-08-29,2006-11-30
15147,1,1,lobster,150,g,1,2013-12-23,2013-12-23
15147,2,3,oz,85,g,1,2013-12-23,2013-12-23
15148,1,1,cup,145,g,1,2013-12-23,2013-12-23
15148,2,3,oz,85,g,1,2013-12-23,2013-12-23
15149,1,1,medium,6,g,1,1998-01-15,2006-11-30
15149,2,1,small,5,g,1,1997-08-29,2006-11-30
15149,3,3,oz,85,g,1,2002-09-06,2006-11-30
15149,4,4,large,28,g,1,2002-09-06,2006-11-30
15150,1,3,oz,85,g,1,2013-12-23,2013-12-23
15150,2,4,large,30,g,1,2013-12-23,2013-12-23
15151,1,3,oz,85,g,1,1997-08-29,2006-11-30
15151,2,4,large,22,g,1,1998-01-15,2006-11-30
15152,1,1,CUP,128,g,1,2007-11-28,2007-11-28
15152,2,1,oz,28.35,g,1,1997-08-29,2006-11-30
15152,3,1,"can (4.5 oz), drained",128,g,1,2007-11-28,2007-11-28
15152,4,10,shrimp,32,g,1,2007-11-28,2007-11-28
15152,5,3,oz,85,g,1,2007-11-28,2007-11-28
15153,1,3,oz,85,g,1,1997-08-29,2006-11-30
15154,1,3,oz,85,g,1,2013-12-23,2013-12-23
15154,2,1,lobster,209,g,1,2013-12-23,2013-12-23
15155,1,3,oz,85,g,1,2013-12-23,2013-12-23
15156,1,3,oz,85,g,1,2013-12-23,2013-12-23
15157,1,3,oz,85,g,1,1994-09-29,2013-12-26
15157,2,1,large,20,g,1,1997-08-29,2006-11-30
15157,3,1,"lb (with shell), yield after shell removed",68,g,1,2002-09-06,2006-11-30
15157,4,1,medium,14.5,g,1,2002-09-06,2006-11-30
15157,5,1,small,9,g,1,2002-09-06,2006-11-30
15157,6,1,cup (with liquid and clams),227,g,1,2002-09-06,2013-12-26
15158,1,3,oz,85,g,1,2013-12-23,2013-12-23
15158,2,20,small,188,g,1,2013-12-23,2013-12-23
15159,1,3,oz,85,g,1,1999-03-22,2006-11-30
15159,2,20,small,190,g,1,1994-01-31,2006-11-30
15160,1,3,oz,85,g,1,1994-01-31,2013-12-26
15160,2,1,cup,160,g,1,1997-08-29,2013-12-26
15162,1,3,oz,85,g,1,2013-12-23,2013-12-23
15162,2,1,cup,240,g,1,2013-12-23,2013-12-23
15163,1,3,oz,85,g,1,2013-12-23,2013-12-23
15164,1,1,cup,150,g,1,2013-12-23,2013-12-23
15164,2,1,oz,28.35,g,1,2013-12-23,2013-12-23
15164,3,1,large,20,g,1,2013-12-23,2013-12-23
15164,4,1,medium,16,g,1,2013-12-23,2013-12-23
15164,5,1,small,10,g,1,2013-12-23,2013-12-23
15164,6,3,oz,85,g,1,2013-12-23,2013-12-23
15165,1,3,oz,85,g,1,2013-12-23,2013-12-23
15166,1,3,oz,85,g,1,2013-12-23,2013-12-23
15167,1,6,medium,84,g,1,2013-12-23,2013-12-23
15167,2,1,cup,248,g,1,2013-12-23,2013-12-23
15168,1,3,oz,85,g,1,2013-12-23,2013-12-23
15168,2,6,medium,88,g,1,2013-12-23,2013-12-23
15169,1,3,oz,85,g,1,2013-12-23,2013-12-23
15169,2,6,medium,42,g,1,2013-12-23,2013-12-23
15170,1,3,oz,85,g,1,2013-12-23,2013-12-23
15170,2,1,"cup, undrained",248,g,1,2013-12-23,2013-12-23
15170,3,1,"oz, drained",23,g,1,2013-12-23,2013-12-23
15170,4,1,"can (12 oz), oysters and liquid",272,g,1,2013-12-23,2013-12-23
15170,5,1,oyster,8,g,1,2013-12-23,2013-12-23
15170,6,1,"cup, drained",162,g,1,2013-12-23,2013-12-23
15171,1,1,medium,50,g,1,2013-12-23,2013-12-23
15171,2,3,oz,85,g,1,2013-12-23,2013-12-23
15172,1,1,unit 2 large or 5 small,30,g,1,2013-12-23,2013-12-23
15172,2,3,oz,85,g,1,2013-12-23,2013-12-23
15173,1,2,large,31,g,1,2013-12-23,2013-12-23
15174,1,3,oz,85,g,1,1997-08-29,2006-11-30
15175,1,1,"oz, boneless",28.35,g,1,2013-12-23,2013-12-23
15175,2,3,oz,85,g,1,2013-12-23,2013-12-23
15176,1,3,oz,85,g,1,2013-12-23,2013-12-23
15177,1,3,oz,85,g,1,2013-12-23,2013-12-23
15178,1,3,oz,85,g,1,2013-12-23,2013-12-23
15179,1,1,oz,28.35,g,1,2013-12-23,2013-12-23
15179,2,3,oz,85,g,1,2013-12-23,2013-12-23
15180,1,3,oz,85,g,1,1997-08-29,2013-12-26
15180,2,1,can,369,g,1,1994-01-31,2013-12-26
15181,1,3,oz,85,g,1,1997-08-29,2013-12-26
15181,2,1,can,454,g,1,1994-01-31,2013-12-26
15182,1,3,oz,85,g,1,2013-12-23,2013-12-23
15182,2,1,can,369,g,1,2013-12-23,2013-12-23
15183,1,3,oz,85,g,1,1997-08-29,2013-12-26
15183,2,1,can,171,g,1,1994-01-31,2013-12-26
15184,1,3,oz,85,g,1,1997-08-29,2013-12-26
15184,2,1,can,165,g,1,1994-01-31,2013-12-26
15185,1,3,oz,85,g,1,1997-08-29,2013-12-26
15185,2,1,can,178,g,1,1994-01-31,2013-12-26
15186,1,3,oz,85,g,1,1997-08-29,2013-12-26
15186,2,1,can,172,g,1,1994-01-31,2013-12-26
15187,1,1,fillet,62,g,1,2013-12-23,2013-12-23
15187,2,3,oz,85,g,1,2013-12-23,2013-12-23
15188,1,1,fillet,124,g,1,2013-12-23,2013-12-23
15188,2,3,oz,85,g,1,2013-12-23,2013-12-23
15189,1,1,fillet,117,g,1,2013-12-23,2013-12-23
15189,2,3,oz,85,g,1,2013-12-23,2013-12-23
15190,1,1,fillet,90,g,1,2013-12-23,2013-12-23
15190,2,3,oz,85,g,1,2013-12-23,2013-12-23
15192,1,1,fillet,90,g,1,2013-12-23,2013-12-23
15192,2,3,oz,85,g,1,2013-12-23,2013-12-23
15194,1,3,oz,85,g,1,2013-12-23,2013-12-23
15194,2,1,fillet,159,g,1,2013-12-23,2013-12-23
15195,1,3,oz,85,g,1,2013-12-23,2013-12-23
15195,2,1,fillet,154,g,1,2013-12-23,2013-12-23
15196,1,3,oz,85,g,1,2013-12-23,2013-12-23
15196,2,0.5,fillet,159,g,1,2013-12-23,2013-12-23
15197,1,1,fillet,144,g,1,2013-12-23,2013-12-23
15197,2,3,oz,85,g,1,2013-12-23,2013-12-23
15199,1,3,oz,85,g,1,2013-12-23,2013-12-23
15199,2,0.5,fillet,151,g,1,2013-12-23,2013-12-23
15200,1,3,oz,85,g,1,1994-01-31,2013-12-26
15200,2,0.5,fillet,154,g,1,1999-03-22,2013-12-26
15201,1,1,"oz, boneless",28.35,g,1,1994-09-29,2006-11-30
15201,2,1,"cubic inch, boneless",17,g,1,1999-03-22,2006-11-30
15201,3,1,fillet,176,g,1,2002-09-06,2006-11-30
15201,4,3,oz,85,g,1,2002-09-06,2006-11-30
15204,1,1,fillet,124,g,1,2013-12-23,2013-12-23
15204,2,3,oz,85,g,1,2013-12-23,2013-12-23
15205,1,3,oz,85,g,1,1994-01-31,2013-12-26
15205,2,0.5,fillet,151,g,1,1999-03-22,2013-12-26
15206,1,0.5,fillet,137,g,1,2013-12-23,2013-12-23
15206,2,3,oz,85,g,1,2013-12-23,2013-12-23
15207,1,1,oz,28.35,g,1,2013-12-23,2013-12-23
15207,2,3,oz,85,g,1,2013-12-23,2013-12-23
15208,1,3,oz,85,g,1,2013-12-23,2013-12-23
15208,2,0.5,fillet,151,g,1,2013-12-23,2013-12-23
15209,1,3,oz,85,g,1,2013-12-23,2013-12-23
15209,2,0.5,fillet,154,g,1,2013-12-23,2013-12-23
15210,1,3,oz,85,g,1,2013-12-23,2013-12-23
15210,2,0.5,fillet,154,g,1,2013-12-23,2013-12-23
15211,1,3,oz,85,g,1,2013-12-23,2013-12-23
15211,2,0.5,fillet,154,g,1,2013-12-23,2013-12-23
15212,1,3,oz,85,g,1,1994-01-31,2015-01-07
15212,2,0.5,fillet,124,g,1,2015-01-06,2015-01-06
15214,1,3,oz,85,g,1,1994-01-31,2013-12-26
15214,2,1,fillet,186,g,1,1999-03-22,2013-12-26
15216,1,1,fillet,50,g,1,2013-12-23,2013-12-23
15216,2,3,oz,85,g,1,2013-12-23,2013-12-23
15217,1,1,fillet,124,g,1,2013-12-23,2013-12-23
15217,2,3,oz,85,g,1,2013-12-23,2013-12-23
15218,1,1,fillet,37,g,1,2013-12-23,2013-12-23
15218,2,3,oz,85,g,1,2013-12-23,2013-12-23
15219,1,1,fillet,62,g,1,1994-01-31,2006-11-30
15219,2,3,oz,85,g,1,1999-03-22,2006-11-30
15220,1,3,oz,85,g,1,2013-12-23,2013-12-23
15220,2,0.5,fillet,154,g,1,2013-12-23,2013-12-23
15221,1,3,oz,85,g,1,2013-12-23,2013-12-23
15223,1,3,oz,85,g,1,1994-01-31,2013-12-26
15223,2,1,fillet,154,g,1,1999-03-22,2013-12-26
15224,1,0.5,fillet,119,g,1,2013-12-23,2013-12-23
15224,2,3,oz,85,g,1,2013-12-23,2013-12-23
15226,1,3,oz,85,g,1,2013-12-23,2013-12-23
15226,2,1,crab,127,g,1,2013-12-23,2013-12-23
15227,1,3,oz,85,g,1,2013-12-23,2013-12-23
15228,1,3,oz,85,g,1,2013-12-23,2013-12-23
15228,2,1,lobster,163,g,1,2013-12-23,2013-12-23
15229,1,3,oz,85,g,1,2013-12-23,2013-12-23
15230,1,3,oz,85,g,1,2013-12-23,2013-12-23
15231,1,1,medium,25,g,1,2013-12-23,2013-12-23
15231,2,3,oz,85,g,1,2013-12-23,2013-12-23
15232,1,3,oz,85,g,1,2013-12-23,2013-12-23
15233,1,1,fillet,143,g,1,2013-12-23,2013-12-23
15233,2,3,oz,85,g,1,2013-12-23,2013-12-23
15234,1,3,oz,85,g,1,1994-01-31,2013-12-26
15234,2,1,fillet,159,g,1,1999-03-22,2013-12-26
15235,1,1,fillet,143,g,1,1994-01-31,2006-11-30
15235,2,3,oz,85,g,1,1999-03-22,2006-11-30
15236,1,3,oz,85,g,1,1994-01-31,2013-12-26
15236,2,0.5,fillet,198,g,1,1999-03-22,2013-12-26
15237,1,3,oz,85,g,1,1994-01-31,2013-12-26
15237,2,0.5,fillet,178,g,1,1999-03-22,2013-12-26
15238,1,3,oz,85,g,1,2013-12-23,2013-12-23
15238,2,1,fillet,159,g,1,2013-12-23,2013-12-23
15239,1,1,fillet,143,g,1,2013-12-23,2013-12-23
15239,2,3,oz,85,g,1,2013-12-23,2013-12-23
15240,1,1,fillet,79,g,1,2013-12-23,2013-12-23
15240,2,3,oz,85,g,1,2013-12-23,2013-12-23
15241,1,1,fillet,71,g,1,2013-12-23,2013-12-23
15241,2,3,oz,85,g,1,2013-12-23,2013-12-23
15242,1,3,oz,85,g,1,1997-08-29,2006-11-30
15242,2,8,crayfish,27,g,1,1994-11-17,2006-11-30
15243,1,3,oz,85,g,1,1997-08-29,2006-11-30
15244,1,3,oz,85,g,1,2013-12-23,2013-12-23
15244,2,6,medium,59,g,1,2013-12-23,2013-12-23
15245,1,3,oz,85,g,1,2013-12-23,2013-12-23
15245,2,6,medium,84,g,1,2013-12-23,2013-12-23
15246,1,3,oz,85,g,1,1999-03-22,2006-11-30
15246,2,6,medium,59,g,1,1994-01-31,2006-11-30
15247,1,3,oz,85,g,1,2013-12-23,2013-12-23
15247,2,0.5,fillet,178,g,1,2013-12-23,2013-12-23
15250,1,1,"cup, sliced",127,g,1,2013-12-23,2013-12-23
15250,2,1,"oz cooked, yield",17,g,1,2013-12-23,2013-12-23
15251,1,1,oz,28.35,g,1,2013-12-23,2013-12-23
15252,1,1,oz,28.35,g,1,2013-12-23,2013-12-23
15253,1,3,oz,85,g,1,2012-03-02,2013-12-26
15253,2,1,can total can contents,417,g,1,2013-12-23,2013-12-23
15260,1,3,oz,85,g,1,2013-12-23,2013-12-23
15260,2,1,can drained solids (total),315,g,1,2013-12-23,2013-12-23
15261,1,1,fillet,116,g,1,2013-12-23,2013-12-23
15262,1,1,fillet,87,g,1,2013-12-23,2013-12-23
15264,1,3,oz,85,g,1,2012-03-02,2013-12-26
15264,2,1,"can drained solids, bone and skin removed",247,g,1,2013-12-23,2013-12-23
15265,1,3,oz,85,g,1,2012-03-02,2013-12-26
15265,2,1,"can drained solids, bone and skin removed",242,g,1,2013-12-23,2013-12-23
15266,1,3,oz,85,g,1,2015-01-06,2015-01-06
15267,1,3,oz,85,g,1,2015-01-06,2015-01-06
15269,1,3,oz,85,g,1,2015-01-06,2015-01-06
15270,1,3,oz,85,g,1,2015-01-06,2015-01-06
15271,1,3,oz,85,g,1,2015-01-06,2015-01-06
15274,1,1,filet,149,g,1,2013-12-23,2013-12-23
15274,2,1,fish,332,g,1,2013-12-23,2013-12-23
16001,1,1,cup,197,g,1,2013-12-23,2013-12-23
16002,1,1,cup,230,g,1,2013-12-23,2013-12-23
16003,1,1,cup,296,g,1,2013-12-23,2013-12-23
16004,1,1,slice,14,g,1,2013-12-23,2013-12-23
16005,1,1,cup,253,g,1,2013-12-23,2013-12-23
16006,1,1,CUP,254,g,1,1994-01-31,2006-11-30
16007,1,1,cup,266,g,1,2013-12-23,2013-12-23
16008,1,1,cup,259,g,1,2013-12-23,2013-12-23
16009,1,1,CUP,253,g,1,1994-01-31,2006-11-30
16010,1,1,CUP,249,g,1,1994-01-31,2015-06-19
16011,1,1,CUP,246,g,1,1994-01-31,2009-02-11
16014,1,1,cup,194,g,1,2013-12-23,2013-12-23
16014,2,1,tbsp,12.1,g,1,2013-12-23,2013-12-23
16015,1,1,CUP,172,g,1,1994-11-17,2006-11-30
16016,1,1,cup,184,g,1,2013-12-23,2013-12-23
16017,1,1,cup,185,g,1,2013-12-23,2013-12-23
16018,1,1,cup,240,g,1,2013-12-23,2013-12-23
16019,1,1,cup,195,g,1,2013-12-23,2013-12-23
16020,1,1,cup,177,g,1,2013-12-23,2013-12-23
16021,1,1,cup,260,g,1,2013-12-23,2013-12-23
16022,1,1,cup,184,g,1,2013-12-23,2013-12-23
16023,1,1,cup,177,g,1,2013-12-23,2013-12-23
16024,1,1,CUP,183,g,1,1994-01-31,2006-11-30
16025,1,1,CUP,177,g,1,1994-01-31,2006-11-30
16026,1,1,CUP,262,g,1,1994-01-31,2006-11-30
16027,1,1,CUP,184,g,1,1994-01-31,2006-11-30
16028,1,1,CUP,177,g,1,1994-01-31,2006-11-30
16028,2,1,TBSP,11,g,1,2002-09-06,2006-11-30
16029,1,1,CUP,256,g,1,1994-01-31,2007-03-25
16030,1,1,cup,184,g,1,2013-12-23,2013-12-23
16031,1,1,cup,177,g,1,2013-12-23,2013-12-23
16032,1,1,cup,184,g,1,2013-12-23,2013-12-23
16032,2,1,tbsp,12.2,g,1,2013-12-23,2013-12-23
16033,1,1,CUP,177,g,1,1994-01-31,2006-11-30
16033,2,1,TBSP,11,g,1,2002-09-06,2006-11-30
16034,1,1,CUP,256,g,1,1994-01-31,2006-11-30
16034,2,1,TBSP,16,g,1,2002-09-06,2006-11-30
16034,3,1,can,436,g,1,2013-12-23,2013-12-23
16035,1,1,cup,184,g,1,2013-12-23,2013-12-23
16036,1,1,cup,177,g,1,2013-12-23,2013-12-23
16037,1,1,cup,208,g,1,2013-12-23,2013-12-23
16038,1,1,cup,182,g,1,2013-12-23,2013-12-23
16039,1,1,CUP,262,g,1,1994-01-31,2006-11-30
16040,1,1,cup,210,g,1,2013-12-23,2013-12-23
16041,1,1,CUP,169,g,1,1996-09-30,2006-11-30
16042,1,1,CUP,193,g,1,1994-01-31,2006-11-30
16042,2,1,TBSP,12,g,1,2002-09-06,2006-11-30
16043,1,1,CUP,171,g,1,1994-01-31,2006-11-30
16043,2,1,TBSP,10.6,g,1,2002-09-06,2006-11-30
16044,1,1,CUP,240,g,1,1994-01-31,2006-11-30
16044,2,1,can,442,g,1,2013-12-23,2013-12-23
16045,1,1,cup,215,g,1,2013-12-23,2013-12-23
16046,1,1,cup,179,g,1,2013-12-23,2013-12-23
16047,1,1,cup,196,g,1,2013-12-23,2013-12-23
16048,1,1,cup,177,g,1,2013-12-23,2013-12-23
16049,1,1,cup,202,g,1,2013-12-23,2013-12-23
16049,2,1,tbsp,12.6,g,1,2013-12-23,2013-12-23
16050,1,1,CUP,179,g,1,1998-01-15,2006-11-30
16050,2,1,TBSP,11.2,g,1,2002-09-06,2006-11-30
16051,1,1,cup,262,g,1,2013-12-23,2013-12-23
16052,1,1,cup,150,g,1,2013-12-23,2013-12-23
16052,2,1,tbsp,9.4,g,1,2013-12-23,2013-12-23
16053,1,1,cup,170,g,1,2013-12-23,2013-12-23
16054,1,1,cup,256,g,1,2013-12-23,2013-12-23
16055,1,1,cup,103,g,1,2013-12-23,2013-12-23
16055,2,1,tbsp,6,g,1,2013-12-23,2013-12-23
16056,1,1,cup,200,g,1,2013-12-23,2013-12-23
16056,2,1,tbsp,12.5,g,1,2013-12-23,2013-12-23
16057,1,1,cup,164,g,1,2013-12-23,2013-12-23
16058,1,1,CUP,240,g,1,1994-01-31,2006-11-30
16058,2,1,can (total can contents),448,g,1,2013-12-23,2013-12-23
16059,1,1,cup,256,g,1,2013-12-23,2013-12-23
16059,2,1,tbsp,16,g,1,2013-12-23,2013-12-23
16060,1,1,cup,167,g,1,2013-12-23,2013-12-23
16061,1,1,cup,171,g,1,2013-12-23,2013-12-23
16062,1,1,CUP,167,g,1,1994-01-31,2006-11-30
16062,2,1,TBSP,10.5,g,1,2002-09-06,2006-11-30
16063,1,1,cup,171,g,1,1994-01-31,2011-01-18
16064,1,1,CUP,240,g,1,1994-01-31,2006-11-30
16065,1,1,CUP,240,g,1,1994-01-31,2006-11-30
16067,1,1,cup,210,g,1,2013-12-23,2013-12-23
16068,1,1,cup,194,g,1,2013-12-23,2013-12-23
16069,1,1,CUP,192,g,1,1994-01-31,2006-11-30
16069,2,1,tablespoon,12,g,1,2002-09-06,2015-01-07
16070,1,1,CUP,198,g,1,1994-01-31,2006-11-30
16070,2,1,TBSP,12.3,g,1,2002-09-06,2006-11-30
16071,1,1,CUP,178,g,1,1994-01-31,2006-11-30
16071,2,1,TBSP,11.1,g,1,2002-09-06,2006-11-30
16072,1,1,CUP,188,g,1,1994-01-31,2006-11-30
16072,2,1,TBSP,11.7,g,1,2002-09-06,2006-11-30
16073,1,1,CUP,241,g,1,1994-01-31,2006-11-30
16074,1,1,CUP,202,g,1,1994-01-31,2006-11-30
16075,1,1,CUP,182,g,1,1994-01-31,2006-11-30
16076,1,1,cup,180,g,1,2013-12-23,2013-12-23
16077,1,1,cup,166,g,1,2013-12-23,2013-12-23
16078,1,1,cup,196,g,1,2013-12-23,2013-12-23
16079,1,1,cup,177,g,1,2013-12-23,2013-12-23
16080,1,1,cup,207,g,1,2013-12-23,2013-12-23
16080,2,1,tbsp,13,g,1,2013-12-23,2013-12-23
16081,1,1,CUP,202,g,1,1996-09-30,2006-11-30
16082,1,1,cup,140,g,1,2013-12-23,2013-12-23
16083,1,1,cup,207,g,1,2013-12-23,2013-12-23
16084,1,1,cup,180,g,1,2013-12-23,2013-12-23
16084,2,1,"oz dry, yield after cooking",69,g,1,2013-12-23,2013-12-23
16085,1,1,cup,196,g,1,1994-01-31,2019-02-13
16086,1,1,CUP,196,g,1,1994-01-31,2006-11-30
16086,2,1,TBSP,12.2,g,1,2002-09-06,2006-11-30
16087,1,1,oz,28.35,g,1,2013-12-23,2015-01-07
16087,2,1,cup,146,g,1,2013-12-23,2015-01-07
16088,1,1,"cup in shell, edible yield",63,g,1,1994-09-29,2006-11-30
16088,2,1,"cup, shelled",180,g,1,2002-09-06,2006-11-30
16088,3,1,oz shelled,28.35,g,1,2002-09-06,2006-11-30
16088,4,33,nuts,28,g,1,2002-09-06,2006-11-30
16089,1,1,"cup, chopped",144,g,1,1994-09-29,2006-11-30
16089,2,1,oz shelled (32 nuts),28.35,g,1,1998-01-15,2015-01-07
16090,1,1,oz,28.35,g,1,1994-09-29,2006-11-30
16090,2,1,peanut,1,g,1,1999-03-22,2006-11-30
16091,1,1,cup,146,g,1,2013-12-23,2013-12-23
16091,2,1,oz,28.35,g,1,2013-12-23,2013-12-23
16092,1,1,cup,147,g,1,2013-12-23,2013-12-23
16092,2,1,oz,28.35,g,1,2013-12-23,2013-12-23
16093,1,1,cup,146,g,1,2013-12-23,2013-12-23
16093,2,1,oz,28.35,g,1,2013-12-23,2013-12-23
16094,1,1,cup,144,g,1,2013-12-23,2013-12-23
16094,2,1,oz,28.35,g,1,2013-12-23,2013-12-23
16095,1,1,cup,146,g,1,2013-12-23,2013-12-23
16095,2,1,oz,28.35,g,1,2013-12-23,2013-12-23
16096,1,1,cup,143,g,1,2013-12-23,2013-12-23
16096,2,1,oz,28.35,g,1,2013-12-23,2013-12-23
16097,1,2,tbsp,32,g,1,1994-01-31,2013-12-26
16097,2,1,cup,258,g,1,1998-01-15,2013-12-26
16098,1,2,tbsp,32,g,1,1994-01-31,2013-12-26
16098,2,1,cup,258,g,1,1997-08-29,2013-12-26
16099,1,1,cup,60,g,1,2013-12-23,2013-12-23
16099,2,1,oz,28.35,g,1,2013-12-23,2013-12-23
16100,1,1,cup,60,g,1,2013-12-23,2013-12-23
16100,2,1,oz,28.35,g,1,2013-12-23,2013-12-23
16101,1,1,CUP,205,g,1,1994-01-31,2006-11-30
16102,1,1,CUP,168,g,1,1994-01-31,2006-11-30
16103,1,1,CUP,238,g,1,1994-01-31,2009-02-11
16103,2,1,can,442,g,1,2002-09-06,2015-06-19
16104,1,1,cup,144,g,1,2013-12-23,2013-12-23
16104,2,1,"oz cooked, yield",16,g,1,2013-12-23,2013-12-23
16104,3,1,strip,5,g,1,2013-12-23,2013-12-23
16106,1,1,CUP,88,g,1,1994-11-17,2006-11-30
16106,2,1,oz,28.35,g,1,1997-08-29,2006-11-30
16107,1,1,link,25,g,1,2013-12-23,2013-12-23
16107,2,1,patty,38,g,1,2013-12-23,2013-12-23
16107,3,1,slice,28,g,1,2013-12-23,2013-12-23
16108,1,1,cup,186,g,1,2013-12-23,2013-12-23
16109,1,1,cup,172,g,1,2013-12-23,2013-12-23
16109,2,1,tbsp,10.7,g,1,2013-12-23,2013-12-23
16110,1,1,cup,172,g,1,2013-12-23,2013-12-23
16111,1,1,cup,93,g,1,2013-12-23,2013-12-23
16112,1,1,tbsp,17,g,1,2013-12-23,2013-12-23
16112,2,1,cup,275,g,1,2013-12-23,2013-12-23
16113,1,1,cup,175,g,1,2013-12-23,2013-12-23
16114,1,1,cup,166,g,1,2013-12-23,2013-12-23
16115,1,1,"cup, stirred",84,g,1,2013-12-23,2013-12-23
16115,2,1,tbsp,5.2,g,1,2013-12-23,2013-12-23
16116,1,1,"cup, stirred",85,g,1,2013-12-23,2013-12-23
16117,1,1,cup,105,g,1,2013-12-23,2013-12-23
16117,2,1,tbsp,6.6,g,1,2013-12-23,2013-12-23
16118,1,1,"cup, stirred",88,g,1,2013-12-23,2013-12-23
16118,2,1,tbsp,5.5,g,1,2013-12-23,2013-12-23
16119,1,1,cup,122,g,1,2013-12-23,2013-12-23
16120,1,1,cup,243,g,1,2013-12-23,2013-12-23
16120,2,1,fl oz,30.6,g,1,2013-12-23,2013-12-23
16121,1,1,oz,28.35,g,1,2013-12-23,2013-12-23
16122,1,1,oz,28.35,g,1,2013-12-23,2013-12-23
16123,1,1,tbsp,16,g,1,2013-12-23,2013-12-23
16123,2,1,tsp,5.3,g,1,2013-12-23,2013-12-23
16123,3,1,cup,255,g,1,2013-12-23,2013-12-23
16123,4,1,individual packet,8.9,g,1,2013-12-23,2013-12-23
16124,1,1,tbsp,18,g,1,2013-12-23,2013-12-23
16124,2,1,tsp,6,g,1,2013-12-23,2013-12-23
16125,1,1,tbsp,18,g,1,2013-12-23,2013-12-23
16125,2,1,tsp,6,g,1,2013-12-23,2013-12-23
16125,3,0.25,cup,58,g,1,2013-12-23,2013-12-23
16126,1,0.5,CUP,126,g,1,2007-11-28,2007-11-28
16126,2,0.25,block,81,g,1,2015-01-06,2015-01-06
16126,3,0.2,block,91,g,1,2007-11-28,2007-11-28
16127,1,1,"piece (2-1/2"" x 2-3/4"" x 1"")",120,g,1,2007-11-28,2013-12-26
16127,2,1,"cup (1/2"" cubes)",248,g,1,2007-11-28,2013-12-26
16127,3,1,cubic inch,18,g,1,2007-11-28,2013-12-26
16127,4,0.25,block,116,g,1,2002-09-06,2006-11-30
16127,5,0.2,block,90,g,1,2007-11-28,2007-11-28
16128,1,1,piece,17,g,1,2013-12-23,2013-12-23
16129,1,1,oz,28.35,g,1,2013-12-23,2013-12-23
16129,2,1,piece,13,g,1,2013-12-23,2013-12-23
16130,1,1,cup,122,g,1,2013-12-23,2013-12-23
16132,1,1,block,11,g,1,2013-12-23,2013-12-23
16133,1,1,cup,167,g,1,2013-12-23,2013-12-23
16134,1,1,cup,171,g,1,2013-12-23,2013-12-23
16135,1,1,cup,182,g,1,2013-12-23,2013-12-23
16136,1,1,cup,172,g,1,2013-12-23,2013-12-23
16137,1,1,tablespoon,15,g,1,2013-12-23,2013-12-23
16137,2,1,cup,246,g,1,2013-12-23,2013-12-23
16138,1,1,"patty (approx 2-1/4"" dia)",17,g,1,2013-12-23,2013-12-23
16139,1,1,cup,243,g,1,2013-12-23,2013-12-23
16139,2,1,fl oz,30.6,g,1,2013-12-23,2013-12-23
16144,1,1,CUP,192,g,1,1997-08-29,2006-11-30
16145,1,1,can drained solids,266,g,1,2012-03-02,2012-03-02
16146,1,1,can drained solids,277,g,1,2012-03-02,2012-03-02
16147,1,1,pattie,70,g,1,2013-12-23,2013-12-23
16149,1,2,tbsp,31,g,1,2013-12-23,2013-12-23
16150,1,2,tablespoon,36,g,1,2013-12-23,2013-12-23
16155,1,2,tbsp,32,g,1,2013-12-23,2013-12-23
16155,2,1,cup,258,g,1,2013-12-23,2013-12-23
16156,1,2,tbsp,32,g,1,2013-12-23,2013-12-23
16156,2,1,cup,258,g,1,2013-12-23,2013-12-23
16157,1,1,CUP,92,g,1,1997-08-29,2006-11-30
16158,1,1,tbsp,15,g,1,1997-08-29,2013-12-26
16158,2,1,cup,246,g,1,2002-09-06,2013-12-26
16159,1,0.2,block,91,g,1,2013-12-23,2013-12-23
16160,1,0.25,block,122,g,1,2013-12-23,2013-12-23
16166,1,1,cup,243,g,1,2013-12-23,2013-12-23
16166,2,1,fl oz,30.6,g,1,2013-12-23,2013-12-23
16167,1,2,tbsp,32,g,1,2011-01-18,2011-01-18
16167,2,1,CUP,258,g,1,2007-11-28,2007-11-28
16168,1,1,CUP,243,g,1,2007-12-03,2007-12-03
16168,2,1,FL OZ,30.6,g,1,2007-12-03,2010-01-05
16171,1,1,cup,242,g,1,2013-12-23,2013-12-23
16171,2,1,can,444,g,1,2013-12-23,2013-12-23
16172,1,1,cup,231,g,1,2013-12-23,2013-12-23
16172,2,1,can,445,g,1,2013-12-23,2013-12-23
16173,1,1,cup,233,g,1,2013-12-23,2013-12-23
16173,2,1,tbsp,15,g,1,2013-12-23,2013-12-23
16222,1,1,cup,243,g,1,2011-01-18,2011-01-18
16223,1,1,CUP,243,g,1,2007-12-03,2007-12-03
16225,1,1,CUP,243,g,1,2007-12-03,2007-12-03
16227,1,1,CUP,243,g,1,2007-12-03,2007-12-03
16228,1,1,CUP,243,g,1,2007-12-03,2007-12-03
16229,1,1,CUP,243,g,1,2007-12-03,2007-12-03
16230,1,1,cup,243,g,1,2011-01-18,2011-01-18
16231,1,1,cup,243,g,1,2010-01-04,2010-01-04
16302,1,1,cup,230,g,1,2013-12-23,2013-12-23
16315,1,1,CUP,172,g,1,1996-09-30,2006-11-30
16316,1,1,cup,240,g,1,2013-12-23,2013-12-23
16317,1,1,cup,185,g,1,2013-12-23,2013-12-23
16320,1,1,cup,177,g,1,2013-12-23,2013-12-23
16323,1,1,cup,177,g,1,2013-12-23,2013-12-23
16325,1,1,CUP,177,g,1,1994-01-31,2006-11-30
16326,1,1,cup,262,g,1,2013-12-23,2013-12-23
16328,1,1,CUP,177,g,1,1994-01-31,2006-11-30
16331,1,1,cup,177,g,1,2013-12-23,2013-12-23
16333,1,1,cup,177,g,1,2013-12-23,2013-12-23
16335,1,1,cup cup rinsed solids,158,g,1,2012-03-02,2012-03-02
16336,1,1,cup,177,g,1,2013-12-23,2013-12-23
16337,1,1,cup,256,g,1,2013-12-23,2013-12-23
16337,2,1,can total can contents,436,g,1,2013-12-23,2013-12-23
16338,1,1,cup,182,g,1,2013-12-23,2013-12-23
16341,1,1,CUP,169,g,1,1996-09-30,2006-11-30
16343,1,1,CUP,171,g,1,1994-01-31,2006-11-30
16346,1,1,cup,179,g,1,2013-12-23,2013-12-23
16347,1,1,cup,240,g,1,2013-12-23,2013-12-23
16347,2,1,can total can contents,442,g,1,2013-12-23,2013-12-23
16348,1,1,cup,177,g,1,2013-12-23,2013-12-23
16350,1,1,cup,179,g,1,2013-12-23,2013-12-23
16353,1,1,cup,170,g,1,2013-12-23,2013-12-23
16357,1,1,cup,164,g,1,2013-12-23,2013-12-23
16358,1,1,can drained,253,g,1,2012-03-02,2012-03-02
16359,1,1,"can drained, rinsed",254,g,1,2012-03-02,2012-03-02
16359,2,1,"cup drained, rinsed",152,g,1,2012-03-02,2012-03-02
16360,1,1,cup,240,g,1,2013-12-23,2013-12-23
16360,2,1,can total can contents,448,g,1,2013-12-23,2013-12-23
16361,1,1,cup,171,g,1,2013-12-23,2013-12-23
16363,1,1,CUP,171,g,1,1994-01-31,2006-11-30
16368,1,1,cup,194,g,1,2013-12-23,2013-12-23
16370,1,1,CUP,198,g,1,1994-01-31,2006-11-30
16372,1,1,CUP,188,g,1,1994-01-31,2006-11-30
16375,1,1,CUP,182,g,1,1994-01-31,2006-11-30
16377,1,1,cup,166,g,1,2013-12-23,2013-12-23
16379,1,1,cup,177,g,1,2013-12-23,2013-12-23
16381,1,1,CUP,202,g,1,1996-09-30,2006-11-30
16384,1,1,cup,180,g,1,2013-12-23,2013-12-23
16386,1,1,CUP,196,g,1,1994-01-31,2006-11-30
16389,1,1,"cup,",144,g,1,1994-09-29,2015-01-07
16389,2,1,oz shelled (32 nuts),28.35,g,1,1998-01-15,2015-01-07
16390,1,1,CUP,146,g,1,1994-09-29,2006-11-30
16390,2,1,oz,28.35,g,1,1999-03-22,2006-11-30
16390,3,1,peanut,1,g,1,2002-09-06,2006-11-30
16392,1,1,cup,147,g,1,2013-12-23,2013-12-23
16392,2,1,oz,28.35,g,1,2013-12-23,2013-12-23
16394,1,1,cup,144,g,1,2013-12-23,2013-12-23
16394,2,1,oz,28.35,g,1,2013-12-23,2013-12-23
16396,1,1,cup,143,g,1,2013-12-23,2013-12-23
16396,2,1,oz,28.35,g,1,2013-12-23,2013-12-23
16397,1,2,tbsp,32,g,1,1994-01-31,2013-12-26
16397,2,1,cup,258,g,1,1998-01-15,2013-12-26
16398,1,2,tbsp,32,g,1,1999-03-22,2013-12-26
16398,2,1,cup,258,g,1,1994-09-29,2013-12-26
16399,1,1,tbsp,16,g,1,2013-12-23,2013-12-23
16402,1,1,CUP,168,g,1,1994-01-31,2006-11-30
16403,1,1,cup,238,g,1,2013-12-23,2013-12-23
16403,2,1,tablespoon,16,g,1,2013-12-23,2013-12-23
16409,1,1,cup,172,g,1,2013-12-23,2013-12-23
16410,1,1,cup,172,g,1,2013-12-23,2013-12-23
16420,1,1,oz,28.35,g,1,2013-12-23,2013-12-23
16422,1,1,oz,28.35,g,1,2013-12-23,2013-12-23
16424,1,1,tbsp,14.2,g,1,1994-11-02,2013-12-26
16424,2,1,tsp,4.5,g,1,2002-09-06,2013-12-26
16424,3,1,cup,255,g,1,2002-09-06,2013-12-26
16425,1,1,tbsp,15,g,1,2013-12-23,2013-12-23
16425,2,1,tsp,4.9,g,1,2013-12-23,2013-12-23
16425,3,0.25,cup,58,g,1,2013-12-23,2013-12-23
16426,1,0.5,CUP,126,g,1,1996-09-30,2006-11-30
16426,2,0.25,block,81,g,1,2002-09-06,2006-11-30
16427,1,0.5,CUP,124,g,1,1994-11-17,2006-11-30
16427,2,0.25,block,116,g,1,1997-08-29,2006-11-30
16428,1,1,piece,17,g,1,2013-12-23,2013-12-23
16429,1,1,piece,13,g,1,2013-12-23,2013-12-23
16432,1,1,block,11,g,1,2013-12-23,2013-12-23
16434,1,1,cup,171,g,1,2013-12-23,2013-12-23
16436,1,1,cup,172,g,1,2013-12-23,2013-12-23
17000,1,4,oz,113,g,1,2013-02-22,2019-02-13
17000,2,1,roast with bone,325,g,1,2013-12-23,2013-12-23
17001,1,1,oz,28.35,g,1,2013-12-23,2013-12-23
17001,2,1,lb,453.6,g,1,2013-12-23,2013-12-23
17002,1,3,oz,85,g,1,2013-12-23,2013-12-23
17002,2,1,"piece, cooked, excluding refuse (yield from 1 lb raw meat with refuse)",242,g,1,2013-12-23,2013-12-23
17003,1,1,oz,28.35,g,1,2013-12-23,2013-12-23
17003,2,1,lb,453.6,g,1,2013-12-23,2013-12-23
17004,1,3,oz,85,g,1,2013-12-23,2013-12-23
17004,2,1,"piece, cooked, excluding refuse (yield from 1 lb raw meat with refuse)",187,g,1,2013-12-23,2013-12-23
17005,1,1,oz,28.35,g,1,2013-12-23,2013-12-23
17005,2,1,lb,453.6,g,1,2013-12-23,2013-12-23
17006,1,3,oz,85,g,1,2013-12-23,2013-12-23
17006,2,1,"unit, cooked (yield from 1 lb raw meat)",286,g,1,2013-12-23,2013-12-23
17007,1,1,oz,28.35,g,1,2013-12-23,2013-12-23
17007,2,1,lb,453.6,g,1,2013-12-23,2013-12-23
17008,1,1,"piece, cooked, excluding refuse (yield from 1 lb raw meat with refuse)",148,g,1,2013-12-23,2013-12-23
17008,2,3,oz,85,g,1,2013-12-23,2013-12-23
17009,1,1,oz,28.35,g,1,2013-12-23,2013-12-23
17009,2,1,lb,453.6,g,1,2013-12-23,2013-12-23
17010,1,1,"piece, cooked, excluding refuse (yield from 1 lb raw meat with refuse)",128,g,1,2013-12-23,2013-12-23
17010,2,3,oz,85,g,1,2013-12-23,2013-12-23
17011,1,1,oz,28.35,g,1,1999-03-22,2006-11-30
17011,2,1,lb,453.6,g,1,2002-09-06,2006-11-30
17012,1,3,oz,85,g,1,1994-09-29,2013-12-26
17012,2,1,"piece, cooked, excluding refuse (yield from 1 lb raw meat with refuse)",265,g,1,1997-08-29,2013-12-26
17013,1,1,oz,28.35,g,1,2013-12-23,2013-12-23
17013,2,1,lb,453.6,g,1,2013-12-23,2013-12-23
17014,1,3,oz,85,g,1,2013-12-23,2013-12-23
17014,2,1,"piece, cooked, excluding refuse (yield from 1 lb raw meat with refuse)",218,g,1,2013-12-23,2013-12-23
17015,1,1,oz,28.35,g,1,2013-12-23,2013-12-23
17015,2,1,lb,453.6,g,1,2013-12-23,2013-12-23
17016,1,3,oz,85,g,1,2013-12-23,2013-12-23
17016,2,1,"piece, cooked, excluding refuse (yield from 1 lb raw meat with refuse)",269,g,1,2013-12-23,2013-12-23
17017,1,1,oz,28.35,g,1,2013-12-23,2013-12-23
17017,2,1,lb,453.6,g,1,2013-12-23,2013-12-23
17018,1,3,oz,85,g,1,2013-12-23,2013-12-23
17018,2,1,"piece, cooked, excluding refuse (yield from 1 lb raw meat with refuse)",238,g,1,2013-12-23,2013-12-23
17019,1,1,oz,28.35,g,1,2013-12-23,2013-12-23
17019,2,1,lb,453.6,g,1,2013-12-23,2013-12-23
17020,1,3,oz,85,g,1,2013-12-23,2013-12-23
17020,2,1,"piece, cooked, excluding refuse (yield from 1 lb raw meat with refuse)",262,g,1,2013-12-23,2013-12-23
17021,1,1,oz,28.35,g,1,2013-12-23,2013-12-23
17021,2,1,lb,453.6,g,1,2013-12-23,2013-12-23
17022,1,3,oz,85,g,1,2013-12-23,2013-12-23
17022,2,1,"piece, cooked, excluding refuse (yield from 1 lb raw meat with refuse)",201,g,1,2013-12-23,2013-12-23
17023,1,1,oz,28.35,g,1,2013-12-23,2013-12-23
17023,2,1,"chop, excluding refuse (yield from 1 raw chop, with refuse, weighing 120 g)",95,g,1,2013-12-23,2013-12-23
17024,1,3,oz,85,g,1,2013-12-23,2013-12-23
17024,2,1,"chop, excluding refuse (yield from 1 raw chop, with refuse, weighing 120 g)",64,g,1,2013-12-23,2013-12-23
17025,1,3,oz,85,g,1,2013-12-23,2013-12-23
17025,2,1,"piece, cooked, excluding refuse (yield from 1 lb raw meat with refuse)",269,g,1,2013-12-23,2013-12-23
17026,1,1,oz,28.35,g,1,2013-12-23,2013-12-23
17026,2,1,"chop, excluding refuse (yield from 1 raw chop, with refuse, weighing 120 g)",65,g,1,2013-12-23,2013-12-23
17027,1,3,oz,85,g,1,2013-12-23,2013-12-23
17027,2,1,"chop, excluding refuse (yield from 1 raw chop, with refuse, weighing 120 g)",46,g,1,2013-12-23,2013-12-23
17028,1,3,oz,85,g,1,2013-12-23,2013-12-23
17028,2,1,"piece, cooked, excluding refuse (yield from 1 lb raw meat with refuse)",193,g,1,2013-12-23,2013-12-23
17029,1,1,oz,28.35,g,1,2013-12-23,2013-12-23
17029,2,1,lb,453.6,g,1,2013-12-23,2013-12-23
17030,1,3,oz,85,g,1,2013-12-23,2013-12-23
17030,2,1,"piece, cooked, excluding refuse (yield from 1 lb raw meat with refuse)",229,g,1,2013-12-23,2013-12-23
17031,1,3,oz,85,g,1,2013-12-23,2013-12-23
17031,2,1,"piece, cooked, excluding refuse (yield from 1 lb raw meat with refuse)",255,g,1,2013-12-23,2013-12-23
17032,1,1,oz,28.35,g,1,2013-12-23,2013-12-23
17032,2,1,lb,453.6,g,1,2013-12-23,2013-12-23
17033,1,1,"piece, cooked, excluding refuse (yield from 1 lb raw meat with refuse)",147,g,1,2013-12-23,2013-12-23
17033,2,3,oz,85,g,1,2013-12-23,2013-12-23
17034,1,3,oz,85,g,1,2013-12-23,2013-12-23
17034,2,1,"piece, cooked, excluding refuse (yield from 1 lb raw meat with refuse)",159,g,1,2013-12-23,2013-12-23
17035,1,4,oz,113,g,1,1999-03-22,2019-02-13
17035,2,1,lb,453.6,g,1,2002-09-06,2006-11-30
17036,1,3,oz,85,g,1,2013-12-23,2013-12-23
17036,2,1,"piece, cooked, excluding refuse (yield from 1 lb raw meat with refuse)",218,g,1,2013-12-23,2013-12-23
17037,1,3,oz,85,g,1,2013-12-23,2013-12-23
17037,2,1,"piece, cooked, excluding refuse (yield from 1 lb raw meat with refuse)",248,g,1,2013-12-23,2013-12-23
17038,1,3,oz,85,g,1,1994-01-31,2013-12-26
17038,2,1,"piece, cooked, excluding refuse (yield from 1 lb raw meat with refuse)",269,g,1,1997-08-29,2013-12-26
17039,1,4,oz,113,g,1,2013-12-23,2019-02-13
17039,2,1,lb,453.6,g,1,2013-12-23,2013-12-23
17040,1,3,oz,85,g,1,2013-12-23,2013-12-23
17040,2,1,"piece, cooked, excluding refuse (yield from 1 lb raw meat with refuse)",174,g,1,2013-12-23,2013-12-23
17041,1,3,oz,85,g,1,2013-12-23,2013-12-23
17041,2,1,"piece, cooked, excluding refuse (yield from 1 lb raw meat with refuse)",202,g,1,2013-12-23,2013-12-23
17042,1,3,oz,85,g,1,2013-12-23,2013-12-23
17042,2,1,"piece, cooked, excluding refuse (yield from 1 lb raw meat with refuse)",217,g,1,2013-12-23,2013-12-23
17043,1,1,oz,28.35,g,1,2013-12-23,2013-12-23
17043,2,1,"chop, excluding refuse (yield from 1 raw chop, with refuse, weighing 160 g)",133,g,1,2013-12-23,2013-12-23
17044,1,3,oz,85,g,1,2013-12-23,2013-12-23
17044,2,1,"chop, excluding refuse (yield from 1 raw chop, with refuse, weighing 160 g)",70,g,1,2013-12-23,2013-12-23
17045,1,3,oz,85,g,1,2013-12-23,2013-12-23
17045,2,1,"chop, excluding refuse (yield from 1 raw chop, with refuse, weighing 160 g)",93,g,1,2013-12-23,2013-12-23
17046,1,3,oz,85,g,1,2013-12-23,2013-12-23
17046,2,1,"piece, cooked, excluding refuse (yield from 1 lb raw meat with refuse)",286,g,1,2013-12-23,2013-12-23
17047,1,1,oz,28.35,g,1,2013-12-23,2013-12-23
17047,2,1,"chop, excluding refuse (yield from 1 raw chop, with refuse, weighing 160 g)",101,g,1,2013-12-23,2013-12-23
17048,1,3,oz,85,g,1,2013-12-23,2013-12-23
17048,2,1,"chop, excluding refuse (yield from 1 raw chop, with refuse, weighing 160 g)",55,g,1,2013-12-23,2013-12-23
17049,1,3,oz,85,g,1,2013-12-23,2013-12-23
17049,2,1,"chop, excluding refuse (yield from 1 raw chop, with refuse, weighing 160 g)",74,g,1,2013-12-23,2013-12-23
17050,1,3,oz,85,g,1,2013-12-23,2013-12-23
17050,2,1,"piece, cooked, excluding refuse (yield from 1 lb raw meat with refuse)",224,g,1,2013-12-23,2013-12-23
17051,1,1,oz,28.35,g,1,2013-12-23,2013-12-23
17051,2,1,lb,453.6,g,1,2013-12-23,2013-12-23
17052,1,3,oz,85,g,1,2013-12-23,2013-12-23
17052,2,1,"piece, cooked, excluding refuse (yield from 1 lb raw meat with refuse)",209,g,1,2013-12-23,2013-12-23
17053,1,3,oz,85,g,1,2013-12-23,2013-12-23
17053,2,1,"piece, cooked, excluding refuse (yield from 1 lb raw meat with refuse)",252,g,1,2013-12-23,2013-12-23
17054,1,3,oz,85,g,1,2013-12-23,2013-12-23
17054,2,1,"piece, cooked, excluding refuse (yield from 1 lb raw meat with refuse)",258,g,1,2013-12-23,2013-12-23
17055,1,1,oz,28.35,g,1,2013-12-23,2013-12-23
17055,2,1,lb,453.6,g,1,2013-12-23,2013-12-23
17056,1,3,oz,85,g,1,2013-12-23,2013-12-23
17056,2,1,"piece, cooked, excluding refuse (yield from 1 lb raw meat with refuse)",168,g,1,2013-12-23,2013-12-23
17057,1,3,oz,85,g,1,2013-12-23,2013-12-23
17057,2,1,"piece, cooked, excluding refuse (yield from 1 lb raw meat with refuse)",207,g,1,2013-12-23,2013-12-23
17058,1,3,oz,85,g,1,2013-12-23,2013-12-23
17058,2,1,"piece, cooked, excluding refuse (yield from 1 lb raw meat with refuse)",210,g,1,2013-12-23,2013-12-23
17059,1,1,oz,28.35,g,1,1997-08-29,2006-11-30
17059,2,1,lb,453.6,g,1,2002-09-06,2006-11-30
17060,1,3,oz,85,g,1,1994-11-17,2013-12-26
17060,2,1,"unit, cooked (yield from 1 lb raw meat)",272,g,1,1997-08-29,2013-12-26
17061,1,3,oz,85,g,1,1994-11-17,2013-12-26
17061,2,1,"unit, cooked (yield from 1 lb raw meat)",327,g,1,1997-08-29,2013-12-26
17062,1,1,oz,28.35,g,1,2013-12-23,2013-12-23
17062,2,1,lb,453.6,g,1,2013-12-23,2013-12-23
17063,1,3,oz,85,g,1,2013-12-23,2013-12-23
17063,2,1,"piece, cooked, excluding refuse (yield from 1 lb raw meat with refuse)",222,g,1,2013-12-23,2013-12-23
17064,1,1,oz,28.35,g,1,2013-12-23,2013-12-23
17064,2,1,lb,453.6,g,1,2013-12-23,2013-12-23
17065,1,3,oz,85,g,1,2013-12-23,2013-12-23
17065,2,1,"piece, cooked, excluding refuse (yield from 1 lb raw meat with refuse)",164,g,1,2013-12-23,2013-12-23
17066,1,1,oz,28.35,g,1,2013-12-23,2013-12-23
17066,2,1,lb,453.6,g,1,2013-12-23,2013-12-23
17067,1,3,oz,85,g,1,2013-12-23,2013-12-23
17067,2,1,"unit, cooked (yield from 1 lb raw meat)",286,g,1,2013-12-23,2013-12-23
17068,1,4,oz,113,g,1,2013-12-23,2019-02-13
17068,2,1,serving,115,g,1,2019-02-13,2019-02-13
17069,1,3,oz,85,g,1,2013-12-23,2019-02-13
17069,2,1,serving,85,g,1,2019-02-13,2019-02-13
17070,1,4,oz,113,g,1,2013-12-23,2019-02-13
17070,2,1,serving,115,g,1,2019-02-13,2019-02-13
17071,1,3,oz,85,g,1,2013-12-23,2019-02-13
17071,2,1,serving,85,g,1,2019-02-13,2019-02-13
17072,1,4,oz,113,g,1,2013-12-23,2019-02-13
17072,2,1,serving,115,g,1,2019-02-13,2019-02-13
17073,1,3,oz,85,g,1,2013-12-23,2013-12-23
17073,2,1,"piece, cooked, excluding refuse (yield from 1 lb raw meat with refuse)",258,g,1,2013-12-23,2013-12-23
17074,1,4,oz,113,g,1,2013-12-23,2019-02-13
17074,2,1,serving,115,g,1,2019-02-13,2019-02-13
17075,1,3,oz,85,g,1,2013-12-23,2013-12-23
17075,2,1,"piece, cooked, excluding refuse (yield from 1 lb raw meat with refuse)",218,g,1,2013-12-23,2013-12-23
17076,1,4,oz,113,g,1,2013-12-23,2019-02-13
17076,2,1,serving,115,g,1,2019-02-13,2019-02-13
17077,1,3,oz,85,g,1,2013-12-23,2013-12-23
17077,2,1,"chop, excluding refuse (yield from 1 raw chop, with refuse, weighing 85 g)",43,g,1,2013-12-23,2013-12-23
17078,1,4,oz,113,g,1,2013-12-23,2019-02-13
17078,2,1,serving,115,g,1,2019-02-13,2019-02-13
17079,1,3,oz,85,g,1,2013-12-23,2013-12-23
17079,2,1,"chop, excluding refuse (yield from 1 raw chop, with refuse, weighing 85 g)",30,g,1,2013-12-23,2013-12-23
17080,1,4,oz,113,g,1,2013-12-23,2019-02-13
17080,2,1,serving,115,g,1,2019-02-13,2019-02-13
17081,1,3,oz,85,g,1,2013-12-23,2019-02-13
17081,2,1,serving,85,g,1,2019-02-13,2019-02-13
17082,1,4,oz,113,g,1,2013-12-23,2019-02-13
17082,2,1,serving,115,g,1,2019-02-13,2019-02-13
17083,1,3,oz,85,g,1,2013-12-23,2019-02-13
17083,2,1,serving,85,g,1,2019-02-13,2019-02-13
17084,1,4,oz,113,g,1,2013-12-23,2019-02-13
17084,2,1,serving,115,g,1,2019-02-13,2019-02-13
17085,1,3,oz,85,g,1,2013-12-23,2013-12-23
17085,2,1,"piece, cooked, excluding refuse (yield from 1 lb raw meat with refuse)",206,g,1,2013-12-23,2013-12-23
17086,1,4,oz,113,g,1,2013-12-23,2019-02-13
17086,2,1,serving,115,g,1,2019-02-13,2019-02-13
17087,1,3,oz,85,g,1,2013-12-23,2013-12-23
17087,2,1,"piece, cooked, excluding refuse (yield from 1 lb raw meat with refuse)",157,g,1,2013-12-23,2013-12-23
17088,1,1,oz,28.35,g,1,2013-12-23,2013-12-23
17088,2,1,lb,453.6,g,1,2013-12-23,2013-12-23
17089,1,3,oz,85,g,1,2013-12-23,2013-12-23
17089,2,1,"piece, cooked, excluding refuse (yield from 1 lb raw meat with refuse)",209,g,1,2013-12-23,2013-12-23
17090,1,1,oz,28.35,g,1,2013-12-23,2013-12-23
17090,2,1,lb,453.6,g,1,2013-12-23,2013-12-23
17091,1,3,oz,85,g,1,2013-12-23,2013-12-23
17091,2,1,"piece, cooked, excluding refuse (yield from 1 lb raw meat with refuse)",192,g,1,2013-12-23,2013-12-23
17092,1,1,oz,28.35,g,1,2013-12-23,2013-12-23
17092,2,1,lb,453.6,g,1,2013-12-23,2013-12-23
17093,1,3,oz,85,g,1,2013-12-23,2013-12-23
17093,2,1,"unit, cooked (yield from 1 lb raw meat)",290,g,1,2013-12-23,2013-12-23
17094,1,4,oz,113,g,1,2013-12-23,2019-02-13
17094,2,1,lb,453.6,g,1,2013-12-23,2013-12-23
17095,1,3,oz,85,g,1,2013-12-23,2013-12-23
17095,2,1,"unit, cooked (yield from 1 lb raw meat)",272,g,1,2013-12-23,2013-12-23
17096,1,3,oz,85,g,1,2013-12-23,2013-12-23
17096,2,1,"unit, cooked (yield from 1 lb raw meat)",295,g,1,2013-12-23,2013-12-23
17097,1,3,oz,85,g,1,2013-12-23,2013-12-23
17097,3,1,"unit, cooked (yield from 1 lb raw meat)",304,g,1,2013-12-23,2013-12-23
17098,1,3,oz,85,g,1,2013-12-23,2013-12-23
17098,2,1,"unit, cooked (yield from 1 lb raw meat)",358,g,1,2013-12-23,2013-12-23
17099,1,4,oz,113,g,1,2013-12-23,2019-02-13
17099,2,1,lb,453.6,g,1,2013-12-23,2013-12-23
17100,1,3,oz,85,g,1,2013-12-23,2013-12-23
17100,2,1,"piece, cooked, excluding refuse (yield from 1 lb raw meat with refuse)",267,g,1,2013-12-23,2013-12-23
17101,1,3,oz,85,g,1,2013-12-23,2013-12-23
17101,2,1,"unit, cooked (yield from 1 lb raw meat)",295,g,1,2013-12-23,2013-12-23
17102,1,3,oz,85,g,1,2013-12-23,2013-12-23
17102,2,1,"piece, cooked, excluding refuse (yield from 1 lb raw meat with refuse)",289,g,1,2013-12-23,2013-12-23
17103,1,3,oz,85,g,1,2013-12-23,2013-12-23
17103,2,1,"piece, cooked, excluding refuse (yield from 1 lb raw meat with refuse)",351,g,1,2013-12-23,2013-12-23
17104,1,4,oz,113,g,1,2013-12-23,2019-02-13
17104,2,1,roast,1495,g,1,2013-12-23,2015-01-07
17105,1,3,oz,85,g,1,2013-12-23,2013-12-23
17105,2,1,"chop, excluding refuse (yield from 1 raw chop, with refuse, weighing 195 g)",80,g,1,2013-12-23,2013-12-23
17106,1,3,oz,85,g,1,2013-12-23,2013-12-23
17106,2,1,"piece, cooked, excluding refuse (yield from 1 lb raw meat with refuse)",229,g,1,2013-12-23,2013-12-23
17107,1,4,oz,113,g,1,2013-12-23,2019-02-13
17107,2,1,roast,1495,g,1,2013-12-23,2015-01-07
17107,3,1,oz,28.35,g,1,2015-01-06,2015-01-06
17108,1,3,oz,85,g,1,2013-12-23,2013-12-23
17108,2,1,"chop, excluding refuse (yield from 1 raw chop, with refuse, weighing 195 g)",69,g,1,2013-12-23,2013-12-23
17109,1,3,oz,85,g,1,2013-12-23,2013-12-23
17109,2,1,"piece, cooked, excluding refuse (yield from 1 lb raw meat with refuse)",208,g,1,2013-12-23,2013-12-23
17110,1,1,oz,28.35,g,1,2013-12-23,2013-12-23
17110,2,1,lb,453.6,g,1,2013-12-23,2013-12-23
17111,1,3,oz,85,g,1,2013-12-23,2013-12-23
17111,2,1,"piece, cooked, excluding refuse (yield from 1 lb raw meat with refuse)",177,g,1,2013-12-23,2013-12-23
17112,1,3,oz,85,g,1,2013-12-23,2013-12-23
17112,2,1,"piece, cooked, excluding refuse (yield from 1 lb raw meat with refuse)",240,g,1,2013-12-23,2013-12-23
17113,1,1,oz,28.35,g,1,2013-12-23,2013-12-23
17113,2,1,lb,453.6,g,1,2013-12-23,2013-12-23
17114,1,3,oz,85,g,1,2013-12-23,2013-12-23
17114,2,1,"piece, cooked, excluding refuse (yield from 1 lb raw meat with refuse)",163,g,1,2013-12-23,2013-12-23
17115,1,3,oz,85,g,1,2013-12-23,2013-12-23
17115,2,1,"piece, cooked, excluding refuse (yield from 1 lb raw meat with refuse)",215,g,1,2013-12-23,2013-12-23
17116,1,1,oz,28.35,g,1,2013-12-23,2013-12-23
17116,2,1,lb,453.6,g,1,2013-12-23,2013-12-23
17117,1,3,oz,85,g,1,2013-12-23,2013-12-23
17117,2,1,"piece, cooked, excluding refuse (yield from 1 lb raw meat with refuse)",191,g,1,2013-12-23,2013-12-23
17118,1,3,oz,85,g,1,2013-12-23,2013-12-23
17118,2,1,"piece, cooked, excluding refuse (yield from 1 lb raw meat with refuse)",258,g,1,2013-12-23,2013-12-23
17119,1,1,oz,28.35,g,1,2013-12-23,2013-12-23
17119,2,1,lb,453.6,g,1,2013-12-23,2013-12-23
17120,1,3,oz,85,g,1,2013-12-23,2013-12-23
17120,2,1,"piece, cooked, excluding refuse (yield from 1 lb raw meat with refuse)",182,g,1,2013-12-23,2013-12-23
17121,1,3,oz,85,g,1,2013-12-23,2013-12-23
17121,2,1,"piece, cooked, excluding refuse (yield from 1 lb raw meat with refuse)",251,g,1,2013-12-23,2013-12-23
17122,1,1,oz,28.35,g,1,2013-12-23,2013-12-23
17122,2,1,"steak, excluding refuse (yield from 1 raw steak, with refuse, weighing 385 g)",304,g,1,2013-12-23,2013-12-23
17123,1,3,oz,85,g,1,2013-12-23,2013-12-23
17123,2,1,"steak, excluding refuse (yield from 1 raw steak, with refuse, weighing 385 g)",173,g,1,2013-12-23,2013-12-23
17124,1,3,oz,85,g,1,2013-12-23,2013-12-23
17124,2,1,"piece, cooked, excluding refuse (yield from 1 lb raw meat with refuse)",283,g,1,2013-12-23,2013-12-23
17125,1,1,oz,28.35,g,1,2013-12-23,2013-12-23
17125,2,1,"steak, excluding refuse (yield from 1 raw steak, with refuse, weighing 385 g)",289,g,1,2013-12-23,2013-12-23
17126,1,3,oz,85,g,1,2013-12-23,2013-12-23
17126,2,1,"steak, excluding refuse (yield from 1 raw steak, with refuse, weighing 385 g)",160,g,1,2013-12-23,2013-12-23
17127,1,3,oz,85,g,1,2013-12-23,2013-12-23
17127,2,1,"piece, cooked, excluding refuse (yield from 1 lb raw meat with refuse)",272,g,1,2013-12-23,2013-12-23
17128,1,4,oz,113,g,1,2013-12-23,2019-02-13
17128,2,1,chop,450,g,1,2013-12-23,2015-01-07
17129,1,3,oz,85,g,1,2013-12-23,2013-12-23
17129,2,1,"piece, cooked, excluding refuse (yield from 1 lb raw meat with refuse)",186,g,1,2013-12-23,2013-12-23
17130,1,3,oz,85,g,1,2013-12-23,2013-12-23
17130,2,1,"piece, cooked, excluding refuse (yield from 1 lb raw meat with refuse)",244,g,1,2013-12-23,2013-12-23
17131,1,4,oz,113,g,1,2013-12-23,2019-02-13
17131,2,1,chop,450,g,1,2013-12-23,2015-01-07
17131,3,1,oz,28.35,g,1,2015-01-06,2015-01-06
17132,1,3,oz,85,g,1,2013-12-23,2013-12-23
17132,2,1,"piece, cooked, excluding refuse (yield from 1 lb raw meat with refuse)",174,g,1,2013-12-23,2013-12-23
17133,1,3,oz,85,g,1,2013-12-23,2013-12-23
17133,2,1,"piece, cooked, excluding refuse (yield from 1 lb raw meat with refuse)",236,g,1,2013-12-23,2013-12-23
17134,1,1,oz,28.35,g,1,2013-12-23,2013-12-23
17134,2,1,lb,453.6,g,1,2013-12-23,2013-12-23
17135,1,3,oz,85,g,1,2013-12-23,2013-12-23
17135,2,1,"piece, cooked, excluding refuse (yield from 1 lb raw meat with refuse)",205,g,1,2013-12-23,2013-12-23
17136,1,3,oz,85,g,1,2013-12-23,2013-12-23
17136,2,1,"piece, cooked, excluding refuse (yield from 1 lb raw meat with refuse)",269,g,1,2013-12-23,2013-12-23
17137,1,1,oz,28.35,g,1,2013-12-23,2013-12-23
17137,2,1,lb,453.6,g,1,2013-12-23,2013-12-23
17138,1,3,oz,85,g,1,2013-12-23,2013-12-23
17138,2,1,"piece, cooked, excluding refuse (yield from 1 lb raw meat with refuse)",183,g,1,2013-12-23,2013-12-23
17139,1,3,oz,85,g,1,2013-12-23,2013-12-23
17139,2,1,"piece, cooked, excluding refuse (yield from 1 lb raw meat with refuse)",251,g,1,2013-12-23,2013-12-23
17140,1,1,oz,28.35,g,1,2013-12-23,2013-12-23
17140,2,1,lb,453.6,g,1,2013-12-23,2013-12-23
17141,1,3,oz,85,g,1,2013-12-23,2013-12-23
17141,2,1,"unit, cooked (yield from 1 lb raw meat)",263,g,1,2013-12-23,2013-12-23
17142,1,3,oz,85,g,1,2013-12-23,2015-01-07
17142,2,1,oz,28.35,g,1,2013-12-23,2015-01-07
17142,3,4,oz,113,g,1,2015-01-06,2015-01-06
17143,1,3,oz,85,g,1,1998-01-15,2013-12-26
17143,2,1,"unit, cooked (yield from 1 lb raw meat)",299,g,1,1996-09-30,2013-12-26
17144,1,1,oz,28.35,g,1,2013-12-23,2013-12-23
17144,2,1,lb,453.6,g,1,2013-12-23,2013-12-23
17145,1,3,oz,85,g,1,2013-12-23,2013-12-23
17145,2,1,"piece, cooked (yield from 1 lb raw meat, boneless)",340,g,1,2013-12-23,2013-12-23
17147,1,3,oz,85,g,1,2013-12-23,2013-12-23
17147,2,1,"piece, cooked (yield from 1 lb raw meat, boneless)",277,g,1,2013-12-23,2013-12-23
17148,1,3,oz,85,g,1,2009-01-25,2009-01-25
17149,1,1,patty (cooked from 4 oz raw),85,g,1,2013-12-23,2013-12-23
17149,2,1,oz,28.35,g,1,2013-12-23,2013-12-23
17151,1,3,oz,85,g,1,2013-12-23,2013-12-23
17151,2,1,"piece, cooked (yield from 1 lb raw meat, boneless)",313,g,1,2013-12-23,2013-12-23
17152,1,1,oz,28.35,g,1,2013-12-23,2013-12-23
17152,2,1,lb,453.6,g,1,2013-12-23,2013-12-23
17153,1,3,oz,85,g,1,2013-12-23,2013-12-23
17153,2,1,"piece, cooked (yield from 1 lb raw meat, boneless)",340,g,1,2013-12-23,2013-12-23
17154,1,4,oz,113,g,1,2013-02-22,2019-02-13
17155,1,4,oz,113,g,1,2013-02-22,2019-02-13
17155,2,1,roast with bone,325,g,1,2013-12-23,2013-12-23
17156,1,1,oz,28.35,g,1,2013-12-23,2013-12-23
17156,2,1,lb,453.6,g,1,2013-12-23,2013-12-23
17157,1,3,oz,85,g,1,2013-12-23,2013-12-23
17157,2,1,"piece, cooked (yield from 1 lb raw meat, boneless)",340,g,1,2013-12-23,2013-12-23
17159,1,3,oz,85,g,1,2013-12-23,2013-12-23
17159,2,1,"piece, cooked (yield from 1 lb raw meat, boneless)",340,g,1,2013-12-23,2013-12-23
17160,1,1,oz,28.35,g,1,2013-12-23,2013-12-23
17160,2,1,lb,453.6,g,1,2013-12-23,2013-12-23
17161,1,3,oz,85,g,1,2013-12-23,2013-12-23
17161,2,1,"piece, cooked (yield from 1 lb raw meat, boneless)",340,g,1,2013-12-23,2013-12-23
17162,1,1,oz,28.35,g,1,2013-12-23,2013-12-23
17162,2,1,lb,453.6,g,1,2013-12-23,2013-12-23
17163,1,3,oz,85,g,1,2013-12-23,2013-12-23
17163,2,1,"piece, cooked (yield from 1 lb raw meat, boneless)",340,g,1,2013-12-23,2013-12-23
17164,1,1,oz,28.35,g,1,2013-12-23,2013-12-23
17164,2,1,lb,453.6,g,1,2013-12-23,2013-12-23
17165,1,3,oz,85,g,1,2013-12-23,2013-12-23
17165,2,1,"piece, cooked (yield from 1 lb raw meat, boneless)",340,g,1,2013-12-23,2013-12-23
17166,1,1,oz,28.35,g,1,2013-12-23,2013-12-23
17166,2,1,lb,453.6,g,1,2013-12-23,2013-12-23
17167,1,3,oz,85,g,1,2013-12-23,2013-12-23
17167,2,1,"piece, cooked (yield from 1 lb raw meat, boneless)",340,g,1,2013-12-23,2013-12-23
17168,1,1,oz,28.35,g,1,1997-08-29,2006-11-30
17168,2,1,lb,453.6,g,1,2002-09-06,2006-11-30
17169,1,3,oz,85,g,1,1997-08-29,2013-12-26
17169,2,1,"piece, cooked (yield from 1 lb raw meat, boneless)",340,g,1,2002-09-06,2013-12-26
17170,1,1,oz,28.35,g,1,2013-12-23,2013-12-23
17170,2,1,lb,453.6,g,1,2013-12-23,2013-12-23
17171,1,3,oz,85,g,1,2013-12-23,2013-12-23
17171,2,1,"piece, cooked (yield from 1 lb raw meat, boneless)",340,g,1,2013-12-23,2013-12-23
17172,1,1,oz,28.35,g,1,2013-12-23,2013-12-23
17172,2,1,lb,453.6,g,1,2013-12-23,2013-12-23
17173,1,3,oz,85,g,1,2013-12-23,2013-12-23
17173,2,1,"piece, cooked (yield from 1 lb raw meat, boneless)",340,g,1,2013-12-23,2013-12-23
17176,1,3,oz,85,g,1,2013-12-23,2013-12-23
17176,2,1,"piece, cooked (yield from 1 lb raw meat, boneless)",399,g,1,2013-12-23,2013-12-23
17177,1,1,oz,28.35,g,1,2013-12-23,2013-12-23
17177,2,1,lb,453.6,g,1,2013-12-23,2013-12-23
17178,1,3,oz,85,g,1,2013-12-23,2013-12-23
17178,2,1,"piece, cooked (yield from 1 lb raw meat, boneless)",313,g,1,2013-12-23,2013-12-23
17179,1,3,oz,85,g,1,2013-12-23,2013-12-23
17179,2,1,"piece, cooked (yield from 1 lb raw meat, boneless)",299,g,1,2013-12-23,2013-12-23
17180,1,1,oz,28.35,g,1,2013-12-23,2013-12-23
17180,2,1,lb,453.6,g,1,2013-12-23,2013-12-23
17181,1,3,oz,85,g,1,2013-12-23,2013-12-23
17181,2,1,"piece, cooked (yield from 1 lb raw meat, boneless)",299,g,1,2013-12-23,2013-12-23
17182,1,3,oz,85,g,1,2013-12-23,2013-12-23
17182,2,1,"piece, cooked (yield from 1 lb raw meat, boneless)",399,g,1,2013-12-23,2013-12-23
17183,1,1,oz,28.35,g,1,2013-12-23,2013-12-23
17183,2,1,lb,453.6,g,1,2013-12-23,2013-12-23
17184,1,3,oz,85,g,1,2013-12-23,2013-12-23
17184,2,1,"piece, cooked (yield from 1 lb raw meat, boneless)",313,g,1,2013-12-23,2013-12-23
17185,1,1,oz,28.35,g,1,2013-12-23,2013-12-23
17185,2,4,oz,113,g,1,2013-12-23,2013-12-23
17186,1,3,oz,85,g,1,2013-12-23,2013-12-23
17186,2,1,"unit, cooked (yield from 1 lb raw meat)",347,g,1,2013-12-23,2013-12-23
17187,1,3,oz,85,g,1,2013-12-23,2013-12-23
17187,2,1,"unit, cooked (yield from 1 lb raw meat)",240,g,1,2013-12-23,2013-12-23
17188,1,1,oz,28.35,g,1,2013-12-23,2013-12-23
17188,2,4,oz,113,g,1,2013-12-23,2013-12-23
17189,1,3,oz,85,g,1,2013-12-23,2013-12-23
17189,2,1,"unit, cooked (yield from 1 lb raw meat)",339,g,1,2013-12-23,2013-12-23
17190,1,3,oz,85,g,1,2013-12-23,2013-12-23
17190,2,1,"unit, cooked (yield from 1 lb raw meat)",330,g,1,2013-12-23,2013-12-23
17191,1,1,oz,28.35,g,1,2013-12-23,2013-12-23
17191,2,4,oz,113,g,1,2013-12-23,2013-12-23
17192,1,3,oz,85,g,1,2013-12-23,2013-12-23
17192,2,1,"unit, cooked (yield from 1 lb raw meat)",191,g,1,2013-12-23,2013-12-23
17193,1,1,oz,28.35,g,1,2013-12-23,2013-12-23
17193,2,4,oz,113,g,1,2013-12-23,2013-12-23
17194,1,3,oz,85,g,1,2013-12-23,2013-12-23
17194,2,1,"unit, cooked (yield from 1 lb raw meat)",198,g,1,2013-12-23,2013-12-23
17195,1,1,oz,28.35,g,1,2013-12-23,2013-12-23
17195,2,4,oz,113,g,1,2013-12-23,2013-12-23
17196,1,3,oz,85,g,1,2013-12-23,2013-12-23
17196,2,1,"unit, cooked (yield from 1 lb raw meat)",255,g,1,2013-12-23,2013-12-23
17197,1,1,oz,28.35,g,1,2013-12-23,2013-12-23
17197,2,4,oz,113,g,1,2013-12-23,2013-12-23
17198,1,3,oz,85,g,1,2013-12-23,2013-12-23
17198,2,1,"unit, cooked (yield from 1 lb raw meat)",184,g,1,2013-12-23,2013-12-23
17199,1,1,oz,28.35,g,1,2013-12-23,2013-12-23
17199,2,4,oz,113,g,1,2013-12-23,2013-12-23
17200,1,3,oz,85,g,1,2013-12-23,2013-12-23
17200,2,1,"unit, cooked (yield from 1 lb raw meat)",336,g,1,2013-12-23,2013-12-23
17201,1,3,oz,85,g,1,2013-12-23,2013-12-23
17201,2,1,"unit, cooked (yield from 1 lb raw meat)",322,g,1,2013-12-23,2013-12-23
17202,1,4,oz,113,g,1,2013-12-23,2019-02-13
17202,2,1,lb,453,g,1,2013-12-23,2013-12-23
17203,1,3,oz,85,g,1,2013-12-23,2019-02-13
17203,2,1,slice,80,g,1,2019-02-13,2019-02-13
17204,1,3,oz,85,g,1,2013-12-23,2019-02-13
17204,2,1,slice,67,g,1,2019-02-13,2019-02-13
17205,1,1,oz,28.35,g,1,2013-12-23,2013-12-23
17205,2,4,oz,113,g,1,2013-12-23,2013-12-23
17206,1,3,oz,85,g,1,2013-12-23,2013-12-23
17206,2,1,"unit, cooked (yield from 1 lb raw meat)",381,g,1,2013-12-23,2013-12-23
17207,1,1,oz,28.35,g,1,2013-12-23,2013-12-23
17207,2,4,oz,113,g,1,2013-12-23,2013-12-23
17208,1,3,oz,85,g,1,2013-12-23,2013-12-23
17208,2,1,"unit, cooked (yield from 1 lb raw meat)",300,g,1,2013-12-23,2013-12-23
17209,1,1,oz,28.35,g,1,2013-12-23,2013-12-23
17209,2,8,oz,227,g,1,2013-12-23,2013-12-23
17210,1,1,oz,28.35,g,1,2013-12-23,2013-12-23
17210,2,4,oz,113,g,1,2013-12-23,2013-12-23
17211,1,3,oz,85,g,1,2013-12-23,2013-12-23
17211,2,1,"unit, cooked (yield from 1 lb raw meat)",231,g,1,2013-12-23,2013-12-23
17212,1,1,oz,28.35,g,1,2013-12-23,2013-12-23
17212,2,4,oz,113,g,1,2013-12-23,2013-12-23
17213,1,3,oz,85,g,1,2013-12-23,2013-12-23
17213,2,1,"unit, cooked (yield from 1 lb raw meat)",240,g,1,2013-12-23,2013-12-23
17214,1,1,oz,28.35,g,1,2013-12-23,2013-12-23
17214,2,4,oz,113,g,1,2013-12-23,2013-12-23
17215,1,3,oz,85,g,1,2013-12-23,2013-12-23
17215,2,1,"unit, cooked (yield from 1 lb raw meat)",295,g,1,2013-12-23,2013-12-23
17216,1,1,oz,28.35,g,1,2013-12-23,2013-12-23
17216,2,4,oz,113,g,1,2013-12-23,2013-12-23
17217,1,3,oz,85,g,1,2013-12-23,2013-12-23
17217,2,1,"unit, cooked (yield from 1 lb raw meat)",345,g,1,2013-12-23,2013-12-23
17218,1,1,oz,28.35,g,1,2013-12-23,2013-12-23
17218,2,4,oz,113,g,1,2013-12-23,2013-12-23
17219,1,3,oz,85,g,1,2013-12-23,2013-12-23
17220,1,1,oz,28.35,g,1,2013-12-23,2013-12-23
17220,2,4,oz,113,g,1,2013-12-23,2013-12-23
17221,1,3,oz,85,g,1,2013-12-23,2013-12-23
17221,2,1,"unit, cooked (yield from 1 lb raw meat)",255,g,1,2013-12-23,2013-12-23
17222,1,1,oz,28.35,g,1,2013-12-23,2013-12-23
17222,2,4,oz,113,g,1,2013-12-23,2013-12-23
17223,1,3,oz,85,g,1,2013-12-23,2013-12-23
17223,2,1,"unit, cooked (yield from 1 lb raw meat)",255,g,1,2013-12-23,2013-12-23
17224,1,1,oz,28.35,g,1,2013-12-23,2013-12-23
17224,2,4,oz,113,g,1,2013-12-23,2013-12-23
17225,1,3,oz,85,g,1,2013-12-23,2013-12-23
17225,2,1,"unit, cooked (yield from 1 lb raw meat)",313,g,1,2013-12-23,2013-12-23
17226,1,1,oz,28.35,g,1,2013-12-23,2013-12-23
17226,2,1,lb,453.6,g,1,2013-12-23,2013-12-23
17227,1,3,oz,85,g,1,2013-12-23,2013-12-23
17227,2,1,"piece, cooked, excluding refuse (yield from 1 lb raw meat with refuse)",250,g,1,2013-12-23,2013-12-23
17228,1,1,oz,28.35,g,1,2013-12-23,2013-12-23
17228,2,1,lb,453.6,g,1,2013-12-23,2013-12-23
17229,1,1,"piece, cooked, excluding refuse (yield from 1 lb raw meat with refuse)",148,g,1,2013-12-23,2013-12-23
17229,2,3,oz,85,g,1,2013-12-23,2013-12-23
17230,1,1,oz,28.35,g,1,2013-12-23,2013-12-23
17230,2,1,lb,453.6,g,1,2013-12-23,2013-12-23
17231,1,3,oz,85,g,1,2013-12-23,2013-12-23
17231,2,1,"piece, cooked, excluding refuse (yield from 1 lb raw meat with refuse)",260,g,1,2013-12-23,2013-12-23
17232,1,1,oz,28.35,g,1,2013-12-23,2013-12-23
17232,2,1,lb,453.6,g,1,2013-12-23,2013-12-23
17233,1,3,oz,85,g,1,2013-12-23,2013-12-23
17233,2,1,"piece, cooked, excluding refuse (yield from 1 lb raw meat with refuse)",267,g,1,2013-12-23,2013-12-23
17234,1,1,oz,28.35,g,1,2013-12-23,2013-12-23
17234,2,1,lb,453.6,g,1,2013-12-23,2013-12-23
17235,1,3,oz,85,g,1,2013-12-23,2013-12-23
17235,2,1,"piece, cooked, excluding refuse (yield from 1 lb raw meat with refuse)",260,g,1,2013-12-23,2013-12-23
17236,1,1,oz,28.35,g,1,2013-12-23,2013-12-23
17236,2,1,"steak, excluding refuse (yield from 1 raw steak, with refuse, weighing 102 g)",79,g,1,2013-12-23,2013-12-23
17237,1,3,oz,85,g,1,2013-12-23,2013-12-23
17237,2,1,"steak, excluding refuse (yield from 1 raw steak, with refuse, weighing 102 g)",53,g,1,2013-12-23,2013-12-23
17238,1,3,oz,85,g,1,2013-12-23,2013-12-23
17238,2,1,"piece, cooked, excluding refuse (yield from 1 lb raw meat with refuse)",265,g,1,2013-12-23,2013-12-23
17239,1,1,oz,28.35,g,1,2013-12-23,2013-12-23
17239,2,1,lb,453.6,g,1,2013-12-23,2013-12-23
17240,1,3,oz,85,g,1,2013-12-23,2013-12-23
17240,2,1,"piece, cooked, excluding refuse (yield from 1 lb raw meat with refuse)",222,g,1,2013-12-23,2013-12-23
17241,1,3,oz,85,g,1,2013-12-23,2013-12-23
17241,2,1,"piece, cooked, excluding refuse (yield from 1 lb raw meat with refuse)",248,g,1,2013-12-23,2013-12-23
17242,1,1,oz,28.35,g,1,2013-12-23,2013-12-23
17242,2,1,lb,453.6,g,1,2013-12-23,2013-12-23
17243,1,3,oz,85,g,1,2013-12-23,2013-12-23
17243,2,1,"piece, cooked, excluding refuse (yield from 1 lb raw meat with refuse)",213,g,1,2013-12-23,2013-12-23
17244,1,3,oz,85,g,1,2013-12-23,2013-12-23
17244,2,1,"piece, cooked, excluding refuse (yield from 1 lb raw meat with refuse)",242,g,1,2013-12-23,2013-12-23
17245,1,3,oz,85,g,1,2013-12-23,2013-12-23
17245,2,1,"piece, cooked, excluding refuse (yield from 1 lb raw meat with refuse)",263,g,1,2013-12-23,2013-12-23
17246,1,1,oz,28.35,g,1,2013-12-23,2013-12-23
17246,2,1,"steak, excluding refuse (yield from 1 raw steak, with refuse, weighing 102 g)",84,g,1,2013-12-23,2013-12-23
17247,1,3,oz,85,g,1,2013-12-23,2013-12-23
17247,2,1,"steak, excluding refuse (yield from 1 raw steak, with refuse, weighing 102 g)",45,g,1,2013-12-23,2013-12-23
17248,1,3,oz,85,g,1,2013-12-23,2013-12-23
17248,2,1,"steak, excluding refuse (yield from 1 raw steak, with refuse, weighing 102 g)",59,g,1,2013-12-23,2013-12-23
17249,1,3,oz,85,g,1,2013-12-23,2013-12-23
17249,2,1,"piece, cooked, excluding refuse (yield from 1 lb raw meat with refuse)",284,g,1,2013-12-23,2013-12-23
17250,1,1,oz,28.35,g,1,2013-12-23,2013-12-23
17250,2,1,lb,453.6,g,1,2013-12-23,2013-12-23
17251,1,3,oz,85,g,1,2013-12-23,2013-12-23
17251,2,1,"piece, cooked, excluding refuse (yield from 1 lb raw meat with refuse)",207,g,1,2013-12-23,2013-12-23
17252,1,3,oz,85,g,1,2013-12-23,2013-12-23
17252,2,1,"piece, cooked, excluding refuse (yield from 1 lb raw meat with refuse)",250,g,1,2013-12-23,2013-12-23
17253,1,3,oz,85,g,1,2013-12-23,2013-12-23
17253,2,1,"piece, cooked, excluding refuse (yield from 1 lb raw meat with refuse)",256,g,1,2013-12-23,2013-12-23
17254,1,1,oz,28.35,g,1,2013-12-23,2013-12-23
17254,2,1,lb,453.6,g,1,2013-12-23,2013-12-23
17255,1,3,oz,85,g,1,2013-12-23,2013-12-23
17255,2,1,"piece, cooked, excluding refuse (yield from 1 lb raw meat with refuse)",242,g,1,2013-12-23,2013-12-23
17256,1,1,oz,28.35,g,1,2013-12-23,2013-12-23
17256,2,1,lb,453.6,g,1,2013-12-23,2013-12-23
17257,1,3,oz,85,g,1,2013-12-23,2013-12-23
17257,2,1,"piece, cooked, excluding refuse (yield from 1 lb raw meat with refuse)",168,g,1,2013-12-23,2013-12-23
17258,1,1,oz,28.35,g,1,2013-12-23,2013-12-23
17258,2,1,lb,453.6,g,1,2013-12-23,2013-12-23
17259,1,3,oz,85,g,1,2013-12-23,2013-12-23
17259,2,1,"piece, cooked, excluding refuse (yield from 1 lb raw meat with refuse)",253,g,1,2013-12-23,2013-12-23
17260,1,1,oz,28.35,g,1,2013-12-23,2013-12-23
17260,2,1,"chop, excluding refuse (yield from 1 raw chop, with refuse, weighing 85 g)",63,g,1,2013-12-23,2013-12-23
17261,1,3,oz,85,g,1,2013-12-23,2013-12-23
17261,2,1,"chop, excluding refuse (yield from 1 raw chop, with refuse, weighing 85 g)",42,g,1,2013-12-23,2013-12-23
17262,1,1,oz,28.35,g,1,2013-12-23,2013-12-23
17262,2,1,lb,453.6,g,1,2013-12-23,2013-12-23
17263,1,3,oz,85,g,1,2013-12-23,2013-12-23
17263,2,1,"piece, cooked, excluding refuse (yield from 1 lb raw meat with refuse)",233,g,1,2013-12-23,2013-12-23
17264,1,1,oz,28.35,g,1,2013-12-23,2013-12-23
17264,2,1,lb,453.6,g,1,2013-12-23,2013-12-23
17265,1,3,oz,85,g,1,2013-12-23,2013-12-23
17265,2,1,"piece, cooked, excluding refuse (yield from 1 lb raw meat with refuse)",233,g,1,2013-12-23,2013-12-23
17267,1,1,oz,28.35,g,1,2013-12-23,2013-12-23
17267,2,1,lb,453.6,g,1,2013-12-23,2013-12-23
17267,3,4,oz,113,g,1,2013-12-23,2013-12-23
17268,1,1,oz,28.35,g,1,2013-12-23,2013-12-23
17268,2,1,lb,453.6,g,1,2013-12-23,2013-12-23
17268,3,4,oz,113,g,1,2013-12-23,2013-12-23
17269,1,1,oz,28.35,g,1,2013-12-23,2013-12-23
17269,2,1,lb,453.6,g,1,2013-12-23,2013-12-23
17269,3,4,oz,113,g,1,2013-12-23,2013-12-23
17270,1,1,oz,28.35,g,1,2013-12-23,2013-12-23
17271,1,1,oz,28.35,g,1,2013-12-23,2013-12-23
17271,2,1,lb,453.6,g,1,2013-12-23,2013-12-23
17272,1,3,oz,85,g,1,2013-12-23,2013-12-23
17272,2,1,"piece, cooked, excluding refuse (yield from 1 lb raw meat with refuse)",283,g,1,2013-12-23,2013-12-23
17273,1,3,oz,85,g,1,2013-12-23,2013-12-23
17273,2,1,"piece, cooked, excluding refuse (yield from 1 lb raw meat with refuse)",291,g,1,2013-12-23,2013-12-23
17274,1,3,oz,85,g,1,2013-12-23,2013-12-23
17274,2,1,"piece, cooked, excluding refuse (yield from 1 lb raw meat with refuse)",274,g,1,2013-12-23,2013-12-23
17275,1,3,oz,85,g,1,2013-12-23,2013-12-23
17275,2,1,"piece, cooked, excluding refuse (yield from 1 lb raw meat with refuse)",237,g,1,2013-12-23,2013-12-23
17276,1,1,oz,28.35,g,1,2013-12-23,2013-12-23
17276,2,1,lb,453.6,g,1,2013-12-23,2013-12-23
17277,1,3,oz,85,g,1,2013-12-23,2013-12-23
17277,2,1,"piece, cooked, excluding refuse (yield from 1 lb raw meat with refuse)",194,g,1,2013-12-23,2013-12-23
17278,1,1,oz,28.35,g,1,2013-12-23,2013-12-23
17278,2,1,lb,453.6,g,1,2013-12-23,2013-12-23
17279,1,3,oz,85,g,1,2013-12-23,2013-12-23
17279,2,1,"piece, cooked, excluding refuse (yield from 1 lb raw meat with refuse)",223,g,1,2013-12-23,2013-12-23
17280,1,1,oz,28.35,g,1,2013-12-23,2013-12-23
17280,2,1,lb,453.6,g,1,2013-12-23,2013-12-23
17280,3,3,oz,85,g,1,2013-12-23,2013-12-23
17281,1,3,oz,85,g,1,2013-12-23,2013-12-23
17281,2,1,"piece, cooked, excluding refuse (yield from 1 lb raw meat with refuse)",270,g,1,2013-12-23,2013-12-23
17282,1,1,oz,28.35,g,1,2013-12-23,2013-12-23
17282,2,1,lb,453.6,g,1,2013-12-23,2013-12-23
17282,3,3,oz,85,g,1,2013-12-23,2013-12-23
17283,1,3,oz,85,g,1,2013-12-23,2013-12-23
17283,2,1,"piece, cooked, excluding refuse (yield from 1 lb raw meat with refuse)",236,g,1,2013-12-23,2013-12-23
17284,1,1,oz,28.35,g,1,2013-12-23,2013-12-23
17284,2,1,lb,453.6,g,1,2013-12-23,2013-12-23
17284,3,3,oz,85,g,1,2013-12-23,2013-12-23
17285,1,3,oz,85,g,1,2013-12-23,2013-12-23
17285,2,1,"piece, cooked, excluding refuse (yield from 1 lb raw meat with refuse)",248,g,1,2013-12-23,2013-12-23
17286,1,1,oz,28.35,g,1,2013-12-23,2013-12-23
17286,2,1,lb,453.6,g,1,2013-12-23,2013-12-23
17286,3,3,oz,85,g,1,2013-12-23,2013-12-23
17287,1,3,oz,85,g,1,2013-12-23,2013-12-23
17287,2,1,"piece, cooked, excluding refuse (yield from 1 lb raw meat with refuse)",211,g,1,2013-12-23,2013-12-23
17288,1,1,oz,28.35,g,1,2013-12-23,2013-12-23
17288,2,1,lb,453.6,g,1,2013-12-23,2013-12-23
17288,3,3,oz,85,g,1,2013-12-23,2013-12-23
17289,1,3,oz,85,g,1,2013-12-23,2013-12-23
17289,2,1,"piece, cooked, excluding refuse (yield from 1 lb raw meat with refuse)",180,g,1,2013-12-23,2013-12-23
17290,1,1,oz,28.35,g,1,2013-12-23,2013-12-23
17290,2,1,lb,453.6,g,1,2013-12-23,2013-12-23
17290,3,3,oz,85,g,1,2013-12-23,2013-12-23
17291,1,3,oz,85,g,1,2013-12-23,2013-12-23
17291,2,1,"piece, cooked, excluding refuse (yield from 1 lb raw meat with refuse)",284,g,1,2013-12-23,2013-12-23
17292,1,1,oz,28.35,g,1,2013-12-23,2013-12-23
17292,2,1,lb,453.6,g,1,2013-12-23,2013-12-23
17292,3,3,oz,85,g,1,2013-12-23,2013-12-23
17293,1,3,oz,85,g,1,2013-12-23,2013-12-23
17293,2,1,"piece, cooked, excluding refuse (yield from 1 lb raw meat with refuse)",251,g,1,2013-12-23,2013-12-23
17294,1,1,oz,28.35,g,1,2013-12-23,2013-12-23
17294,2,1,lb,453.6,g,1,2013-12-23,2013-12-23
17294,3,3,oz,85,g,1,2013-12-23,2013-12-23
17295,1,3,oz,85,g,1,2013-12-23,2013-12-23
17295,2,1,"piece, cooked, excluding refuse (yield from 1 lb raw meat with refuse)",277,g,1,2013-12-23,2013-12-23
17296,1,1,oz,28.35,g,1,2013-12-23,2013-12-23
17296,2,1,lb,453.6,g,1,2013-12-23,2013-12-23
17296,3,3,oz,85,g,1,2013-12-23,2013-12-23
17297,1,3,oz,85,g,1,2013-12-23,2013-12-23
17297,2,1,"piece, cooked, excluding refuse (yield from 1 lb raw meat with refuse)",246,g,1,2013-12-23,2013-12-23
17298,1,1,oz,28.35,g,1,2013-12-23,2013-12-23
17298,2,1,lb,453.6,g,1,2013-12-23,2013-12-23
17298,3,3,oz,85,g,1,2013-12-23,2013-12-23
17299,1,3,oz,85,g,1,2013-12-23,2013-12-23
17299,2,1,"piece, cooked, excluding refuse (yield from 1 lb raw meat with refuse)",306,g,1,2013-12-23,2013-12-23
17300,1,1,oz,28.35,g,1,2013-12-23,2013-12-23
17300,2,1,lb,453.6,g,1,2013-12-23,2013-12-23
17300,3,3,oz,85,g,1,2013-12-23,2013-12-23
17301,1,3,oz,85,g,1,2013-12-23,2013-12-23
17301,2,1,"piece, cooked, excluding refuse (yield from 1 lb raw meat with refuse)",259,g,1,2013-12-23,2013-12-23
17302,1,1,oz,28.35,g,1,2013-12-23,2013-12-23
17303,1,3,oz,85,g,1,2013-12-23,2013-12-23
17304,1,1,oz,28.35,g,1,2013-12-23,2013-12-23
17305,1,3,oz,85,g,1,2013-12-23,2013-12-23
17306,1,1,oz,28.35,g,1,2013-12-23,2013-12-23
17307,1,3,oz,85,g,1,2013-12-23,2013-12-23
17308,1,1,oz,28.35,g,1,2013-12-23,2013-12-23
17309,1,3,oz,85,g,1,2013-12-23,2013-12-23
17310,1,1,oz,28.35,g,1,2013-12-23,2013-12-23
17310,2,3,oz,85,g,1,2013-12-23,2013-12-23
17311,1,3,oz,85,g,1,2013-12-23,2013-12-23
17312,1,1,oz,28.35,g,1,2013-12-23,2013-12-23
17312,2,3,oz,85,g,1,2013-12-23,2013-12-23
17313,1,3,oz,85,g,1,2013-12-23,2013-12-23
17314,1,4,oz,113,g,1,2013-12-23,2019-02-13
17314,2,1,chop,63,g,1,2013-12-23,2016-02-06
17315,1,3,oz,85,g,1,2013-12-23,2013-12-23
17315,2,1,chop,54,g,1,2013-12-23,2016-02-06
17316,1,4,oz,113,g,1,2013-12-23,2019-02-13
17316,2,1,chop,63,g,1,2013-12-23,2016-02-06
17316,3,3,oz,85,g,1,2013-12-23,2013-12-23
17317,1,3,oz,85,g,1,2013-12-23,2013-12-23
17317,2,1,"piece, cooked, excluding refuse (yield from 1 lb raw meat with refuse)",241,g,1,2013-12-23,2013-12-23
17317,3,1,chop,54,g,1,2016-02-06,2016-02-06
17318,1,1,oz,28.35,g,1,2013-12-23,2013-12-23
17318,2,1,lb,453.6,g,1,2013-12-23,2013-12-23
17318,3,3,oz,85,g,1,2013-12-23,2013-12-23
17319,1,3,oz,85,g,1,2013-12-23,2013-12-23
17319,2,1,"piece, cooked, excluding refuse (yield from 1 lb raw meat with refuse)",262,g,1,2013-12-23,2013-12-23
17320,1,1,oz,28.35,g,1,2013-12-23,2013-12-23
17320,2,1,lb,453.6,g,1,2013-12-23,2013-12-23
17320,3,3,oz,85,g,1,2013-12-23,2013-12-23
17321,1,3,oz,85,g,1,2013-12-23,2013-12-23
17321,2,1,"piece, cooked, excluding refuse (yield from 1 lb raw meat with refuse)",222,g,1,2013-12-23,2013-12-23
17322,1,1,oz,28.35,g,1,2013-12-23,2013-12-23
17322,2,3,oz,85,g,1,2013-12-23,2013-12-23
17323,1,3,oz,85,g,1,2013-12-23,2013-12-23
17324,1,1,oz,28.35,g,1,2013-12-23,2013-12-23
17324,2,3,oz,85,g,1,2013-12-23,2013-12-23
17325,1,3,oz,85,g,1,2013-12-23,2013-12-23
17326,1,1,oz,28.35,g,1,2013-12-23,2013-12-23
17326,2,1,lb,453.6,g,1,2013-12-23,2013-12-23
17326,3,3,oz,85,g,1,2013-12-23,2013-12-23
17327,1,3,oz,85,g,1,2013-12-23,2013-12-23
17327,2,1,"piece, cooked, excluding refuse (yield from 1 lb raw meat with refuse)",273,g,1,2013-12-23,2013-12-23
17328,1,1,oz,28.35,g,1,2013-12-23,2013-12-23
17328,2,1,lb,453.6,g,1,2013-12-23,2013-12-23
17328,3,3,oz,85,g,1,2013-12-23,2013-12-23
17329,1,3,oz,85,g,1,2013-12-23,2013-12-23
17329,2,1,"piece, cooked, excluding refuse (yield from 1 lb raw meat with refuse)",233,g,1,2013-12-23,2013-12-23
17330,1,1,serving ( 3 oz ),85,g,1,2013-12-23,2013-12-23
17330,2,1,patty,113,g,1,2013-12-23,2013-12-23
17331,1,1,patty ( yield from 112.7 g raw meat ),87,g,1,2013-12-23,2013-12-23
17331,2,1,serving ( 3 oz ),85,g,1,2013-12-23,2013-12-23
17332,1,1,serving ( 3 oz ),85,g,1,2013-12-23,2013-12-23
17332,2,1,steak ( yield from 309.7 g raw meat ),194,g,1,2013-12-23,2013-12-23
17333,1,1,serving ( 3 oz ),85,g,1,2013-12-23,2013-12-23
17333,2,1,roast ( yield from 1247 g raw meat ) ( 3 to 5 lb roast),774,g,1,2013-12-23,2016-02-06
17334,1,1,serving ( 3 oz ),85,g,1,2013-12-23,2013-12-23
17334,2,1,roast (3 to 5 lb roast),1237,g,1,2013-12-23,2016-02-06
17335,1,1,serving ( 3 oz ),85,g,1,2013-12-23,2013-12-23
17335,2,1,steak ( yield from 232.8 g raw meat ),179,g,1,2013-12-23,2013-12-23
17336,1,1,serving ( 3 oz ),85,g,1,2013-12-23,2013-12-23
17336,2,1,steak,180,g,1,2013-12-23,2013-12-23
17337,1,1,serving ( 3 oz ),85,g,1,2013-12-23,2013-12-23
17337,2,1,steak,489,g,1,2013-12-23,2013-12-23
17338,1,1,patty ( yield from 102.2 g raw meat ),102,g,1,2013-12-23,2013-12-23
17339,1,1,patty ( yield from 104.1 g raw meat ),95,g,1,2013-12-23,2013-12-23
17339,2,1,serving ( 3 oz ),85,g,1,2013-12-23,2013-12-23
17340,1,1,steak ( yield from 148.1 g raw meat ),114,g,1,2013-12-23,2013-12-23
17340,2,1,serving ( 3 oz ),85,g,1,2013-12-23,2013-12-23
17341,1,1,serving ( 3 oz ),85,g,1,2013-12-23,2013-12-23
17341,2,1,steak ( yield from 233.1 g raw meat ),176,g,1,2013-12-23,2013-12-23
17342,1,1,steak ( yield from 123.5 g raw meat ),92,g,1,2013-12-23,2013-12-23
17342,2,1,serving ( 3 oz ),85,g,1,2013-12-23,2013-12-23
17343,1,1,patty (cooked from 4 oz raw),85,g,1,2013-12-23,2013-12-23
17343,2,1,oz,28.35,g,1,2013-12-23,2013-12-23
17344,1,1,patty,93,g,1,2013-12-23,2013-12-23
17344,2,1,serving ( 3 oz ),85,g,1,2013-12-23,2013-12-23
17345,1,1,steak,54,g,1,2013-12-23,2013-12-23
17345,2,1,serving ( 3 oz ),85,g,1,2013-12-23,2013-12-23
17346,1,1,serving ( 3 oz ),85,g,1,2013-12-23,2013-12-23
17346,2,1,roast (3 to 5 lb roast),293,g,1,2013-12-23,2016-02-06
17347,1,1,serving ( 3 oz ),85,g,1,2013-12-23,2013-12-23
17347,2,1,roast ( yield from 271.8 g raw meat ) (0.5 to 1 lb roast),202,g,1,2013-12-23,2016-02-06
17348,1,1,steak ( yield from 134.9 g raw meat ),102,g,1,2013-12-23,2013-12-23
17348,2,1,serving ( 3 oz ),85,g,1,2013-12-23,2013-12-23
17349,1,4,oz,113,g,1,2013-02-22,2019-02-13
17349,2,1,roast with bone,235,g,1,2013-12-23,2013-12-23
17350,1,4,oz,113,g,1,2013-02-22,2019-02-13
17350,2,1,roast with bone,235,g,1,2013-12-23,2013-12-23
17351,1,4,oz,113,g,1,2013-02-22,2019-02-13
17351,2,1,roast with bone,330,g,1,2013-12-23,2013-12-23
17352,1,3,oz,85,g,1,2013-02-22,2013-12-26
17352,2,1,roast with bone,330,g,1,2013-12-23,2013-12-23
17353,1,1,serving (4 oz),113,g,1,2013-02-22,2013-02-22
17354,1,3,oz,85,g,1,2019-02-13,2019-02-13
17357,1,3,oz,85,g,1,2015-01-06,2015-01-06
17358,1,4,oz,113,g,1,2015-01-06,2015-01-06
17359,1,3,oz,85,g,1,2015-01-06,2015-01-06
17360,1,4,oz,113,g,1,2015-01-06,2015-01-06
17361,1,3,oz,85,g,1,2015-01-06,2015-01-06
17362,1,3,oz,85,g,1,2019-02-13,2019-02-13
17363,1,4,oz,113,g,1,2015-01-06,2015-01-06
17364,1,3,oz,85,g,1,2015-01-06,2015-01-06
17365,1,3,oz,85,g,1,2015-01-06,2015-01-06
17366,1,4,oz,113,g,1,2015-01-06,2015-01-06
17367,1,4,oz,113,g,1,2015-01-06,2015-01-06
17368,1,3,oz,85,g,1,2015-01-06,2015-01-06
17369,1,4,oz,113,g,1,2015-01-06,2015-01-06
17370,1,3,oz,85,g,1,2015-01-06,2015-01-06
17371,1,4,oz,113,g,1,2015-01-06,2015-01-06
17372,1,3,oz,85,g,1,2015-01-06,2015-01-06
17373,1,4,oz,113,g,1,2015-01-06,2015-01-06
17374,1,3,oz,85,g,1,2015-01-06,2015-01-06
17375,1,4,oz,113,g,1,2015-01-06,2015-01-06
17376,1,3,oz,85,g,1,2015-01-06,2015-01-06
17377,1,4,oz,113,g,1,2015-01-06,2015-01-06
17378,1,3,oz,85,g,1,2015-01-06,2015-01-06
17379,1,4,oz,113,g,1,2015-01-06,2015-01-06
17380,1,3,oz,85,g,1,2015-01-06,2015-01-06
17381,1,4,oz,113,g,1,2015-01-06,2015-01-06
17382,1,3,oz,85,g,1,2015-01-06,2015-01-06
17383,1,4,oz,113,g,1,2015-01-06,2015-01-06
17384,1,3,oz,85,g,1,2015-01-06,2015-01-06
17385,1,4,oz,113,g,1,2015-01-06,2015-01-06
17386,1,3,oz,85,g,1,2015-01-06,2015-01-06
17387,1,4,oz,113,g,1,2015-01-06,2015-01-06
17388,1,3,oz,85,g,1,2015-01-06,2015-01-06
17389,1,4,oz,113,g,1,2015-01-06,2015-01-06
17390,1,3,oz,85,g,1,2015-01-06,2015-01-06
17391,1,4,oz,113,g,1,2015-01-06,2015-01-06
17392,1,4,oz,113,g,1,2015-01-06,2015-01-06
17393,1,3,oz,85,g,1,2015-01-06,2015-01-06
17394,1,3,oz,85,g,1,2015-01-06,2015-01-06
17395,1,4,oz,113,g,1,2015-01-06,2015-01-06
17396,1,3,oz,85,g,1,2015-01-06,2015-01-06
17397,1,4,oz,113,g,1,2015-01-06,2015-01-06
17398,1,3,oz,85,g,1,2015-01-06,2015-01-06
17399,1,3,oz,85,g,1,2015-01-06,2015-01-06
17400,1,3,oz,85,g,1,2015-01-06,2015-01-06
17401,1,3,oz,85,g,1,2015-01-06,2015-01-06
17402,1,4,oz,113,g,1,2015-01-06,2015-01-06
17403,1,3,oz,85,g,1,2015-01-06,2015-01-06
17404,1,4,oz,113,g,1,2015-01-06,2015-01-06
17405,1,3,oz,85,g,1,2015-01-06,2015-01-06
17406,1,3,oz,85,g,1,2015-01-06,2015-01-06
17407,1,3,oz,85,g,1,2015-01-06,2015-01-06
17408,1,4,oz,113,g,1,2015-01-06,2015-01-06
17409,1,3,oz,85,g,1,2015-01-06,2015-01-06
17410,1,4,oz,113,g,1,2015-01-06,2015-01-06
17411,1,3,oz,85,g,1,2015-01-06,2015-01-06
17412,1,4,oz,113,g,1,2015-01-06,2015-01-06
17413,1,3,oz,85,g,1,2015-01-06,2015-01-06
17414,1,4,oz,113,g,1,2015-01-06,2015-01-06
17415,1,3,oz,85,g,1,2015-01-06,2015-01-06
17416,1,4,oz,113,g,1,2015-01-06,2015-01-06
17417,1,3,oz,85,g,1,2015-01-06,2015-01-06
17418,1,3,oz,85,g,1,2015-01-06,2015-01-06
17419,1,3,oz,85,g,1,2015-01-06,2015-01-06
17420,1,4,oz,113,g,1,2015-01-06,2015-01-06
17421,1,3,oz,85,g,1,2015-01-06,2015-01-06
17422,1,4,oz,113,g,1,2015-01-06,2015-01-06
17423,1,4,oz,113,g,1,2015-01-06,2015-01-06
17424,1,3,oz,85,g,1,2015-01-06,2015-01-06
17425,1,3,oz,85,g,1,2015-01-06,2015-01-06
17425,2,1,cutlet,44,g,1,2015-01-06,2015-01-06
17426,1,4,oz,113,g,1,2015-01-06,2019-02-13
17426,2,1,cutlet,55,g,1,2015-01-06,2015-01-06
17426,3,1,serving,113,g,1,2015-01-06,2015-01-06
17427,1,3,oz,85,g,1,2015-01-06,2015-01-06
17427,2,1,chop,153,g,1,2015-01-06,2015-01-06
17428,1,4,oz,113,g,1,2015-01-06,2019-02-13
17428,2,1,serving,113,g,1,2015-01-06,2015-01-06
17428,3,1,shank whole,1270,g,1,2015-01-06,2015-01-06
17429,1,3,oz,85,g,1,2015-01-06,2015-01-06
17429,2,1,shank cross cut,187,g,1,2015-01-06,2015-01-06
17430,1,3,oz,85,g,1,2015-01-06,2015-01-06
17430,2,1,chop,352,g,1,2015-01-06,2015-01-06
17431,1,4,oz,113,g,1,2019-02-13,2019-02-13
17432,1,3,oz,85,g,1,2019-02-13,2019-02-13
17433,1,4,oz,113,g,1,2019-02-13,2019-02-13
17434,1,3,oz,85,g,1,2019-02-13,2019-02-13
17435,1,4,oz,113,g,1,2015-01-06,2019-02-13
17435,2,1,serving,113,g,1,2015-01-06,2015-01-06
17435,3,1,shank whole,1270,g,1,2015-01-06,2015-01-06
17436,1,3,oz,85,g,1,2015-01-06,2015-01-06
17436,2,1,shank cross cut,187,g,1,2015-01-06,2015-01-06
17437,1,3,oz,85,g,1,2015-01-06,2015-01-06
17437,2,1,chop,153,g,1,2015-01-06,2015-01-06
17438,1,3,oz,85,g,1,2015-01-06,2015-01-06
17438,2,1,chop,352,g,1,2015-01-06,2015-01-06
17439,1,3,oz,85,g,1,2016-02-06,2016-02-06
17439,2,1,"leg bottom, boneless",723,g,1,2016-02-06,2016-02-06
17440,1,3,oz,85,g,1,2016-02-06,2016-02-06
17440,2,1,"leg hindshank, heel on",418,g,1,2016-02-06,2016-02-06
17441,1,4,oz,113,g,1,2016-02-06,2019-02-13
17441,2,1,"leg hindshank, heel on",530,g,1,2016-02-06,2016-02-06
17442,1,3,oz,85,g,1,2016-02-06,2016-02-06
17442,2,1,roast,121,g,1,2016-02-06,2016-02-06
17443,1,4,oz,113,g,1,2016-02-06,2019-02-13
17443,2,1,roast,146,g,1,2016-02-06,2016-02-06
17444,1,4,oz,113,g,1,2016-02-06,2019-02-13
17444,2,1,"leg bottom, boneless",989,g,1,2016-02-06,2016-02-06
17445,1,3,oz,85,g,1,2016-02-06,2016-02-06
17445,2,1,leg trotter off,1808,g,1,2016-02-06,2016-02-06
17446,1,4,oz,113,g,1,2016-02-06,2019-02-13
17446,2,1,leg trotter off,2674,g,1,2016-02-06,2016-02-06
17447,1,3,oz,85,g,1,2016-02-06,2016-02-06
17447,2,1,roast,329,g,1,2016-02-06,2016-02-06
17448,1,3,oz,85,g,1,2016-02-06,2016-02-06
17448,2,1,roast,447,g,1,2016-02-06,2016-02-06
17449,1,3,oz,85,g,1,2016-02-06,2016-02-06
17450,1,4,oz,113,g,1,2019-02-13,2019-02-13
17452,1,4,oz,113,g,1,2019-02-13,2019-02-13
17453,1,3,oz,85,g,1,2016-02-06,2016-02-06
17453,2,1,"leg bottom, boneless",723,g,1,2016-02-06,2016-02-06
17454,1,4,oz,113,g,1,2016-02-06,2019-02-13
17454,2,1,"leg bottom, boneless",989,g,1,2016-02-06,2016-02-06
17455,1,3,oz,85,g,1,2016-02-06,2016-02-06
17455,2,1,"leg hindshank, heel on",418,g,1,2016-02-06,2016-02-06
17456,1,4,oz,113,g,1,2016-02-06,2019-02-13
17456,2,1,"leg hindshank, heel on",530,g,1,2016-02-06,2016-02-06
17457,1,3,oz,85,g,1,2016-02-06,2016-02-06
17457,2,1,leg trotter off,1808,g,1,2016-02-06,2016-02-06
17458,1,4,oz,113,g,1,2016-02-06,2019-02-13
17458,2,1,leg trotter off,2674,g,1,2016-02-06,2016-02-06
17459,1,3,oz,85,g,1,2016-02-06,2016-02-06
17459,2,1,roast,121,g,1,2016-02-06,2016-02-06
17460,1,4,oz,113,g,1,2016-02-06,2019-02-13
17460,2,1,roast,146,g,1,2016-02-06,2016-02-06
17461,1,3,oz,85,g,1,2016-02-06,2016-02-06
17461,2,1,chop,43,g,1,2016-02-06,2016-02-06
17462,1,3,oz,85,g,1,2016-02-06,2016-02-06
17462,2,1,roast,329,g,1,2016-02-06,2016-02-06
17463,1,3,oz,85,g,1,2016-02-06,2016-02-06
17463,2,1,roast,447,g,1,2016-02-06,2016-02-06
17464,1,3,oz,85,g,1,2016-02-06,2016-02-06
17464,2,1,chop,43,g,1,2016-02-06,2016-02-06
18001,1,1,bagel,99,g,1,1997-08-29,2015-01-07
18001,2,1,"mini bagel (2-1/2"" dia)",26,g,1,2013-12-23,2015-01-07
18001,3,1,"small bagel (3"" dia)",69,g,1,2013-12-23,2015-01-07
18001,4,1,"medium bagel (3-1/2"" to 4"" dia)",105,g,1,2013-12-23,2015-01-07
18001,5,1,"large bagel (4-1/2"")",131,g,1,2002-09-06,2015-01-07
18001,6,1,oz,28.35,g,1,2015-01-06,2015-01-06
18002,1,1,"mini bagel (2-1/2"" dia)",24,g,1,1997-08-29,2010-03-24
18002,2,1,"small bagel (3"" dia)",65,g,1,2013-12-23,2013-12-23
18002,3,1,"medium bagel (3-1/2"" to 4"" dia)",99,g,1,2013-12-23,2013-12-23
18002,4,1,"large bagel (4-1/2"")",123,g,1,2013-12-23,2013-12-23
18002,5,1,OZ,28.35,g,1,2002-09-06,2010-01-04
18003,1,1,oz,28.35,g,1,1997-08-29,2011-01-18
18003,2,1,"mini bagel (2-1/2"" dia)",26,g,1,1994-01-31,2011-01-18
18003,3,1,"small bagel (3"" dia)",69,g,1,2002-09-06,2011-01-18
18003,4,1,"medium bagel (3-1/2"" to 4"" dia)",105,g,1,2002-09-06,2011-01-18
18003,5,1,"large bagel (4-1/2"" dia)",131,g,1,2002-09-06,2011-01-18
18005,1,1,"mini bagel (2-1/2"" dia)",26,g,1,1997-08-29,2010-03-24
18005,2,1,"small bagel (3"" dia)",69,g,1,2013-12-23,2013-12-23
18005,3,1,"medium bagel (3-1/2"" to 4"" dia)",105,g,1,2013-12-23,2013-12-23
18005,4,1,"large bagel (4-1/2"" dia)",131,g,1,2013-12-23,2013-12-23
18005,5,1,OZ,28.35,g,1,2002-09-06,2010-01-04
18006,1,1,"mini bagel (2-1/2"" dia)",24,g,1,1997-08-29,2010-03-24
18006,2,1,"small bagel (3-1/2"" to 4""dia)",65,g,1,2013-12-23,2013-12-23
18006,3,1,"medium bagel (4"" dia)",99,g,1,2013-12-23,2013-12-23
18006,4,1,"large bagel (4-1/2"" dia)",123,g,1,2013-12-23,2013-12-23
18006,5,1,oz,28.35,g,1,2013-12-23,2013-12-23
18007,1,1,"mini bagel (2-1/2"" dia)",26,g,1,1997-08-29,2010-03-24
18007,2,1,"small bagel (3"" dia)",69,g,1,2013-12-23,2013-12-23
18007,3,1,"medium bagel (3-1/2"" to 4"" dia)",105,g,1,2013-12-23,2013-12-23
18007,4,1,"large bagel (4-1/2"" dia)",131,g,1,2013-12-23,2013-12-23
18007,5,1,OZ,28.35,g,1,2002-09-06,2010-01-04
18009,1,1,oz,28.35,g,1,1997-08-29,2006-11-30
18009,2,1,large,77,g,1,2013-12-23,2013-12-23
18009,3,1,medium,51,g,1,1998-01-15,2011-01-18
18009,4,1,small,35,g,1,2002-09-06,2011-01-18
18009,5,1,"biscuit (2-1/2"" dia)",35,g,1,2002-09-06,2011-01-18
18010,1,1,"cup, purchased",120,g,1,2013-12-23,2013-12-23
18010,2,1,"cup, homemade",114,g,1,2013-12-23,2013-12-23
18010,3,1,"cup, poured from box",128,g,1,2013-12-23,2013-12-23
18010,4,1,"cup, spooned into cup",120,g,1,2013-12-23,2013-12-23
18010,5,0.33,cup (NLEA serving size),40,g,1,2013-12-23,2013-12-23
18010,6,1,oz,28.35,g,1,2013-12-23,2013-12-23
18011,1,1,oz,28.35,g,1,1997-08-29,2006-11-30
18012,1,1,serving 1 biscuit,58,g,1,2013-12-23,2013-12-23
18012,2,1,oz,28.35,g,1,2013-12-23,2013-12-23
18013,1,1,oz,28.35,g,1,1997-08-29,2006-11-30
18013,2,1,"biscuit (2-1/4"" dia)",21,g,1,1998-01-15,2006-11-30
18014,1,1,biscuit,58,g,1,2013-12-23,2013-12-23
18014,2,1,biscuit,43,g,1,2013-12-23,2013-12-23
18014,3,1,package,398,g,1,2013-12-23,2013-12-23
18014,4,1,oz,28.35,g,1,2013-12-23,2013-12-23
18015,1,1,biscuit,51,g,1,1997-08-29,2015-01-07
18015,2,1,"biscuit (2-1/2"" dia)",27,g,1,1994-01-31,2006-11-30
18015,3,1,oz,28.35,g,1,2015-01-06,2015-01-06
18016,1,1,oz,28.35,g,1,2013-12-23,2013-12-23
18016,2,1,"biscuit (4"" dia)",101,g,1,2013-12-23,2013-12-23
18016,3,1,"small (1-1/2"" dia)",14,g,1,2013-12-23,2013-12-23
18016,4,1,"biscuit (2-1/2"" dia)",60,g,1,2013-12-23,2013-12-23
18017,1,1,oz,28.35,g,1,2013-12-23,2013-12-23
18017,2,1,"biscuit (2-1/2"" dia)",44,g,1,2013-12-23,2013-12-23
18019,1,1,oz,28.35,g,1,2013-12-23,2013-12-23
18019,2,1,individual loaf (include Keebler Elfin Loaves),57,g,1,2013-12-23,2013-12-23
18019,3,1,slice,60,g,1,2013-12-23,2013-12-23
18021,1,1,oz,28.35,g,1,2013-12-23,2013-12-23
18021,2,1,slice,45,g,1,2013-12-23,2013-12-23
18022,1,1,oz,28.35,g,1,2013-12-23,2013-12-23
18022,2,1,package (8.5 oz),241,g,1,2013-12-23,2013-12-23
18023,1,1,muffin,51,g,1,1994-01-31,2015-01-07
18023,2,1,piece,60,g,1,1997-08-29,2006-11-30
18023,3,1,oz,28.35,g,1,2013-12-23,2013-12-23
18024,1,1,oz,28.35,g,1,2013-12-23,2013-12-23
18024,2,1,piece,65,g,1,2013-12-23,2013-12-23
18025,1,1,oz,28.35,g,1,1997-08-29,2006-11-30
18025,2,1,cubic inch,3.2,g,1,1994-09-29,2006-11-30
18025,3,1,"slice, large or thick",30,g,1,2002-09-06,2006-11-30
18025,4,1,"slice, regular",25,g,1,2002-09-06,2006-11-30
18025,5,1,"slice regular, crust not eaten",12.2,g,1,2002-09-06,2006-11-30
18025,6,1,slice,25,g,1,2002-09-06,2006-11-30
18025,7,1,"slice, thin",20,g,1,2002-09-06,2006-11-30
18025,8,1,"slice thin, crust not eaten",9.4,g,1,2002-09-06,2006-11-30
18027,1,1,oz,28.35,g,1,1997-08-29,2006-11-30
18027,2,1,"slice (5"" x 3"" x 1/2"")",40,g,1,1994-01-31,2006-11-30
18028,1,1,oz,28.35,g,1,1997-08-29,2006-11-30
18028,2,1,"slice (5"" x 3"" x 1/2"")",37,g,1,1994-01-31,2006-11-30
18029,1,1,oz,28.35,g,1,1997-08-29,2011-01-18
18029,2,1,slice,139,g,1,1994-09-29,2015-01-07
18030,1,1,oz,28.35,g,1,1997-08-29,2011-01-18
18030,2,1,"slice, small",29,g,1,1994-09-29,2011-01-18
18030,3,1,"slice, medium",59,g,1,2002-09-06,2011-01-18
18030,4,1,"slice, large",88,g,1,2002-09-06,2011-01-18
18032,1,1,oz,28.35,g,1,1994-01-31,2006-11-30
18033,1,1,oz,28.35,g,1,1997-08-29,2006-11-30
18033,2,1,slice,29,g,1,1994-09-29,2019-02-13
18036,1,1,oz,28.35,g,1,1997-08-29,2006-11-30
18036,2,1,slice regular,24,g,1,1994-01-31,2009-02-11
18036,3,1,slice large,38,g,1,2002-09-06,2009-02-11
18037,1,1,oz,28.35,g,1,1994-01-31,2006-11-30
18037,2,1,slice,30,g,1,1997-08-29,2006-11-30
18038,1,1,oz,28.35,g,1,1994-01-31,2006-11-30
18038,2,1,slice,27,g,1,1997-08-29,2006-11-30
18039,1,1,oz,28.35,g,1,1994-01-31,2006-11-30
18039,2,1,slice,27,g,1,1997-08-29,2006-11-30
18040,1,1,oz,28.35,g,1,1994-01-31,2006-11-30
18040,2,1,slice,25,g,1,1997-08-29,2006-11-30
18041,1,1,"pita, large (6-1/2"" dia)",60,g,1,1994-01-31,2006-11-30
18041,2,1,"pita, small  (4"" dia)",28,g,1,2002-09-06,2006-11-30
18042,1,1,"pita, large (6-1/2"" dia)",64,g,1,1994-01-31,2006-11-30
18042,2,1,"pita, small  (4"" dia)",28,g,1,2002-09-06,2006-11-30
18043,1,1,oz,28.35,g,1,2013-12-23,2013-12-23
18043,2,1,slice,19,g,1,2013-12-23,2013-12-23
18044,1,1,oz,28.35,g,1,1997-08-29,2006-11-30
18044,2,1,"slice, regular",26,g,1,1994-10-19,2006-11-30
18044,3,1,"slice, snack-size",7,g,1,2002-09-06,2006-11-30
18044,4,1,"slice, thin",20,g,1,2002-09-06,2006-11-30
18044,5,1,"slice (5"" x 4"" x 3/8"")",32,g,1,2002-09-06,2006-11-30
18047,1,1,oz,28.35,g,1,1997-08-29,2006-11-30
18047,2,1,"slice, large",32,g,1,1994-09-29,2006-11-30
18047,3,1,slice,26,g,1,2002-09-06,2006-11-30
18047,4,1,"slice, thin",23,g,1,2002-09-06,2006-11-30
18048,1,1,oz,28.35,g,1,1997-08-29,2006-11-30
18048,2,1,"slice, large",29,g,1,1994-09-29,2006-11-30
18048,3,1,slice,24,g,1,2002-09-06,2006-11-30
18048,4,1,"slice, thin",21,g,1,2002-09-06,2006-11-30
18049,1,1,oz,28.35,g,1,2013-12-23,2013-12-23
18049,2,1,slice,23,g,1,2013-12-23,2013-12-23
18050,1,1,oz,28.35,g,1,2013-12-23,2013-12-23
18050,2,1,slice,19,g,1,2013-12-23,2013-12-23
18051,1,1,oz,28.35,g,1,2013-12-23,2013-12-23
18051,2,1,slice,23,g,1,2013-12-23,2013-12-23
18053,1,1,oz,28.35,g,1,2013-12-23,2013-12-23
18053,2,1,slice,23,g,1,2013-12-23,2013-12-23
18053,3,1,"slice, thick",32,g,1,2013-12-23,2013-12-23
18053,4,1,"slice, thin",20,g,1,2013-12-23,2013-12-23
18055,1,1,oz,28.35,g,1,1996-09-30,2006-11-30
18055,2,1,slice,21,g,1,1998-01-15,2012-03-02
18057,1,1,oz,28.35,g,1,1996-09-30,2006-11-30
18057,2,1,slice,23,g,1,1998-01-15,2006-11-30
18059,1,1,oz,28.35,g,1,1994-01-31,2006-11-30
18059,2,1,slice,27,g,1,1997-08-29,2006-11-30
18060,1,1,oz,28.35,g,1,1997-08-29,2006-11-30
18060,2,1,"slice, regular",32,g,1,1994-09-29,2010-03-24
18060,3,1,"slice, snack-size",7,g,1,2002-09-06,2006-11-30
18060,4,1,"slice, thin",25,g,1,2002-09-06,2010-03-24
18061,1,1,oz,28.35,g,1,1997-08-29,2006-11-30
18061,2,1,"slice, large",29,g,1,1994-10-19,2006-11-30
18061,3,1,"slice, regular",24,g,1,2002-09-06,2006-11-30
18061,4,1,"slice, thin",18,g,1,2002-09-06,2006-11-30
18064,1,1,slice,29,g,1,1994-01-31,2019-02-13
18065,1,1,oz,28.35,g,1,1994-01-31,2006-11-30
18065,2,1,slice,24,g,1,1997-08-29,2006-11-30
18069,1,1,slice,29,g,1,1997-08-29,2015-06-19
18069,2,1,oz,28.35,g,1,1994-01-31,2012-03-02
18069,3,1,"cup, crumbs",45,g,1,2002-09-06,2012-03-02
18069,4,1,"cup, cubes",35,g,1,2002-09-06,2012-03-02
18069,5,1,"slice, large",30,g,1,2002-09-06,2012-03-02
18069,6,1,slice,25,g,1,2002-09-06,2012-03-02
18069,7,1,slice crust not eaten,12,g,1,2002-09-06,2012-03-02
18069,8,1,"slice, thin",20,g,1,2002-09-06,2012-03-02
18069,9,1,"slice thin, crust not eaten",9,g,1,2002-09-06,2012-03-02
18069,10,1,"slice, very thin",15,g,1,2013-12-23,2013-12-23
18070,1,1,oz,28.35,g,1,1997-08-29,2011-01-18
18070,2,1,"cup, crumbs",45,g,1,1994-09-29,2011-01-18
18070,3,1,"cup, cubes",42,g,1,2002-09-06,2011-01-18
18070,4,1,"slice, large",27,g,1,2002-09-06,2006-11-30
18070,5,1,slice crust not eaten,11,g,1,2002-09-06,2006-11-30
18070,6,1,"slice, thin",17,g,1,2002-09-06,2006-11-30
18070,7,1,"slice thin, crust not eaten",8,g,1,2002-09-06,2006-11-30
18070,8,1,"slice, very thin",13,g,1,2002-09-06,2006-11-30
18070,9,1,slice,22,g,1,2002-09-06,2006-11-30
18071,1,1,oz,28.35,g,1,2013-12-23,2013-12-23
18071,2,1,slice,44,g,1,2013-12-23,2013-12-23
18073,1,1,oz,28.35,g,1,2013-12-23,2013-12-23
18073,2,1,slice,42,g,1,2013-12-23,2013-12-23
18073,3,1,"slice, thin (3-3/4"" x 5"" x 3/8"")",33,g,1,2013-12-23,2013-12-23
18075,1,1,slice,32,g,1,1994-01-31,2013-12-26
18075,2,1,oz,28.35,g,1,1997-08-29,2013-12-26
18076,1,1,oz,28.35,g,1,1994-01-31,2006-11-30
18076,2,1,slice,25,g,1,1997-08-29,2006-11-30
18077,1,1,oz,28.35,g,1,2013-12-23,2013-12-23
18077,2,1,"slice, regular (4"" x 5"" x 3/4"")",46,g,1,2013-12-23,2013-12-23
18077,3,1,"slice, thin (3-3/4"" x 5"" x 3/8"")",33,g,1,2013-12-23,2013-12-23
18078,1,1,oz,28.35,g,1,2013-12-23,2013-12-23
18078,2,1,slice,42,g,1,2013-12-23,2013-12-23
18078,3,1,"slice, thin (3-3/4"" x 5"" x 3/8"")",30,g,1,2013-12-23,2013-12-23
18079,1,1,oz,28.35,g,1,1994-01-31,2011-01-18
18079,2,1,cup,108,g,1,1997-08-29,2011-01-18
18080,1,1,"cup, small pieces",46,g,1,1994-09-29,2006-11-30
18080,2,1,"stick, small (approx 4-1/4"" long)",5,g,1,1999-03-22,2006-11-30
18080,3,1,"stick (7-5/8"" x 5/8"")",10,g,1,2002-09-06,2006-11-30
18080,4,1,"stick (9-1/4"" x 3/8"")",6,g,1,2002-09-06,2006-11-30
18081,1,1,oz,28.35,g,1,1997-08-29,2006-11-30
18081,2,1,package (6 oz),170,g,1,1994-11-17,2006-11-30
18082,1,1,oz,28.35,g,1,1997-08-29,2006-11-30
18082,2,0.5,cup,100,g,1,2015-01-06,2015-01-06
18084,1,1,oz,28.35,g,1,1997-08-29,2006-11-30
18084,2,1,package (6 oz),170,g,1,1994-11-17,2006-11-30
18085,1,1,oz,28.35,g,1,1997-08-29,2006-11-30
18085,2,0.5,cup,100,g,1,2015-01-06,2015-01-06
18086,1,1,piece (1/12 of 12 oz cake),28,g,1,1994-01-31,2006-11-30
18086,2,1,"cake (9"" dia x 4"")",340,g,1,1997-08-29,2006-11-30
18088,1,1,"piece (1/12 of 10"" dia)",50,g,1,1994-01-31,2006-11-30
18088,2,1,"tube cake (10"" dia, 4-3/8"" high)",596,g,1,2002-09-06,2006-11-30
18090,1,1,oz,28.35,g,1,2013-12-23,2013-12-23
18090,2,1,piece (1/6 of pie),92,g,1,2013-12-23,2013-12-23
18092,1,1,oz,28.35,g,1,2013-12-23,2013-12-23
18092,2,1,package (18 oz),510,g,1,2013-12-23,2013-12-23
18095,1,1,oz,28.35,g,1,2013-12-23,2013-12-23
18095,2,1,piece (1/8 cake),71,g,1,2013-12-23,2013-12-23
18096,1,1,piece (1/12 of a cake),138,g,1,1997-08-29,2012-03-02
18096,2,1,cake,1660,g,1,1994-01-31,2012-03-02
18096,3,1,piece (1/8 of 18 oz cake),64,g,1,2013-12-23,2013-12-23
18096,4,1,oz,28.35,g,1,2013-12-23,2013-12-23
18097,1,1,oz,28.35,g,1,2013-12-23,2013-12-23
18097,2,1,package (18.25 oz),517,g,1,2013-12-23,2013-12-23
18101,1,1,"piece (1/12 of 9"" dia)",95,g,1,2013-12-23,2013-12-23
18101,2,1,"cake, 2-layer (8"" or 9"" dia)",1137,g,1,2013-12-23,2013-12-23
18102,1,1,oz,28.35,g,1,2013-12-23,2013-12-23
18102,2,1,"piece (1/12 of 9"" dia)",112,g,1,2013-12-23,2013-12-23
18103,1,1,oz,28.35,g,1,2013-12-23,2013-12-23
18103,2,1,piece (1/6 of 16 oz cake),76,g,1,2013-12-23,2013-12-23
18104,1,1,oz,28.35,g,1,1997-08-29,2006-11-30
18104,2,1,individual cake,57,g,1,1994-01-31,2006-11-30
18104,3,1,piece (1/9 of 20 oz cake),63,g,1,2002-09-06,2006-11-30
18105,1,1,oz,28.35,g,1,2013-12-23,2013-12-23
18105,2,1,piece (1/6 of 19 oz cake),90,g,1,2013-12-23,2013-12-23
18106,1,1,oz,28.35,g,1,2013-12-23,2013-12-23
18106,2,1,piece (1/8 cake),50,g,1,2013-12-23,2013-12-23
18108,1,1,oz,28.35,g,1,1997-08-29,2006-11-30
18108,2,1,"piece (1/8 of 8"" x 5-3/4"" cake)",56,g,1,1994-01-31,2006-11-30
18110,1,1,oz,28.35,g,1,2013-12-23,2013-12-23
18110,2,1,piece,43,g,1,2013-12-23,2013-12-23
18114,1,1,oz,28.35,g,1,2013-12-23,2013-12-23
18114,2,1,package (14.5 oz),411,g,1,2013-12-23,2013-12-23
18116,1,1,oz,28.35,g,1,2013-12-23,2013-12-23
18116,2,1,"piece (1/9 of 8"" square)",74,g,1,2013-12-23,2013-12-23
18119,1,1,oz,28.35,g,1,2013-12-23,2013-12-23
18119,2,1,"piece (1/9 of 8"" square)",115,g,1,2013-12-23,2013-12-23
18120,1,0.167,loaf 1/6 of the loaf,61,g,1,1997-08-29,2016-03-09
18120,2,1,piece individually wrapped cake,49,g,1,1994-01-31,2013-12-26
18121,1,1,piece (1/10 of 10.6 oz cake),30,g,1,1994-01-31,2006-11-30
18121,2,1,piece (1/12 of 12 oz cake),28,g,1,2002-09-06,2006-11-30
18121,3,1,snack cake (2.5 oz),71,g,1,2002-09-06,2006-11-30
18126,1,1,oz,28.35,g,1,2013-12-23,2013-12-23
18127,1,1,oz,28.35,g,1,1997-08-29,2006-11-30
18127,2,1,cupcake,50,g,1,1994-01-31,2006-11-30
18128,1,1,oz,28.35,g,1,1997-08-29,2006-11-30
18128,2,1,cake,42,g,1,1994-01-31,2009-02-11
18131,1,1,oz,28.35,g,1,2013-12-23,2013-12-23
18131,2,1,package (8 oz),227,g,1,2013-12-23,2013-12-23
18133,1,1,oz,28.35,g,1,1997-08-29,2006-11-30
18133,2,1,piece (1/12 of 16 oz cake),38,g,1,1994-01-31,2006-11-30
18134,1,1,oz,28.35,g,1,2013-12-23,2013-12-23
18134,2,1,piece (1/12 of 10 inch cake),63,g,1,2013-12-23,2013-12-23
18135,1,1,oz,28.35,g,1,2013-12-23,2013-12-23
18135,2,1,package (18.50 oz),524,g,1,2013-12-23,2013-12-23
18139,1,1,"piece (1/12 of 9"" dia)",74,g,1,2013-12-23,2013-12-23
18139,2,1,"cake, 2-layer (8"" or 9"" dia)",887,g,1,2013-12-23,2013-12-23
18140,1,1,piece (1/12 of a cake),144,g,1,1997-08-29,2012-03-02
18140,2,1,cake,1729,g,1,1994-01-31,2012-03-02
18140,3,1,piece (1/8 of 18 oz cake),64,g,1,2013-12-23,2013-12-23
18140,4,1,oz,28.35,g,1,2013-12-23,2013-12-23
18141,1,1,serving,67,g,1,1997-08-29,2013-12-26
18141,2,1,oz,28.35,g,1,1994-01-31,2013-12-26
18142,1,1,oz,28.35,g,1,2013-12-23,2013-12-23
18142,2,1,package (18.50 oz),524,g,1,2013-12-23,2013-12-23
18144,1,1,serving,43,g,1,2013-12-23,2013-12-23
18144,2,1,package (18.50 oz),524,g,1,2013-12-23,2013-12-23
18144,3,1,oz,28.35,g,1,2013-12-23,2013-12-23
18146,1,1,"piece (1/12 of 8"" dia)",68,g,1,2013-12-23,2013-12-23
18146,2,1,"cake, 2-layer (8"" dia)",817,g,1,2013-12-23,2013-12-23
18147,1,1,oz,28.35,g,1,2013-12-23,2013-12-23
18147,2,1,piece (1/6 of 17 oz cake),80,g,1,2013-12-23,2013-12-23
18147,3,1,piece (1 NLEA serving),125,g,1,2013-12-23,2013-12-23
18148,1,1,oz,28.35,g,1,2013-12-23,2013-12-23
18148,2,1,"piece (1/12 of 9"" dia)",99,g,1,2013-12-23,2013-12-23
18151,1,1,oz,28.35,g,1,1994-09-29,2006-11-30
18151,2,1,"square, large (2-3/4"" sq x 7/8"")",56,g,1,1997-08-29,2006-11-30
18151,3,1,"package, Little Debbie (twin wrapped)",61,g,1,1998-01-15,2006-11-30
18152,1,1,oz,28.35,g,1,2013-12-23,2013-12-23
18152,2,1,package (21.5 oz),610,g,1,2013-12-23,2013-12-23
18154,1,1,oz,28.35,g,1,2013-12-23,2013-12-23
18154,2,1,"brownie (2"" square)",24,g,1,2013-12-23,2013-12-23
18155,1,1,oz,28.35,g,1,1997-08-29,2006-11-30
18155,2,1,cookie,5,g,1,1994-10-20,2006-11-30
18156,1,1,oz,28.35,g,1,1997-08-29,2006-11-30
18156,2,1,cookie,21,g,1,1994-01-31,2006-11-30
18157,1,1,oz,28.35,g,1,1997-08-29,2011-01-18
18157,2,1,"cup, crumbs",112,g,1,1994-01-31,2011-01-18
18157,3,1,wafer,6,g,1,1998-01-15,2006-11-30
18158,1,1,serving 3 cookies,34,g,1,1997-08-29,2013-12-26
18158,2,1,oz,28.35,g,1,1994-01-31,2013-12-26
18159,1,1,cookie,12.9,g,1,1998-01-15,2013-12-26
18159,2,1,cookie Pepperidge Farm Chocolate Chunk Pecan,12,g,1,1997-08-29,2015-01-07
18159,3,1,oz,28.35,g,1,1994-09-29,2015-01-07
18159,4,1,"cookie (average weight of 1 cookie, variety of brands)",12.2,g,1,2002-09-06,2015-01-07
18159,6,1,"cookie, big (3-1/2"" - 4"" dia) (include Grandma brand)",40,g,1,2013-12-23,2015-01-07
18159,7,1,"cookie, medium (2-1/4"" dia)",10,g,1,2013-12-23,2015-01-07
18159,8,1,"cookie, large (include Keebler Rich 'n Chips, Pecan Chips Delux)",14,g,1,2013-12-23,2015-01-07
18159,9,1,"cookie, bite size (include Mini Chips Ahoy!)",2.2,g,1,2015-01-06,2015-01-06
18160,1,1,cookie,14.2,g,1,1997-08-29,2013-12-26
18160,2,1,oz,28.35,g,1,2013-12-23,2013-12-23
18160,3,1,cookie,15,g,1,2013-12-23,2013-12-23
18160,4,1,cookie (average weight of 1 cookie),12.2,g,1,2013-12-23,2013-12-23
18161,1,1,oz,28.35,g,1,2013-12-23,2013-12-23
18161,2,1,package (17.5 oz),496,g,1,2013-12-23,2013-12-23
18163,1,1,serving,33,g,1,2013-12-23,2013-12-23
18163,2,1,"portion, dough spoon from roll",29,g,1,2013-12-23,2013-12-23
18163,3,1,oz,28.35,g,1,2013-12-23,2013-12-23
18164,1,1,oz,28.35,g,1,1997-08-29,2006-11-30
18164,2,1,"cookie, medium (2-1/4"" dia)",12,g,1,1994-01-31,2006-11-30
18165,1,1,oz,28.35,g,1,2013-12-23,2013-12-23
18165,2,1,"bar (2"" square)",32,g,1,2013-12-23,2013-12-23
18165,3,1,"cookie, medium (2-1/4"" dia)",16,g,1,2013-12-23,2013-12-23
18166,1,3,cookie,36,g,1,1997-08-29,2013-12-26
18166,2,1,oz,28.35,g,1,1994-01-31,2013-12-26
18167,1,1,oz,28.35,g,1,2013-12-23,2013-12-23
18167,2,1,cookie,17,g,1,2013-12-23,2013-12-23
18168,1,1,oz,28.35,g,1,2013-12-23,2013-12-23
18168,2,1,cookie,13,g,1,2013-12-23,2013-12-23
18170,1,1,oz,28.35,g,1,1998-01-15,2006-11-30
18170,2,1,Figaroo (2 square halves),43,g,1,1997-08-29,2006-11-30
18170,3,1,cookie,16,g,1,1994-09-29,2006-11-30
18170,4,1,"individual package (2 oz package containing 2 3"" bars)",57,g,1,2002-09-06,2006-11-30
18171,1,1,oz,28.35,g,1,2013-12-23,2013-12-23
18171,2,1,cookie,8,g,1,2013-12-23,2013-12-23
18172,1,1,oz,28.35,g,1,1997-08-29,2006-11-30
18172,2,1,cookie,7,g,1,1994-09-29,2006-11-30
18172,3,1,"large (approx 3-1/2"" to 4"" dia)",32,g,1,2002-09-06,2006-11-30
18173,1,1,oz,28.35,g,1,1997-08-29,2011-01-18
18173,2,1,cracker,15,g,1,1994-09-29,2015-01-07
18173,3,1,"cup, crushed",84,g,1,2002-09-06,2015-01-07
18173,4,1,large rectangular piece or 2 squares or 4 small rectangular pieces,14,g,1,2002-09-06,2015-01-07
18174,1,3,pieces,27,g,1,1994-09-29,2013-12-26
18174,2,1,oz,28.35,g,1,1997-08-29,2013-12-26
18175,1,1,oz,28.35,g,1,2013-12-23,2013-12-23
18175,2,1,"anisette sponge (4"" x 1-1/8"" x 7/8"")",13,g,1,2013-12-23,2013-12-23
18175,3,1,"breakfast treat (approx 4"" x 2"" x 7/8"")",24,g,1,2013-12-23,2013-12-23
18175,4,1,ladyfinger,11,g,1,2013-12-23,2013-12-23
18176,1,1,oz,28.35,g,1,1998-01-15,2006-11-30
18176,2,1,Fudge Marshmallow,28,g,1,1997-08-29,2009-02-11
18176,3,1,"pie, marshmallow (3"" dia x 3/4"")",39,g,1,1995-06-19,2006-11-30
18176,4,1,"cookie, small (1-3/4"" dia x 3/4"")",13,g,1,2002-09-06,2006-11-30
18177,1,1,oz,28.35,g,1,2013-12-23,2013-12-23
18177,2,1,"large (3-1/2"" to 4"" dia) (include Archway brand)",32,g,1,2013-12-23,2013-12-23
18177,3,1,medium,15,g,1,2013-12-23,2013-12-23
18177,4,1,"cookie, Little Debbie",20,g,1,2013-12-23,2013-12-23
18178,1,1,oz,28.35,g,1,1998-01-15,2006-11-30
18178,2,1,"cookie, big (3-1/2"" - 4"" dia) (include Archway brand, Grandma brand)",25,g,1,1997-08-29,2006-11-30
18178,3,1,large,18,g,1,1994-09-29,2006-11-30
18179,1,1,oz,28.35,g,1,1997-08-29,2006-11-30
18179,2,1,cookie,15,g,1,1994-01-31,2006-11-30
18180,1,1,oz,28.35,g,1,2013-12-23,2013-12-23
18180,2,1,package (17.5 oz),496,g,1,2013-12-23,2013-12-23
18182,1,1,oz,28.35,g,1,2013-12-23,2013-12-23
18182,2,1,"portion, dough for 1 cookie",16,g,1,2013-12-23,2013-12-23
18183,1,1,oz,28.35,g,1,1997-08-29,2006-11-30
18183,2,1,cookie,12,g,1,1994-01-31,2006-11-30
18184,1,1,oz,28.35,g,1,2013-12-23,2013-12-23
18184,2,1,cookie,24,g,1,2013-12-23,2019-02-13
18185,1,1,oz,28.35,g,1,1997-08-29,2006-11-30
18185,2,1,cookie,31,g,1,2002-09-06,2015-01-07
18186,1,1,oz,28.35,g,1,1997-08-29,2006-11-30
18186,2,1,cookie,15,g,1,1994-01-31,2006-11-30
18187,1,1,oz,28.35,g,1,2013-12-23,2013-12-23
18187,2,1,"portion, dough for 1 cookie",16,g,1,2013-12-23,2013-12-23
18188,1,1,oz,28.35,g,1,1997-08-29,2006-11-30
18188,2,1,cookie,12,g,1,1994-01-31,2006-11-30
18189,1,1,oz,28.35,g,1,2013-12-23,2013-12-23
18189,2,1,"cookie (3"" dia)",20,g,1,2013-12-23,2013-12-23
18190,1,1,oz,28.35,g,1,1997-08-29,2006-11-30
18190,2,1,cookie,14,g,1,1994-01-31,2006-11-30
18191,1,1,oz,28.35,g,1,1997-08-29,2006-11-30
18191,2,1,cookie,15,g,1,1994-01-31,2006-11-30
18192,1,1,oz,28.35,g,1,1997-08-29,2006-11-30
18192,2,1,cookie,11.8,g,1,1994-09-29,2015-01-07
18193,1,1,oz,28.35,g,1,1997-08-29,2006-11-30
18193,2,1,"cookie (2"" dia)",14,g,1,1994-01-31,2006-11-30
18196,1,1,oz,28.35,g,1,2013-12-23,2013-12-23
18196,2,1,package (8.5 oz),241,g,1,2013-12-23,2013-12-23
18198,1,1,oz,28.35,g,1,2013-12-23,2013-12-23
18198,2,1,"cookie, medium (1-5/8"" dia)",7,g,1,2013-12-23,2013-12-23
18199,1,1,oz,28.35,g,1,2013-12-23,2013-12-23
18199,2,1,cookie,10,g,1,2013-12-23,2013-12-23
18200,1,1,oz,28.35,g,1,2013-12-23,2013-12-23
18200,2,1,"cookie, medium (1-5/8"" dia)",7,g,1,2013-12-23,2013-12-23
18201,1,1,oz,28.35,g,1,2013-12-23,2013-12-23
18201,2,1,cookie,10,g,1,2013-12-23,2013-12-23
18202,1,1,oz,28.35,g,1,2013-12-23,2013-12-23
18202,2,1,wafer,4,g,1,2013-12-23,2013-12-23
18204,1,1,oz,28.35,g,1,1997-08-29,2006-11-30
18204,2,1,cookie,17,g,1,1994-01-31,2015-01-07
18205,1,1,serving,33,g,1,2013-12-23,2013-12-23
18205,2,1,cookie dough for 1rolled cookie,17,g,1,2013-12-23,2013-12-23
18205,3,1,cookie 1 pre-sliced cookie dough,26,g,1,2013-12-23,2013-12-23
18205,4,1,oz,28.35,g,1,2013-12-23,2013-12-23
18206,1,1,oz,28.35,g,1,1997-08-29,2011-01-18
18206,2,1,cookie 1 rolled cookie dough,15,g,1,1994-01-31,2011-01-18
18206,3,1,cookie 1 pre-sliced cookie dough,23,g,1,2002-09-06,2011-01-18
18209,1,3,cookies,36,g,1,1997-08-29,2015-01-07
18209,2,1,cookie,10.1,g,1,2013-12-23,2013-12-23
18209,3,1,oz,28.35,g,1,2013-12-23,2013-12-23
18210,1,1,oz,28.35,g,1,1997-08-29,2006-11-30
18210,2,1,"cookie, oval (3-1/8"" x 1-1/4"" x 3/8"")",15,g,1,1994-01-31,2006-11-30
18210,3,1,"cookie, round (1-3/4"" dia)",10,g,1,2002-09-06,2006-11-30
18211,1,1,oz,28.35,g,1,1997-08-29,2006-11-30
18211,2,1,sheet,245,g,1,1994-01-31,2006-11-30
18211,3,1,shell,40,g,1,2002-09-06,2006-11-30
18212,1,1,oz,28.35,g,1,1997-08-29,2011-01-18
18212,2,1,"cup, crumbs",80,g,1,1994-01-31,2011-01-18
18212,3,1,large,6,g,1,2002-09-06,2006-11-30
18212,4,1,medium,4,g,1,2002-09-06,2006-11-30
18212,5,1,small,3,g,1,2002-09-06,2006-11-30
18213,1,8,wafers,30,g,1,1997-08-29,2016-02-06
18213,2,8,wafers mini wafers,11.6,g,1,1994-01-31,2016-02-06
18214,1,0.5,oz,14.2,g,1,1998-01-15,2011-01-18
18214,2,1,"cup, bite size",62,g,1,1995-06-19,2011-01-18
18214,3,1,"cup, crushed",72,g,1,1999-03-22,2011-01-18
18214,4,1,gold fish,0.6,g,1,2002-09-06,2011-01-18
18214,5,1,"bag, single serving",28,g,1,2002-09-06,2011-01-18
18214,6,1,snack stick,2,g,1,2002-09-06,2012-03-02
18214,7,1,"cracker (1"" square)",1,g,1,2002-09-06,2012-03-02
18215,1,0.5,oz,14.2,g,1,1994-10-20,2011-01-18
18215,2,1,"cup, crushed",83,g,1,1998-01-15,2011-01-18
18215,3,6,cracker,39,g,1,1997-08-29,2011-01-18
18215,4,1,sandwich,6.5,g,1,2004-07-15,2011-01-18
18216,1,0.5,oz,14.2,g,1,1994-09-29,2011-01-18
18216,2,1,"cup, crushed",55,g,1,1999-03-22,2011-01-18
18216,3,1,crispbread,10,g,1,2002-09-06,2011-01-18
18216,4,1,"wafer, thin",2,g,1,2002-09-06,2011-01-18
18216,5,1,wafer,10,g,1,2002-09-06,2011-01-18
18216,6,1,"cracker, Norwegian flatbread (4-3/4"" x 2-3/4"" x 1/16"")",5.8,g,1,2002-09-06,2011-01-18
18216,7,1,"wafer, Rye Krisp (triple cracker)",25,g,1,2002-09-06,2006-11-30
18216,8,1,"crispbread, Wasa rye",10,g,1,2002-09-06,2006-11-30
18217,1,0.5,oz,14.2,g,1,1994-01-31,2011-01-18
18217,2,1,matzo,28,g,1,1997-08-29,2011-01-18
18218,1,0.5,oz,14.2,g,1,1994-01-31,2011-01-18
18218,2,1,matzo,28,g,1,1997-08-29,2011-01-18
18219,1,0.5,oz,14.2,g,1,1994-01-31,2011-01-18
18219,2,1,matzo,28,g,1,1997-08-29,2011-01-18
18220,1,0.5,oz,14.2,g,1,1994-09-29,2011-01-18
18220,2,1,cup pieces,30,g,1,1997-08-29,2011-01-18
18220,3,1,"cup, rounds",33,g,1,2002-09-06,2011-01-18
18220,4,1,melba round,3,g,1,2002-09-06,2011-01-18
18220,5,1,"piece (3-3/4"" x 1-3/4"" x 1/8"")",5,g,1,2002-09-06,2011-01-18
18221,1,0.5,oz,14.2,g,1,1994-01-31,2006-11-30
18221,2,1,toast,5,g,1,1997-08-29,2006-11-30
18222,1,0.5,oz,14.2,g,1,1994-01-31,2006-11-30
18222,2,1,toast,5,g,1,1997-08-29,2006-11-30
18223,1,0.5,oz,14.2,g,1,2013-12-23,2013-12-23
18223,2,1,cracker,11,g,1,2013-12-23,2013-12-23
18224,1,0.5,oz,14.2,g,1,2013-12-23,2013-12-23
18224,2,1,rusk,10,g,1,2013-12-23,2013-12-23
18225,1,0.5,oz,14.2,g,1,1994-01-31,2006-11-30
18225,2,1,"cracker, sandwich",7,g,1,1997-08-29,2006-11-30
18226,1,0.5,oz,14.2,g,1,1994-10-20,2011-01-18
18226,2,1,"cup, crushed",61,g,1,1997-08-29,2011-01-18
18226,3,1,"cracker (4-1/2"" x 2-1/2"" x 1/8"")",11,g,1,2002-09-06,2011-01-18
18226,4,1,"cracker, triple",25,g,1,2002-09-06,2006-11-30
18227,1,0.5,oz,14.2,g,1,1994-01-31,2006-11-30
18227,2,1,"cracker, triple",22,g,1,1997-08-29,2006-11-30
18228,1,5,crackers,14.9,g,1,1994-09-29,2013-12-26
18228,2,0.5,oz,14.2,g,1,1997-08-29,2013-12-26
18228,3,1,"cup, crushed",70,g,1,1998-01-15,2013-12-26
18228,4,5,crackers square (1 serving),15,g,1,2002-09-06,2013-12-26
18228,5,1,cracker square,3,g,1,2002-09-06,2013-12-26
18228,6,1,"cracker, round large",10,g,1,2002-09-06,2013-12-26
18228,7,1,"cracker, oyster",1,g,1,2002-09-06,2013-12-26
18228,8,1,"cracker, rectangle",6,g,1,2011-01-18,2013-12-26
18228,9,1,cup oyster crackers,45,g,1,2013-12-23,2013-12-23
18229,1,5,crackers,16,g,1,1994-09-29,2013-12-26
18229,2,5,"crackers, regular size, round (1 serving)",16,g,1,1998-01-15,2013-12-26
18229,3,1,"cracker, round",3.2,g,1,2013-12-23,2013-12-23
18229,4,1,"cracker, rectangular",4,g,1,2002-09-06,2013-12-26
18229,5,1,cup crushed,52,g,1,2013-12-23,2013-12-23
18230,1,0.5,oz,14.2,g,1,1994-01-31,2006-11-30
18230,2,1,"cracker, sandwich",7,g,1,1997-08-29,2006-11-30
18231,1,0.5,oz,14.2,g,1,2011-01-18,2011-01-18
18231,2,1,"cracker, sandwich",7,g,1,2011-01-18,2011-01-18
18232,1,16,crackers 1 serving,34,g,1,1998-01-15,2015-01-07
18232,2,2,crackers 1 serving,14.5,g,1,2011-01-18,2015-01-07
18233,1,0.5,oz,14.2,g,1,1994-01-31,2006-11-30
18233,2,1,"cracker, sandwich",7,g,1,1997-08-29,2006-11-30
18234,1,0.5,oz,14.2,g,1,1994-01-31,2006-11-30
18234,2,1,"cracker, sandwich",7,g,1,1997-08-29,2006-11-30
18235,1,1,serving,28,g,1,1998-01-15,2010-03-24
18235,2,6,"crackers, Triscuits, regular size",28,g,1,2013-12-23,2013-12-23
18235,3,1,cracker,4.6,g,1,1997-08-29,2010-03-24
18235,4,0.5,oz,14.2,g,1,2002-09-06,2006-11-30
18235,5,1,"cup, crushed",94,g,1,2011-01-18,2011-01-18
18235,6,10,Triscuit Bits,10,g,1,2011-01-18,2011-01-18
18236,1,1,oz,28.35,g,1,1994-01-31,2011-01-18
18236,2,1,cup,115,g,1,1997-08-29,2011-01-18
18237,1,1,oz,28.35,g,1,2013-12-23,2013-12-23
18237,2,1,"eclair (5"" x 2"" x 1-3/4"")",48,g,1,2013-12-23,2013-12-23
18237,3,1,cream puff shell,66,g,1,2013-12-23,2013-12-23
18239,1,1,oz,28.35,g,1,1997-08-29,2006-11-30
18239,2,1,"croissant, mini",28,g,1,1994-01-31,2006-11-30
18239,3,1,"croissant, small",42,g,1,2002-09-06,2006-11-30
18239,4,1,"croissant, medium",57,g,1,2002-09-06,2006-11-30
18239,5,1,"croissant, large",67,g,1,2002-09-06,2006-11-30
18240,1,1,oz,28.35,g,1,1997-08-29,2006-11-30
18240,2,1,"croissant, medium",57,g,1,1994-01-31,2006-11-30
18241,1,1,oz,28.35,g,1,1997-08-29,2006-11-30
18241,2,1,"croissant, small",42,g,1,1994-01-31,2006-11-30
18241,3,1,"croissant, medium",57,g,1,2002-09-06,2006-11-30
18241,4,1,"croissant, large",67,g,1,2002-09-06,2006-11-30
18242,1,0.5,oz,14.2,g,1,1994-01-31,2011-01-18
18242,2,1,cup,30,g,1,1997-08-29,2011-01-18
18243,1,0.5,oz,14.2,g,1,1994-01-31,2011-01-18
18243,2,1,cup,40,g,1,1997-08-29,2011-01-18
18243,3,1,"package, fast food",10,g,1,2002-09-06,2011-01-18
18243,4,4,cubes,1,g,1,2002-09-06,2011-01-18
18244,1,1,oz,28.35,g,1,1998-01-15,2006-11-30
18244,2,1,"large (approx 7"" dia)",142,g,1,1997-08-29,2006-11-30
18244,3,1,"small or frozen (approx 3"" dia)",35,g,1,1994-09-29,2006-11-30
18244,4,1,"pastry (4-1/4"" dia)",65,g,1,2002-09-06,2006-11-30
18244,5,1,Toaster Strudel,53,g,1,2002-09-06,2006-11-30
18244,6,1,piece (1/8 of 15 oz ring),53,g,1,2002-09-06,2006-11-30
18245,1,1,oz,28.35,g,1,2013-12-23,2013-12-23
18245,2,1,pastry,71,g,1,2013-12-23,2013-12-23
18246,1,1,oz,28.35,g,1,1998-01-15,2006-11-30
18246,2,1,"large (approx 7"" dia)",142,g,1,1997-08-29,2006-11-30
18246,3,1,"small or frozen (approx 3"" dia)",35,g,1,1994-09-29,2006-11-30
18246,4,1,"pastry (4-1/4"" dia)",71,g,1,2002-09-06,2006-11-30
18246,5,1,Toaster Strudel,53,g,1,2002-09-06,2006-11-30
18246,6,1,piece (1/8 of 15 oz ring),53,g,1,2002-09-06,2006-11-30
18248,1,1,donut,40,g,1,1997-08-29,2015-01-07
18248,2,1,oz,28.35,g,1,1994-09-29,2015-01-07
18248,3,1,doughnut stick,52,g,1,2002-09-06,2015-01-07
18248,4,1,"doughnut, long type (twist) (4-1/2"" long)",52,g,1,2002-09-06,2015-01-07
18248,5,1,"doughnut medium (3-1/4"" dia)",54,g,1,2002-09-06,2015-01-07
18248,6,1,"doughnut, mini (1-1/2"" dia) or doughnut hole",14,g,1,2002-09-06,2015-01-07
18248,7,1,"doughnut, large (4"" dia)",71,g,1,2015-01-06,2015-01-06
18249,1,1,oz,28.35,g,1,1997-08-29,2006-11-30
18249,2,1,"donettes (2"" dia)",18,g,1,1994-01-31,2006-11-30
18249,3,1,"doughnut, medium (approx 3"" dia)",43,g,1,2002-09-06,2006-11-30
18249,4,1,"doughnut large (approx 3-1/2"" dia)",67,g,1,2002-09-06,2006-11-30
18250,1,1,oz,28.35,g,1,1997-08-29,2006-11-30
18250,2,1,"doughnut, medium (approx 3"" dia)",45,g,1,1994-01-31,2006-11-30
18251,1,1,oz,28.35,g,1,1997-08-29,2006-11-30
18251,2,1,"doughnut (3-3/4"" dia)",60,g,1,1994-01-31,2006-11-30
18251,3,1,"doughnut, medium (approx 3"" dia)",42,g,1,2002-09-06,2006-11-30
18253,1,1,oz,28.35,g,1,1997-08-29,2006-11-30
18253,2,1,"cruller (3"" dia)",41,g,1,1994-01-31,2006-11-30
18254,1,1,oz,28.35,g,1,1997-08-29,2006-11-30
18254,2,1,"doughnut oval (3-1/2"" x 2-1/2"")",85,g,1,1994-01-31,2006-11-30
18255,1,1,oz,28.35,g,1,1997-08-29,2006-11-30
18255,2,1,doughnut hole,13,g,1,1998-01-15,2006-11-30
18255,3,1,doughnut stick,56,g,1,1995-06-19,2006-11-30
18255,4,1,"extra large (approx 5"" dia)",122,g,1,2002-09-06,2006-11-30
18255,5,1,"jumbo (approx 6"" dia)",157,g,1,2002-09-06,2006-11-30
18255,6,1,"doughnut, large (approx 4-1/4"" dia)",75,g,1,2002-09-06,2006-11-30
18255,7,1,"doughnut, long type (twist) approx 5-1/4"" x 2-1/2"" x 1-1/2"" high)",90,g,1,2002-09-06,2006-11-30
18255,8,1,"doughnut medium (approx 3-3/4"" dia)",64,g,1,2011-01-18,2011-01-18
18255,9,1,"doughnut, small (approx 3"" dia)",31,g,1,2002-09-06,2011-01-18
18255,10,1,doughnut (approx 1-1/2 oz),42,g,1,2002-09-06,2011-01-18
18255,11,1,"doughnut (3-3/4"" dia)",60,g,1,2002-09-06,2011-01-18
18255,12,1,"honeybun (4"" x 3"")",65,g,1,2007-11-28,2011-01-18
18255,13,1,"honeybun (4-1/2"" x 3-1/2"")",78,g,1,2002-09-06,2011-01-18
18255,14,1,"honeybun (5"" x 3-1/2"")",85,g,1,2002-09-06,2011-01-18
18255,15,1,"doughnut, medium (approx 3-3/4"" dia)",60,g,1,2002-09-06,2011-01-18
18255,16,1,doughnut,63,g,1,2013-12-23,2013-12-23
18256,1,1,oz,28.35,g,1,1997-08-29,2006-11-30
18256,2,1,"doughnut oval (3-1/2"" x 2-1/2"")",85,g,1,1994-01-31,2006-11-30
18258,1,1,oz,28.35,g,1,1997-08-29,2006-11-30
18258,2,1,muffin,57,g,1,1994-01-31,2006-11-30
18259,1,1,oz,28.35,g,1,1997-08-29,2006-11-30
18259,2,1,muffin,52,g,1,1994-01-31,2006-11-30
18260,1,1,oz,28.35,g,1,1997-08-29,2006-11-30
18260,2,1,muffin,66,g,1,1994-01-31,2006-11-30
18262,1,1,oz,28.35,g,1,1997-08-29,2006-11-30
18262,2,1,muffin,57,g,1,1994-01-31,2006-11-30
18263,1,1,oz,28.35,g,1,1997-08-29,2006-11-30
18263,2,1,muffin,52,g,1,1994-01-31,2006-11-30
18264,1,1,oz,28.35,g,1,1997-08-29,2006-11-30
18264,2,1,muffin,57,g,1,1994-01-31,2006-11-30
18266,1,1,oz,28.35,g,1,1997-08-29,2006-11-30
18266,2,1,muffin,66,g,1,1994-01-31,2006-11-30
18268,1,1,oz,28.35,g,1,1997-08-29,2006-11-30
18268,2,1,piece,59,g,1,1994-01-31,2006-11-30
18269,1,1,oz,28.35,g,1,2013-12-23,2013-12-23
18269,2,1,slice,65,g,1,2013-12-23,2013-12-23
18270,1,1,oz,28.35,g,1,2013-12-23,2013-12-23
18270,2,1,cup,152,g,1,2013-12-23,2013-12-23
18270,3,1,hush puppy,22,g,1,2013-12-23,2013-12-23
18271,1,1,oz,28.35,g,1,1997-08-29,2006-11-30
18271,2,1,cone,4,g,1,1994-11-02,2006-11-30
18271,3,1,large waffle cone,29,g,1,2002-09-06,2006-11-30
18272,1,1,oz,28.35,g,1,1997-08-29,2006-11-30
18272,2,1,cone,10,g,1,1994-11-02,2006-11-30
18273,1,1,oz,28.35,g,1,2013-12-23,2013-12-23
18273,2,1,muffin,57,g,1,2013-12-23,2013-12-23
18274,1,1,oz,28.35,g,1,1997-08-29,2011-01-18
18274,2,1,"mini (1-1/4"" dia)",17,g,1,1994-01-31,2011-01-18
18274,3,1,"small (2-3/4"" dia x 2"")",66,g,1,2002-09-06,2011-01-18
18274,4,1,medium,113,g,1,2002-09-06,2011-01-18
18274,5,1,"large (3-1/4"" dia x 2-3/4"")",139,g,1,2002-09-06,2011-01-18
18274,6,1,extra large,168,g,1,2002-09-06,2011-01-18
18274,7,1,muffin,31,g,1,2013-12-23,2013-12-23
18275,1,1,serving,43,g,1,2013-12-23,2013-12-23
18275,2,1,"package, mix + drained berries",356,g,1,2013-12-23,2013-12-23
18275,3,1,oz,28.35,g,1,2013-12-23,2013-12-23
18277,1,1,oz,28.35,g,1,1997-08-29,2006-11-30
18277,2,1,"muffin, toaster",33,g,1,1994-01-31,2006-11-30
18278,1,1,oz,28.35,g,1,2013-12-23,2013-12-23
18278,2,1,muffin,57,g,1,2013-12-23,2013-12-23
18279,1,1,oz,28.35,g,1,2013-12-23,2013-12-23
18279,2,1,mini,17,g,1,2013-12-23,2013-12-23
18279,3,1,small,66,g,1,2013-12-23,2013-12-23
18279,4,1,medium,113,g,1,2013-12-23,2013-12-23
18279,5,1,large,139,g,1,2013-12-23,2013-12-23
18279,6,1,extra large,168,g,1,2013-12-23,2013-12-23
18280,1,1,oz,28.35,g,1,1997-08-29,2006-11-30
18281,1,1,oz,28.35,g,1,1997-08-29,2006-11-30
18281,2,1,"muffin, toaster",33,g,1,1994-01-31,2006-11-30
18282,1,1,oz,28.35,g,1,2013-12-23,2013-12-23
18282,2,1,"muffin (2-3/4"" dia x 2"")",57,g,1,2013-12-23,2013-12-23
18283,1,1,oz,28.35,g,1,2013-12-23,2013-12-23
18283,2,1,mini,17,g,1,2013-12-23,2013-12-23
18283,3,1,small,66,g,1,2013-12-23,2013-12-23
18283,4,1,medium,113,g,1,2013-12-23,2013-12-23
18283,5,1,large,139,g,1,2013-12-23,2013-12-23
18283,6,1,extra large,168,g,1,2013-12-23,2013-12-23
18284,1,1,oz,28.35,g,1,2013-12-23,2013-12-23
18284,2,1,package (7 oz),198,g,1,2013-12-23,2013-12-23
18288,1,1,oz,28.35,g,1,2011-01-18,2011-01-18
18288,2,1,pancake,41,g,1,1994-01-31,2011-01-18
18288,3,1,"pancake (6"" dia)",73,g,1,2002-09-06,2011-01-18
18288,4,1,mini pancake,10.1,g,1,2002-09-06,2011-01-18
18288,5,1,pancake,40,g,1,2013-12-23,2013-12-23
18289,1,0.333,cup,52,g,1,2013-12-23,2016-03-09
18289,2,1,oz,28.35,g,1,2013-12-23,2013-12-23
18289,3,1,"cup, poured from box",130,g,1,2013-12-23,2013-12-23
18290,1,1,oz,28.35,g,1,1997-08-29,2006-11-30
18290,2,1,"pancake (4"" dia)",38,g,1,1994-01-31,2006-11-30
18290,3,1,"pancake (6"" dia)",77,g,1,2002-09-06,2006-11-30
18291,1,1,oz,28.35,g,1,2013-12-23,2013-12-23
18291,2,1,"cup, poured from box",112,g,1,2013-12-23,2013-12-23
18292,1,1,oz,28.35,g,1,1997-08-29,2006-11-30
18292,2,1,"pancake (4"" dia)",38,g,1,1994-01-31,2006-11-30
18292,3,1,"pancake (6"" dia)",77,g,1,2002-09-06,2006-11-30
18293,1,1,oz,28.35,g,1,2013-12-23,2013-12-23
18293,2,1,"pancake (4"" dia)",38,g,1,2013-12-23,2013-12-23
18293,3,1,"pancake (6"" dia)",77,g,1,2013-12-23,2013-12-23
18294,1,1,oz,28.35,g,1,2013-12-23,2013-12-23
18294,2,1,"pancake (4"" dia)",38,g,1,2013-12-23,2013-12-23
18294,3,1,"pancake (6"" dia)",77,g,1,2013-12-23,2013-12-23
18295,1,1,oz,28.35,g,1,2013-12-23,2013-12-23
18295,2,1,"cup, poured from box",122,g,1,2013-12-23,2013-12-23
18297,1,1,oz,28.35,g,1,2013-12-23,2013-12-23
18297,2,1,package (8 oz),227,g,1,2013-12-23,2013-12-23
18299,1,1,oz,28.35,g,1,2013-12-23,2013-12-23
18299,2,1,"cup, poured from box",140,g,1,2013-12-23,2013-12-23
18300,1,1,oz,28.35,g,1,1997-08-29,2006-11-30
18300,2,1,"pancake (4"" dia)",44,g,1,1994-01-31,2006-11-30
18300,3,1,"pancake (6"" dia)",129,g,1,2002-09-06,2006-11-30
18301,1,1,oz,28.35,g,1,1994-01-31,2006-11-30
18301,2,1,"piece (1/8 of 9"" dia)",125,g,1,1997-08-29,2006-11-30
18301,3,1,"piece (1/6 of 8"" pie)",117,g,1,2002-09-06,2006-11-30
18302,1,1,oz,28.35,g,1,2013-12-23,2013-12-23
18302,2,1,"piece (1/8 of 9"" dia)",155,g,1,2013-12-23,2013-12-23
18303,1,1,oz,28.35,g,1,1994-01-31,2006-11-30
18303,2,1,"piece (1/8 of 9"" dia)",92,g,1,1997-08-29,2006-11-30
18303,3,1,"piece (1/6 of 8"" pie)",123,g,1,2002-09-06,2006-11-30
18304,1,1,oz,28.35,g,1,2013-12-23,2013-12-23
18304,2,1,"pie (9"" dia)",1186,g,1,2013-12-23,2013-12-23
18304,3,1,"piece (1/8 of 9"" dia)",144,g,1,2013-12-23,2013-12-23
18305,1,1,oz,28.35,g,1,1994-01-31,2006-11-30
18305,2,1,"piece (1/8 of 9"" dia)",125,g,1,1997-08-29,2006-11-30
18305,3,1,"piece (1/6 of 8"" pie)",117,g,1,2002-09-06,2006-11-30
18306,1,1,oz,28.35,g,1,2013-12-23,2013-12-23
18306,2,1,"piece (1/8 of 9"" dia)",147,g,1,2013-12-23,2013-12-23
18308,1,1,oz,28.35,g,1,1994-01-31,2006-11-30
18308,2,1,"piece (1/8 of 9"" dia)",125,g,1,1997-08-29,2006-11-30
18308,3,1,"piece (1/6 of 8"" pie)",117,g,1,2002-09-06,2006-11-30
18309,1,1,oz,28.35,g,1,2013-12-23,2013-12-23
18309,2,1,"piece (1/8 of 9"" dia)",180,g,1,2013-12-23,2013-12-23
18310,1,1,serving .167 pie,120,g,1,1997-08-29,2013-12-26
18310,2,1,oz,28.35,g,1,1994-01-31,2013-12-26
18310,3,1,"piece (1/4 of 6"" pie)",99,g,1,2002-09-06,2013-12-26
18310,4,1,"piece (1/6 of 8"" pie)",113,g,1,2013-12-23,2013-12-23
18312,1,1,oz,28.35,g,1,2013-12-23,2013-12-23
18312,2,1,"piece (1/8 of 9"" dia)",95,g,1,2013-12-23,2013-12-23
18313,1,1,oz,28.35,g,1,1997-08-29,2006-11-30
18313,2,1,"piece (1/6 of 7"" pie)",64,g,1,1994-01-31,2006-11-30
18313,3,1,"piece (1/8 of 7"" pie)",48,g,1,2002-09-06,2006-11-30
18314,1,1,oz,28.35,g,1,1994-01-31,2006-11-30
18314,2,1,"piece (1/8 of 9"" dia)",94,g,1,1997-08-29,2006-11-30
18316,1,1,oz,28.35,g,1,1997-08-29,2006-11-30
18316,2,1,"piece (1/6 of 8"" pie)",104,g,1,1994-01-31,2006-11-30
18317,1,1,oz,28.35,g,1,2013-12-23,2013-12-23
18317,2,1,"piece (1/6 of 8"" pie)",105,g,1,2013-12-23,2013-12-23
18319,1,1,oz,28.35,g,1,1997-08-29,2006-11-30
18319,2,1,"pie (5"" x 3-3/4"")",128,g,1,1994-01-31,2006-11-30
18320,1,1,oz,28.35,g,1,1997-08-29,2006-11-30
18320,2,1,"piece (1/6 of 8"" pie)",113,g,1,1994-01-31,2006-11-30
18321,1,1,oz,28.35,g,1,2013-12-23,2013-12-23
18321,2,1,"piece (1/8 of 9"" dia)",127,g,1,2013-12-23,2013-12-23
18322,1,1,oz,28.35,g,1,2013-12-23,2013-12-23
18322,2,1,"piece (1/8 of 9"" dia)",165,g,1,2013-12-23,2013-12-23
18323,1,1,oz,28.35,g,1,1997-08-29,2006-11-30
18323,2,1,"piece (1/6 of 8"" pie)",117,g,1,1994-01-31,2006-11-30
18324,1,1,oz,28.35,g,1,1997-08-29,2006-11-30
18324,2,1,slice,133,g,1,1994-01-31,2009-02-11
18324,3,1,pie,833,g,1,2011-01-18,2011-01-18
18325,1,1,oz,28.35,g,1,2013-12-23,2013-12-23
18325,2,1,"piece (1/8 of 9"" dia)",122,g,1,2013-12-23,2013-12-23
18326,1,1,oz,28.35,g,1,1997-08-29,2006-11-30
18326,2,1,slice,133,g,1,1994-01-31,2009-02-11
18326,3,1,pie,995,g,1,2011-01-18,2011-01-18
18327,1,1,oz,28.35,g,1,2013-12-23,2013-12-23
18327,2,1,"piece (1/8 of 9"" dia)",155,g,1,2013-12-23,2013-12-23
18328,1,1,oz,28.35,g,1,2013-12-23,2013-12-23
18328,2,1,"piece (1/8 of 9"" dia)",126,g,1,2013-12-23,2013-12-23
18332,1,1,oz,28.35,g,1,2013-12-23,2013-12-23
18332,2,1,package (10 oz),284,g,1,2013-12-23,2013-12-23
18333,1,1,"piece (1/8 of 9"" crust)",20,g,1,1994-01-31,2013-12-26
18333,2,1,"crust, single 9""",160,g,1,1997-08-29,2013-12-26
18334,1,1,"piece (1/8 of 9"" crust)",18,g,1,1994-01-31,2013-12-26
18334,2,1,pie crust (average weight of 1 frozen crust),173,g,1,2013-12-23,2013-12-23
18335,1,1,pie crust (average weight of 1 baked crust),154,g,1,1994-01-31,2009-02-11
18336,1,1,"piece (1/8 of 9"" crust)",23,g,1,2013-12-23,2013-12-23
18336,2,1,"crust, single 9""",180,g,1,2013-12-23,2013-12-23
18337,1,1,oz,28.35,g,1,1997-08-29,2006-11-30
18337,2,1,shell,47,g,1,1994-01-31,2006-11-30
18338,1,1,oz,28.35,g,1,1997-08-29,2006-11-30
18338,2,1,sheet dough,19,g,1,2002-09-06,2006-11-30
18339,1,1,oz,28.35,g,1,2013-12-23,2013-12-23
18339,2,1,package (6 oz),170,g,1,2013-12-23,2013-12-23
18342,1,1,roll (1 oz),28,g,1,1994-09-29,2006-11-30
18342,2,1,"each (pan, dinner, or small roll) (2"" square, 2"" high)",25,g,1,2002-09-06,2006-11-30
18342,3,1,"roll (hamburger, frankfurter, onion roll, bun, large roll)",43,g,1,2002-09-06,2006-11-30
18342,4,1,roll (foot long frankfurter roll),86,g,1,2002-09-06,2006-11-30
18344,1,1,oz,28.35,g,1,1997-08-29,2006-11-30
18344,2,1,"roll (2-1/2"" dia)",35,g,1,1994-01-31,2006-11-30
18345,1,1,oz,28.35,g,1,1997-08-29,2006-11-30
18345,2,1,roll,33,g,1,1994-01-31,2006-11-30
18346,1,1,"large (approx 3-1/2"" to 4"" dia)",43,g,1,1997-08-29,2006-11-30
18346,2,1,medium,36,g,1,1994-01-31,2006-11-30
18346,3,1,"small (2-3/8"" dia)",28,g,1,2002-09-06,2006-11-30
18347,1,1,roll (1 oz),28,g,1,1994-01-31,2006-11-30
18348,1,1,roll (1 oz),28,g,1,1994-09-29,2011-01-18
18348,2,1,"roll (hamburger, frankfurter roll)",43,g,1,1999-03-22,2011-01-18
18348,3,1,"roll, large submarine, hoagie",135,g,1,2002-09-06,2011-01-18
18348,4,1,"medium (2-1/2"" dia)",36,g,1,2002-09-06,2011-01-18
18348,5,1,"roll medium submarine, hoagie",94,g,1,2002-09-06,2011-01-18
18348,6,1,"roll (small submarine, hoagie roll)",65,g,1,2002-09-06,2011-01-18
18349,1,1,oz,28.35,g,1,1997-08-29,2006-11-30
18349,2,1,roll,38,g,1,1994-01-31,2006-11-30
18350,1,1,roll 1 serving,44,g,1,1997-08-29,2016-02-06
18350,2,1,oz,28.35,g,1,1994-01-31,2016-02-06
18351,1,1,oz,28.35,g,1,1997-08-29,2006-11-30
18351,2,1,roll,43,g,1,1994-01-31,2006-11-30
18353,1,1,oz,28.35,g,1,1997-08-29,2006-11-30
18353,2,1,"roll (3-1/2"" dia)",57,g,1,1994-09-29,2006-11-30
18354,1,1,oz,28.35,g,1,2013-12-23,2013-12-23
18354,2,1,piece,71,g,1,2013-12-23,2013-12-23
18355,1,1,oz,28.35,g,1,1997-08-29,2006-11-30
18355,2,1,roll,66,g,1,1994-01-31,2006-11-30
18356,1,1,oz,28.35,g,1,1997-08-29,2006-11-30
18356,2,1,large,83,g,1,1995-06-19,2006-11-30
18356,3,1,"roll (2-3/4"" square)",60,g,1,2002-09-06,2006-11-30
18357,1,1,oz,28.35,g,1,2013-12-23,2013-12-23
18357,2,1,roll,30,g,1,2013-12-23,2013-12-23
18358,1,1,oz,28.35,g,1,2013-12-23,2013-12-23
18358,2,1,roll,30,g,1,2013-12-23,2013-12-23
18360,1,1,shell,12.9,g,1,1997-08-29,2015-01-07
18360,2,1,taco,12.7,g,1,1994-09-29,2015-01-07
18360,3,1,"medium (approx 5"" dia)",13.3,g,1,2002-09-06,2015-06-19
18360,4,1,"large (6-1/2"" dia)",21,g,1,2002-09-06,2015-01-07
18360,5,1,"miniature (3"" dia)",5,g,1,2013-12-23,2013-12-23
18360,6,1,oz,28.35,g,1,2013-12-23,2013-12-23
18362,1,1,oz,28.35,g,1,1998-01-15,2006-11-30
18362,2,1,pastry,54,g,1,1997-08-29,2015-01-07
18363,1,1,oz,28.35,g,1,1997-08-29,2011-01-18
18363,2,1,enchilada,19,g,1,1994-09-29,2011-01-18
18363,3,1,tortilla,24,g,1,1998-01-15,2011-01-18
18364,1,1,tortilla,48,g,1,1997-08-29,2016-03-09
18364,2,1,oz,28.35,g,1,1994-01-31,2012-03-02
18364,3,1,"tortilla medium (approx 6"" dia)",30,g,1,2002-09-06,2012-03-02
18364,4,1,package,407,g,1,2002-09-06,2012-03-02
18364,5,1,"tortilla (approx 10"" dia)",72,g,1,2002-09-06,2012-03-02
18364,6,1,"tortilla (approx 12"" dia)",117,g,1,2013-12-23,2013-12-23
18364,7,1,"tortilla (approx 7-8"" dia)",49,g,1,2013-12-23,2013-12-23
18365,1,1,oz,28.35,g,1,1997-08-29,2006-11-30
18365,2,1,"waffle, square (4"" square) (include frozen)",35,g,1,2007-11-28,2007-11-28
18367,1,1,oz,28.35,g,1,2013-12-23,2013-12-23
18367,2,1,"waffle, round (7"" dia)",75,g,1,2013-12-23,2013-12-23
18368,1,1,oz,28.35,g,1,1997-08-29,2006-11-30
18368,2,1,"wrapper, eggroll (7"" square)",32,g,1,1994-01-31,2006-11-30
18368,3,1,"wrapper, wonton (3-1/2"" square)",8,g,1,2002-09-06,2006-11-30
18369,1,1,tsp,4.6,g,1,1994-01-31,2006-11-30
18369,2,0.5,tsp,2.3,g,1,2007-11-28,2007-11-28
18370,1,1,tsp,4.6,g,1,1994-01-31,2006-11-30
18370,2,0.5,tsp,2.3,g,1,2007-11-28,2007-11-28
18371,1,1,tsp,5,g,1,1994-01-31,2006-11-30
18371,2,0.5,tsp,2.5,g,1,2007-11-28,2007-11-28
18372,1,1,tsp,4.6,g,1,1994-01-31,2006-11-30
18372,2,0.5,tsp,2.3,g,1,2007-11-28,2007-11-28
18373,1,1,tsp,3,g,1,1994-01-31,2006-11-30
18373,2,0.5,tsp,1.5,g,1,2007-11-28,2007-11-28
18374,1,1,cake (0.6 oz),17,g,1,1994-01-31,2006-11-30
18375,1,1,tsp,4,g,1,1999-03-22,2011-01-18
18375,2,1,tbsp,12,g,1,1995-06-19,2011-01-18
18375,3,1,packet,7.2,g,1,2013-12-23,2013-12-23
18376,1,1,oz,28.35,g,1,1994-01-31,2011-01-18
18376,2,1,cup,120,g,1,1997-08-29,2011-01-18
18377,1,1,oz,28.35,g,1,2013-12-23,2013-12-23
18377,2,1,"cookie (2-5/8"" dia)",15,g,1,2013-12-23,2013-12-23
18378,1,1,oz,28.35,g,1,2013-12-23,2013-12-23
18378,2,1,"cookie, medium (2-1/4"" dia)",16,g,1,2013-12-23,2013-12-23
18383,1,1,oz,28.35,g,1,2013-12-23,2013-12-23
18383,2,1,slice,17,g,1,2013-12-23,2013-12-23
18384,1,1,oz,28.35,g,1,1994-01-31,2006-11-30
18384,2,1,slice,25,g,1,1997-08-29,2006-11-30
18386,1,1,oz,28.35,g,1,1997-08-29,2006-11-30
18386,2,1,"muffin, toaster",31,g,1,1994-01-31,2006-11-30
18388,1,1,oz,28.35,g,1,1997-08-29,2006-11-30
18388,2,1,"muffin, toaster",34,g,1,1994-01-31,2006-11-30
18390,1,1,oz,28.35,g,1,2013-12-23,2013-12-23
18390,2,1,"pancake (4"" dia)",38,g,1,2013-12-23,2013-12-23
18390,3,1,"pancake (6"" dia)",77,g,1,2013-12-23,2013-12-23
18396,1,1,oz,28.35,g,1,2013-12-23,2013-12-23
18396,2,1,"large roll or bun (3-1/2"" dia)",43,g,1,2013-12-23,2013-12-23
18396,3,1,"roll (2-1/2"" dia)",35,g,1,2013-12-23,2013-12-23
18399,1,1,"piece (1/8 of 9"" crust)",30,g,1,1994-11-17,2013-12-26
18399,2,1,"crust, single 9""",244,g,1,1997-08-29,2013-12-26
18400,1,0.5,oz,14.2,g,1,1994-01-31,2011-01-18
18400,2,1,matzo,28,g,1,1997-08-29,2011-01-18
18401,1,1,CUP,129,g,1,1994-11-02,2006-11-30
18401,2,1,"crust, single 9""",176,g,1,1997-08-29,2006-11-30
18401,3,1,"piece (1/8 of 9"" crust)",22,g,1,2002-09-06,2006-11-30
18402,1,1,"piece (1/8 of 9"" crust)",24,g,1,2013-12-23,2013-12-23
18402,2,1,"crust, single 9""",194,g,1,2013-12-23,2013-12-23
18403,1,1,oz,28.35,g,1,1997-08-29,2006-11-30
18403,2,1,"waffle, round (4"" dia)",33,g,1,2011-01-18,2011-01-18
18403,3,1,"waffle, square (4"" square)",33,g,1,2011-01-18,2011-01-18
18406,1,1,oz,28.35,g,1,1997-08-29,2011-01-18
18406,2,1,"mini bagel (2-1/2"" dia)",26,g,1,1994-01-31,2011-01-18
18406,3,1,"small bagel (3"" dia)",69,g,1,2002-09-06,2011-01-18
18406,4,1,"medium bagel (3-1/2"" to 4"" dia)",105,g,1,2002-09-06,2011-01-18
18406,5,1,"large bagel (4-1/2"" dia)",131,g,1,2002-09-06,2011-01-18
18407,1,1,oz,28.35,g,1,2013-12-23,2013-12-23
18407,2,1,"mini bagel (2-1/2"" dia)",26,g,1,2013-12-23,2013-12-23
18407,3,1,"small bagel (3"" dia)",69,g,1,2013-12-23,2013-12-23
18407,4,1,"medium bagel (3-1/2"" to 4"")",105,g,1,2013-12-23,2013-12-23
18407,5,1,"large bagel (4-1/2"" dia)",131,g,1,2013-12-23,2013-12-23
18408,1,1,oz,28.35,g,1,2013-12-23,2013-12-23
18408,2,1,"mini bagel (2-1/2"" dia)",26,g,1,2013-12-23,2013-12-23
18408,3,1,"small bagel (3"" dia)",69,g,1,2013-12-23,2013-12-23
18408,4,1,"medium bagel (3-1/2"" to 4"" dia)",105,g,1,2013-12-23,2013-12-23
18408,5,1,"large bagel (4-1/2"" dia)",131,g,1,2013-12-23,2013-12-23
18412,1,1,oz,28.35,g,1,2013-12-23,2013-12-23
18412,2,1,package (8.5 oz),241,g,1,2013-12-23,2013-12-23
18413,1,1,oz,28.35,g,1,1997-08-29,2006-11-30
18413,2,1,"pita, large (6-1/2"" dia)",60,g,1,1994-01-31,2006-11-30
18414,1,1,oz,28.35,g,1,2013-12-23,2013-12-23
18414,2,1,"slice, large",32,g,1,2013-12-23,2013-12-23
18414,3,1,slice,26,g,1,2013-12-23,2013-12-23
18414,4,1,"slice, thin",23,g,1,2013-12-23,2013-12-23
18416,1,1,oz,28.35,g,1,2013-12-23,2013-12-23
18416,2,1,"cup, crumbs",45,g,1,2013-12-23,2013-12-23
18416,3,1,"cup, cubes",35,g,1,2013-12-23,2013-12-23
18416,4,1,"slice, large",30,g,1,2013-12-23,2013-12-23
18416,5,1,slice,25,g,1,2013-12-23,2013-12-23
18416,6,1,"slice, thin",20,g,1,2013-12-23,2013-12-23
18417,1,1,oz,28.35,g,1,2013-12-23,2013-12-23
18417,2,1,individual cake,57,g,1,2013-12-23,2013-12-23
18417,3,1,piece (1/9 of 20 oz cake),63,g,1,2013-12-23,2013-12-23
18418,1,1,piece (1/10 of 10.6 oz cake),30,g,1,2013-12-23,2013-12-23
18418,2,1,piece (1/12 of 12 oz cake),28,g,1,2013-12-23,2013-12-23
18418,3,1,snack cake (2.5 oz),71,g,1,2013-12-23,2013-12-23
18419,1,1,oz,28.35,g,1,2013-12-23,2013-12-23
18419,2,1,package (18.50 oz),524,g,1,2013-12-23,2013-12-23
18420,1,1,oz,28.35,g,1,2013-12-23,2013-12-23
18420,2,1,package (18.50 oz),524,g,1,2013-12-23,2013-12-23
18421,1,1,oz,28.35,g,1,2013-12-23,2013-12-23
18421,2,1,cookie,5,g,1,2013-12-23,2013-12-23
18422,1,1,oz,28.35,g,1,2013-12-23,2013-12-23
18422,2,1,"cookie, medium (2-1/4"" dia)",10,g,1,2013-12-23,2013-12-23
18422,3,1,"cookie, bite size (include Mini Chips Ahoy!)",2.2,g,1,2013-12-23,2013-12-23
18423,1,1,oz,28.35,g,1,2013-12-23,2013-12-23
18423,2,1,"anisette sponge (4"" x 1-1/8"" x 7/8"")",13,g,1,2013-12-23,2013-12-23
18423,3,1,"breakfast treat (approx 4"" x 2"" x 7/8"")",24,g,1,2013-12-23,2013-12-23
18423,4,1,ladyfinger,11,g,1,2013-12-23,2013-12-23
18424,1,0.5,oz,14.2,g,1,2013-12-23,2013-12-23
18424,2,1,"cup, crushed",70,g,1,2013-12-23,2013-12-23
18424,3,1,cup pieces,30,g,1,2013-12-23,2013-12-23
18424,4,1,"cup, rounds",33,g,1,2013-12-23,2013-12-23
18424,5,1,melba round,3,g,1,2013-12-23,2013-12-23
18424,6,1,"piece (3-3/4"" x 1-3/4"" x 1/8"")",5,g,1,2013-12-23,2013-12-23
18424,7,1,toast,5,g,1,2013-12-23,2013-12-23
18425,1,0.5,oz,14.2,g,1,1994-09-29,2011-01-18
18425,2,1,cup oyster crackers,45,g,1,1997-08-29,2011-01-18
18425,3,1,cracker,3,g,1,2002-09-06,2011-01-18
18425,4,1,"cracker, round large",10,g,1,2002-09-06,2011-01-18
18425,5,1,"cracker, oyster",1,g,1,2002-09-06,2011-01-18
18425,6,1,"cracker, rectangle",6,g,1,2002-09-06,2006-11-30
18426,1,0.5,oz,14.2,g,1,1994-01-31,2011-01-18
18426,2,1,cracker,3,g,1,1997-08-29,2011-01-18
18427,1,0.5,oz,14.2,g,1,1994-09-29,2011-01-18
18427,2,1,"cup, bite size",62,g,1,1998-01-15,2011-01-18
18427,3,1,"cup, crushed",72,g,1,2013-12-23,2013-12-23
18427,4,1,"cracker, rectangular",4,g,1,2002-09-06,2015-01-07
18427,5,1,"cracker, oval",3,g,1,2002-09-06,2015-01-07
18427,6,1,"cracker, round",3,g,1,2002-09-06,2015-01-07
18428,1,0.5,oz,14.2,g,1,1997-08-29,2011-01-18
18428,2,1,"cup, crushed",83,g,1,2011-01-18,2011-01-18
18428,3,1,cracker,2,g,1,2011-01-18,2011-01-18
18428,4,1,"cracker, thin square",2,g,1,2011-01-18,2011-01-18
18429,1,0.5,oz,14.2,g,1,1994-09-29,2011-01-18
18429,2,1,"cup, crushed",94,g,1,1998-01-15,2011-01-18
18429,3,1,cracker,4,g,1,1999-03-22,2011-01-18
18429,4,1,"cracker, square",4,g,1,2002-09-06,2011-01-18
18429,5,10,Triscuit Bits,10,g,1,2004-07-15,2011-01-18
18430,1,1,oz,28.35,g,1,2013-12-23,2013-12-23
18430,2,1,"large (approx 7"" dia)",142,g,1,2013-12-23,2013-12-23
18430,3,1,"small or frozen (approx 3"" dia)",35,g,1,2013-12-23,2013-12-23
18430,4,1,"pastry (4-1/4"" dia)",65,g,1,2013-12-23,2013-12-23
18430,5,1,Toaster Strudel,53,g,1,2013-12-23,2013-12-23
18430,6,1,piece (1/8 of 15 oz ring),53,g,1,2013-12-23,2013-12-23
18431,1,1,oz,28.35,g,1,2013-12-23,2013-12-23
18431,2,1,container (3 oz),142,g,1,2013-12-23,2013-12-23
18431,3,1,"small or frozen (approx 3"" dia)",35,g,1,2013-12-23,2013-12-23
18431,4,1,"pastry (4-1/4"" dia)",71,g,1,2013-12-23,2013-12-23
18431,5,1,Toaster Strudel,53,g,1,2013-12-23,2013-12-23
18431,6,1,piece (1/8 of 15 oz ring),53,g,1,2013-12-23,2013-12-23
18432,1,1,oz,28.35,g,1,2013-12-23,2013-12-23
18432,2,1,slice,23,g,1,2013-12-23,2013-12-23
18433,1,1,oz,28.35,g,1,2013-12-23,2013-12-23
18433,2,1,pastry,71,g,1,2013-12-23,2013-12-23
18434,1,0.5,oz,14.2,g,1,2013-12-23,2013-12-23
18434,2,1,cup Cheez-its,62,g,1,2013-12-23,2013-12-23
18434,3,1,"cup, crushed",72,g,1,2013-12-23,2013-12-23
18434,4,1,gold fish,0.6,g,1,2013-12-23,2013-12-23
18434,5,1,"cracker (1"" square)",1,g,1,2013-12-23,2013-12-23
18435,1,1,oz,28.35,g,1,2013-12-23,2013-12-23
18435,2,1,"pastry (4-1/4"" dia)",71,g,1,2013-12-23,2013-12-23
18436,1,1,oz,28.35,g,1,2013-12-23,2013-12-23
18436,2,1,"doughnut, medium (3-1/4"" dia)",60,g,1,2013-12-23,2013-12-23
18437,1,1,oz,28.35,g,1,1997-08-29,2006-11-30
18437,2,1,muffin,57,g,1,1994-01-31,2006-11-30
18438,1,1,oz,28.35,g,1,2013-12-23,2013-12-23
18438,2,1,muffin,57,g,1,2013-12-23,2013-12-23
18439,1,1,oz,28.35,g,1,2013-12-23,2013-12-23
18439,2,1,muffin,57,g,1,2013-12-23,2013-12-23
18443,1,1,oz,28.35,g,1,1994-01-31,2006-11-30
18443,2,1,"piece (1/8 of 9"" dia)",125,g,1,1997-08-29,2006-11-30
18443,3,1,"piece (1/6 of 8"" pie)",117,g,1,2002-09-06,2006-11-30
18444,1,1,oz,28.35,g,1,1997-08-29,2006-11-30
18444,2,1,"pie (5"" x 3-3/4"")",128,g,1,1994-01-31,2006-11-30
18445,1,1,oz,28.35,g,1,1997-08-29,2006-11-30
18445,2,1,"pie (5"" x 3-3/4"")",128,g,1,1994-01-31,2006-11-30
18446,1,1,"crust, single 9""",142,g,1,1994-01-31,2006-11-30
18446,2,1,"piece (1/8 of 9"" crust)",16,g,1,1997-08-29,2006-11-30
18447,1,1,oz,28.35,g,1,2013-12-23,2013-12-23
18447,2,1,package (6 oz),170,g,1,2013-12-23,2013-12-23
18448,1,1,oz,28.35,g,1,1997-08-29,2006-11-30
18448,2,1,"medium (approx 5"" dia)",13,g,1,1994-01-31,2006-11-30
18448,3,1,"miniature (3"" dia)",5,g,1,2002-09-06,2006-11-30
18449,1,1,oz,28.35,g,1,1997-08-29,2006-11-30
18449,2,1,"tortilla, medium (approx 6"" dia)",26,g,1,1994-01-31,2006-11-30
18450,1,1,oz,28.35,g,1,1997-08-29,2006-11-30
18450,2,1,"tortilla, medium (approx 6"" dia)",32,g,1,1994-01-31,2006-11-30
18450,3,1,"tortilla (approx 10"" dia)",72,g,1,2002-09-06,2006-11-30
18450,4,1,"tortilla (approx 12"" dia)",117,g,1,2002-09-06,2006-11-30
18450,5,1,"tortilla (approx 7-8"" dia)",49,g,1,2002-09-06,2006-11-30
18451,1,1,oz,28.35,g,1,2013-12-23,2013-12-23
18451,2,1,cake,340,g,1,2013-12-23,2013-12-23
18453,1,1,oz,28.35,g,1,2013-12-23,2013-12-23
18453,2,1,package (18.50 oz),524,g,1,2013-12-23,2013-12-23
18457,1,3,saltines,15,g,1,1998-01-15,2006-11-30
18457,2,6,saltines,30,g,1,2007-11-28,2007-11-28
18459,1,1,tart,52,g,1,2013-12-23,2013-12-23
18513,1,1,serving,24,g,1,2013-12-23,2013-12-23
18529,1,1,serving,26,g,1,2013-12-23,2013-12-23
18541,1,1,serving,21,g,1,2013-12-23,2013-12-23
18544,1,1,serving,25,g,1,2013-12-23,2013-12-23
18566,1,1,muffin,31,g,1,2013-12-23,2013-12-23
18927,1,6,cracker 1 cracker = 6.5g,39,g,1,2013-12-23,2013-12-23
18927,2,1,sandwich,6.5,g,1,2013-12-23,2013-12-23
18932,1,1,"waffle, square",39,g,1,2013-12-23,2013-12-23
18932,2,1,"waffle, round",38,g,1,2013-12-23,2013-12-23
18933,1,1,oz,28,g,1,2006-02-23,2011-01-18
18933,2,1,"waffle round (4"" dia)",33,g,1,2006-02-23,2011-01-18
18934,1,1,waffle,35,g,1,2011-01-18,2011-01-18
18935,1,1,"waffle, round (4""dia)",32,g,1,2013-12-23,2013-12-23
18936,1,1,oz,28.35,g,1,2013-12-23,2013-12-23
18936,2,1,pancake,38,g,1,2013-12-23,2013-12-23
18936,3,1,serving (3 pancakes),144,g,1,2013-12-23,2013-12-23
18938,1,1,piece,53,g,1,2013-12-23,2013-12-23
18938,2,1,oz,28.35,g,1,2013-12-23,2013-12-23
18939,1,1,pastry,51,g,1,2013-12-23,2013-12-23
18940,1,1,muffin small,71,g,1,2007-12-03,2007-12-03
18940,2,1,oz,28.35,g,1,2007-12-03,2007-12-03
18942,1,1,oz,28.35,g,1,2009-01-25,2013-12-26
18942,2,1,crust,183,g,1,2009-01-25,2013-12-26
18943,1,1,crust,182,g,1,2009-01-25,2009-01-25
18944,1,0.125,"pie 1 pie (1/8 of 9"" pie)",131,g,1,2009-01-25,2009-01-25
18944,2,1,slice,137,g,1,2009-01-25,2009-01-25
18944,3,1,pie,1137,g,1,2009-01-25,2009-01-25
18944,4,1,oz,28.35,g,1,2009-01-25,2009-01-25
18945,1,1,pie crust (average weight),225,g,1,2013-12-23,2013-12-23
18946,1,1,pie crust,198,g,1,2013-12-23,2013-12-23
18947,1,1,pie crust (average weight),202,g,1,2013-12-23,2013-12-23
18948,1,1,pie crust (average weight),229,g,1,2013-12-23,2013-12-23
18949,1,1,serving,29,g,1,2010-01-04,2010-01-04
18949,2,1,cracker,4.2,g,1,2010-01-04,2010-01-04
18949,3,6,"Triscuits, regular size",29,g,1,2010-01-04,2010-01-04
18950,1,1,serving,29,g,1,2010-01-04,2010-01-04
18950,2,1,cracker,1.8,g,1,2010-01-04,2010-01-04
18950,3,16,"crackers, Wheat Thins",29,g,1,2010-01-04,2010-01-04
18951,1,2,waffles,70,g,1,2010-01-04,2015-01-07
18952,1,1,piece,12.3,g,1,2013-12-23,2013-12-23
18952,2,3,"pieces (mean serving weight, aggregated over brands)",37,g,1,2013-12-23,2013-12-23
18953,1,1,serving (approximate serving size),55,g,1,2010-01-04,2010-01-04
18953,2,1,cake square (average weight of whole item),399,g,1,2010-01-04,2010-01-04
18954,1,1,serving,55,g,1,2013-12-23,2013-12-23
18954,2,1,cake square,622,g,1,2013-12-23,2013-12-23
18955,1,1,slice (average weight of 1 slice),63,g,1,2013-12-23,2013-12-23
18959,1,1,piece,86,g,1,2013-12-23,2013-12-23
18963,1,1,slice presliced,43,g,1,2012-03-02,2012-03-02
18963,2,1,slice,59,g,1,2012-03-02,2012-03-02
18964,1,1,bun,65,g,1,2012-03-02,2012-03-02
18965,1,1,serving,30,g,1,2012-03-02,2012-03-02
18966,1,1,serving,14,g,1,2012-03-02,2012-03-02
18967,1,1,slice,28,g,1,2012-03-02,2012-03-02
18968,1,1,bagel,98,g,1,2012-03-02,2012-03-02
18969,1,4,oz,113,g,1,2012-03-02,2012-03-02
18970,1,1,tortilla,49,g,1,2012-03-02,2012-03-02
18970,2,1,package,484,g,1,2012-03-02,2012-03-02
18971,1,1,slice,32,g,1,2012-03-02,2012-03-02
18972,1,1,slice,48,g,1,2012-03-02,2012-03-02
18973,1,1,piece,57,g,1,2012-03-02,2012-03-02
19002,1,1,oz,28.35,g,1,2013-12-23,2013-12-23
19002,2,1,"piece, large",20,g,1,2013-12-23,2013-12-23
19003,1,1,oz,28,g,1,1999-03-22,2015-06-19
19003,2,1,oz,28.35,g,1,2016-02-06,2016-02-06
19003,3,1,bag (7 oz),198,g,1,2015-01-06,2015-01-06
19004,1,1,oz,28.35,g,1,1999-03-22,2006-11-30
19004,2,1,bag (7 oz),198,g,1,2002-09-06,2006-11-30
19005,1,1,oz,28.35,g,1,1994-01-31,2006-11-30
19007,1,1,oz,28.35,g,1,1999-03-22,2006-11-30
19007,2,2,oz,57,g,1,2007-11-28,2007-11-28
19008,1,1,oz crunchy (about 21 pieces),28.35,g,1,1999-03-22,2019-02-13
19008,2,1,oz puffs (about 13 pieces),28.35,g,1,1994-09-29,2019-02-13
19010,1,1,bar (1 oz),28,g,1,2013-12-23,2013-12-23
19013,1,1,oz,28.35,g,1,2013-12-23,2013-12-23
19013,2,1,package,27,g,1,2013-12-23,2013-12-23
19013,3,1,packet (.75 oz),21,g,1,2013-12-23,2013-12-23
19014,1,1,large,21,g,1,2013-12-23,2013-12-23
19014,2,1,small,14,g,1,2013-12-23,2013-12-23
19015,1,1,bar,21,g,1,1994-01-31,2012-03-02
19015,2,1,bar (1 oz),28,g,1,1999-03-22,2006-11-30
19015,3,1,bar,25,g,1,2013-12-23,2013-12-23
19016,1,1,oz,28.35,g,1,1997-08-29,2006-11-30
19016,2,1,bar,24,g,1,1994-01-31,2006-11-30
19017,1,1,oz,28.35,g,1,1997-08-29,2006-11-30
19017,2,1,bar,24,g,1,1994-01-31,2006-11-30
19018,1,1,cup,334,g,1,2016-02-06,2016-02-06
19018,2,0.25,cup,84,g,1,2016-02-06,2016-02-06
19020,1,1,bar (1 oz),28,g,1,1999-03-22,2006-11-30
19021,1,1,bar (1 oz),28,g,1,1999-03-22,2006-11-30
19022,1,1,bar (1.5 oz),43,g,1,1999-03-22,2006-11-30
19022,2,1,bar (1 oz),28,g,1,2002-09-06,2006-11-30
19024,1,1,bar (1.25 oz),35,g,1,1999-03-22,2006-11-30
19024,2,1,bar (1 oz),28,g,1,2002-09-06,2006-11-30
19025,1,1,serving,40,g,1,2019-02-13,2019-02-13
19026,1,1,oz,28.35,g,1,1997-08-29,2006-11-30
19026,2,1,bar,37,g,1,1994-01-31,2006-11-30
19027,1,1,bar (1 oz),28,g,1,1999-03-22,2006-11-30
19030,1,1,serving,20,g,1,2016-02-06,2016-02-06
19031,1,1,oz,28.35,g,1,2013-12-23,2013-12-23
19031,2,2,oz,57,g,1,2013-12-23,2013-12-23
19034,1,1,CUP,8,g,1,1999-03-22,2006-11-30
19034,2,1,oz,28.35,g,1,1994-09-29,2006-11-30
19035,1,1,CUP,11,g,1,1999-03-22,2006-11-30
19035,2,1,oz,28.35,g,1,1994-09-29,2006-11-30
19036,1,1,cake,10,g,1,2013-12-23,2013-12-23
19036,2,2,cakes,20,g,1,2013-12-23,2013-12-23
19038,1,1,oz (approx 2/3 cup),28.35,g,1,2013-12-23,2013-12-23
19038,2,2,oz,57,g,1,2013-12-23,2013-12-23
19039,1,1,oz,28.35,g,1,2013-12-23,2013-12-23
19040,1,1,cup,11,g,1,2013-12-23,2013-12-23
19040,2,1,oz,28.35,g,1,2013-12-23,2013-12-23
19041,1,1,oz,28.35,g,1,2013-12-23,2013-12-23
19041,2,0.5,oz,14.2,g,1,2013-12-23,2013-12-23
19042,1,1,oz,28.35,g,1,1999-03-22,2006-11-30
19042,2,1,bag (7 oz),198,g,1,2002-09-06,2006-11-30
19043,1,1,oz,28.35,g,1,1997-08-29,2006-11-30
19043,2,1,bag (7 oz),198,g,1,2002-09-06,2006-11-30
19045,1,1,oz,28.35,g,1,1999-03-22,2006-11-30
19045,2,1,can (6 oz),170,g,1,1994-09-29,2006-11-30
19046,1,1,oz,28.35,g,1,1997-08-29,2006-11-30
19046,2,1,can (6.75 oz),198,g,1,2002-09-06,2006-11-30
19047,1,1,oz,28.35,g,1,1999-03-22,2006-11-30
19047,2,10,twists,60,g,1,1994-09-29,2006-11-30
19048,1,1,oz,28.35,g,1,2013-12-23,2013-12-23
19048,2,1,pretzel,11,g,1,2013-12-23,2013-12-23
19050,1,1,oz,28.35,g,1,1997-08-29,2006-11-30
19050,2,2,oz,57,g,1,2007-11-27,2007-11-27
19051,1,1,cake,9,g,1,2013-12-23,2013-12-23
19051,2,2,cakes,18,g,1,2013-12-23,2013-12-23
19052,1,1,cake,9,g,1,2013-12-23,2013-12-23
19052,2,2,cakes,18,g,1,2013-12-23,2013-12-23
19053,1,1,cake,9,g,1,2013-12-23,2013-12-23
19053,2,2,cakes,18,g,1,2013-12-23,2013-12-23
19056,1,1,oz,28.35,g,1,2013-12-23,2013-12-23
19056,2,1,bag,213,g,1,2013-12-23,2013-12-23
19057,1,1,oz,28.35,g,1,2013-12-23,2013-12-23
19058,1,1,oz,28.35,g,1,2013-12-23,2013-12-23
19058,2,1,bag (7 oz),198,g,1,2013-12-23,2013-12-23
19059,1,1,cup,150,g,1,2013-12-23,2013-12-23
19059,2,1,oz,28.35,g,1,2013-12-23,2013-12-23
19059,3,1.5,oz,42,g,1,2013-12-23,2013-12-23
19061,1,1,cup,140,g,1,2013-12-23,2013-12-23
19061,2,1,oz,28.35,g,1,2013-12-23,2013-12-23
19061,3,1.5,oz,42,g,1,2013-12-23,2013-12-23
19062,1,1,cup,146,g,1,2013-12-23,2013-12-23
19062,2,1,oz,28.35,g,1,2013-12-23,2013-12-23
19062,3,1.5,oz,42,g,1,2013-12-23,2013-12-23
19063,1,1,oz,28.35,g,1,1997-08-29,2006-11-30
19063,2,1,bag (8 oz),227,g,1,2002-09-06,2006-11-30
19070,1,1,oz,28.35,g,1,2013-12-23,2013-12-23
19070,2,3,pieces,16,g,1,2013-12-23,2013-12-23
19071,1,1,oz,28.35,g,1,2013-12-23,2013-12-23
19071,2,1,bar (3 oz),87,g,1,2013-12-23,2013-12-23
19074,1,1,package (2.5 oz),71,g,1,2013-12-23,2013-12-23
19074,2,1,piece,10.1,g,1,2013-12-23,2013-12-23
19076,1,1,piece,6.6,g,1,2013-12-23,2013-12-23
19076,2,1,bar 2.25 oz,64,g,1,2013-12-23,2013-12-23
19076,3,1,serving 6 pieces,40,g,1,2013-12-23,2013-12-23
19077,1,1,oz,28.35,g,1,1997-08-29,2006-11-30
19078,1,1,oz square Bakers,29,g,1,1994-11-02,2013-12-26
19078,2,1,"cup, grated",132,g,1,2002-09-06,2009-02-11
19078,3,0.5,oz Hersheys,14.2,g,1,2013-12-23,2013-12-23
19079,1,1,cup chips,170,g,1,2013-12-23,2013-12-23
19080,1,1,serving,14.5,g,1,1999-03-22,2013-12-26
19080,2,1,cup large chips,182,g,1,1994-09-29,2006-11-30
19080,3,1,cup mini chips,173,g,1,2002-09-06,2006-11-30
19080,4,1,oz (approx 60 pcs),28.35,g,1,2002-09-06,2006-11-30
19080,5,1,cup chips (6 oz package),168,g,1,2013-12-23,2013-12-23
19081,1,1,oz,28.35,g,1,2013-12-23,2013-12-23
19081,2,1,bar (1.45 oz),41,g,1,2013-12-23,2013-12-23
19083,1,1,"patty, large",43,g,1,2013-12-23,2013-12-23
19083,2,1,"patty, small",11,g,1,2013-12-23,2013-12-23
19085,1,1,cup chips,170,g,1,2013-12-23,2013-12-23
19085,2,1,oz,28.35,g,1,2013-12-23,2013-12-23
19086,1,1,cup chips,168,g,1,2013-12-23,2013-12-23
19086,2,1,oz,28.35,g,1,2013-12-23,2013-12-23
19087,1,1,bar (3 oz),85,g,1,2013-12-23,2013-12-23
19087,2,1,tbsp,14,g,1,2013-12-23,2013-12-23
19087,3,1,cup chips,170,g,1,2013-12-23,2013-12-23
19088,1,1,serving 1/2 cup,76,g,1,1994-09-29,2006-11-30
19089,1,0.5,CUP,107,g,1,1994-09-29,2006-11-30
19090,1,0.5,cup (4 fl oz),86,g,1,1994-01-31,2006-11-30
19094,1,0.5,cup,153,g,1,2013-12-23,2013-12-23
19094,2,1,recipe yield,1531,g,1,2013-12-23,2013-12-23
19095,1,1,serving 1/2 cup,66,g,1,1994-09-29,2009-02-11
19096,1,1,serving 1/2 cup,88,g,1,1994-09-29,2006-11-30
19097,1,0.5,cup (4 fl oz),74,g,1,1998-01-15,2006-11-30
19097,2,1,bar (2.75 fl oz),66,g,1,1994-09-29,2006-11-30
19099,1,1,oz,28.35,g,1,2013-12-23,2013-12-23
19100,1,1,piece,17,g,1,2013-12-23,2013-12-23
19101,1,1,oz,28.35,g,1,2013-12-23,2013-12-23
19102,1,1,piece,16,g,1,2013-12-23,2013-12-23
19103,1,1,oz,28.35,g,1,2013-12-23,2013-12-23
19104,1,1,oz,28.35,g,1,2013-12-23,2013-12-23
19106,1,1,cup gumdrops,182,g,1,2013-12-23,2013-12-23
19106,2,10,gumdrops,36,g,1,2013-12-23,2013-12-23
19106,3,10,gummy bears,22,g,1,2013-12-23,2013-12-23
19106,4,10,gummy dinosaurs,63,g,1,2013-12-23,2013-12-23
19106,5,10,gummy fish,50,g,1,2013-12-23,2013-12-23
19106,6,10,gummy worms,74,g,1,2013-12-23,2013-12-23
19106,7,1,spice stick,9.5,g,1,2013-12-23,2013-12-23
19106,8,1,spice drop,24,g,1,2013-12-23,2013-12-23
19106,9,1,"gumdrop, small (1/2"" dia)",3.2,g,1,2013-12-23,2013-12-23
19106,10,1,"gumdrop, medium (3/4"" dia)",4.2,g,1,2013-12-23,2013-12-23
19106,11,1,"gumdrop, large (1"" dia)",11.6,g,1,2013-12-23,2013-12-23
19106,12,1,"jelly ring (1-1/4"" dia)",10,g,1,2013-12-23,2013-12-23
19107,1,1,oz,28.35,g,1,2013-12-23,2013-12-23
19107,2,1,piece,6,g,1,2013-12-23,2013-12-23
19107,3,1,"piece, small",3,g,1,2013-12-23,2013-12-23
19108,1,10,small,11,g,1,2013-12-23,2013-12-23
19108,2,10,large (1 oz),28,g,1,2013-12-23,2013-12-23
19113,1,1,serving 1/4 cup,73,g,1,1994-01-31,2016-02-06
19114,1,1,serving,68,g,1,2013-12-23,2013-12-23
19114,2,1,unit,100,g,1,2015-01-06,2015-01-06
19116,1,1,cup of miniature,50,g,1,2013-12-23,2013-12-23
19116,2,10,miniatures,7,g,1,2013-12-23,2013-12-23
19116,3,1,regular,7.2,g,1,2013-12-23,2013-12-23
19117,1,1,oz,28.35,g,1,2013-12-23,2013-12-23
19120,1,1,"bar, miniature",7,g,1,2013-12-23,2013-12-23
19120,2,1,bar (1.55 oz),44,g,1,2013-12-23,2013-12-23
19120,3,1,cup chips,168,g,1,2013-12-23,2013-12-23
19121,1,0.5,cup From 19191,147,g,1,2013-12-23,2013-12-23
19122,1,0.5,cup From 19211,142,g,1,2013-12-23,2013-12-23
19123,1,0.5,cup From 19211,142,g,1,2013-12-23,2013-12-23
19124,1,1,tablet,20,g,1,2013-12-23,2013-12-23
19125,1,1,serving 2 TBSP,37,g,1,2013-12-23,2013-12-23
19126,1,1,cup,149,g,1,2013-12-23,2013-12-23
19126,2,10,pieces,40,g,1,2013-12-23,2013-12-23
19127,2,1,cup,180,g,1,2013-12-23,2013-12-23
19127,3,10,pieces,10,g,1,2013-12-23,2013-12-23
19128,1,1,serving 1/4 cup,73,g,1,1994-09-29,2013-12-26
19128,2,1,TBSP,15,g,1,1999-03-22,2006-11-30
19128,3,1,oz,28.35,g,1,2002-09-06,2006-11-30
19128,4,1,cup,240,g,1,2013-12-23,2013-12-23
19129,1,1,CUP,314,g,1,1994-01-31,2006-11-30
19129,2,1,TBSP,20,g,1,2002-09-06,2006-11-30
19132,1,1,bar (1.45 oz),41,g,1,2013-12-23,2013-12-23
19132,2,1,bar (1.55 oz),44,g,1,2013-12-23,2013-12-23
19134,1,1,bar (1.4 oz),40,g,1,2013-12-23,2013-12-23
19134,2,1,bar (1.45 oz),45,g,1,2013-12-23,2013-12-23
19134,3,1,bar (1.65 oz),47,g,1,2013-12-23,2013-12-23
19134,4,1,"bar, miniature",10,g,1,2013-12-23,2013-12-23
19134,5,1,bar (1.55 oz),44,g,1,2013-12-23,2013-12-23
19137,1,2,tbsp,42,g,1,1994-01-31,2013-12-26
19137,2,1,serving,40,g,1,2002-09-06,2013-12-26
19137,3,1,cup,340,g,1,2013-12-23,2013-12-23
19138,1,1,piece,12,g,1,2013-12-23,2013-12-23
19138,2,1,"recipe yield, recipe makes 49     1 "" x 1""     pieces",612,g,1,2013-12-23,2013-12-23
19147,1,1,oz,28.35,g,1,2013-12-23,2013-12-23
19147,2,1,bar (1.4 oz),40,g,1,2013-12-23,2013-12-23
19147,3,1,bar (1.6 oz),45,g,1,2013-12-23,2013-12-23
19147,4,1,bar (1.75 fl oz),50,g,1,2013-12-23,2013-12-23
19148,1,1,oz,28.35,g,1,2013-12-23,2013-12-23
19154,1,1,oz,28.35,g,1,2013-12-23,2013-12-23
19154,2,1,piece,1.8,g,1,2013-12-23,2013-12-23
19154,3,20,pieces,35,g,1,2013-12-23,2013-12-23
19163,1,1,stick,3,g,1,2013-12-23,2013-12-23
19163,2,10,Chiclets,16,g,1,2013-12-23,2013-12-23
19163,3,1,block,8,g,1,2013-12-23,2013-12-23
19165,1,1,CUP,86,g,1,1994-01-31,2006-11-30
19165,2,1,TBSP,5.4,g,1,2002-09-06,2006-11-30
19166,1,1,CUP,86,g,1,1994-01-31,2006-11-30
19166,2,1,TBSP,5.4,g,1,2002-09-06,2006-11-30
19168,1,0.5,cup,141,g,1,2013-12-23,2013-12-23
19168,2,1,recipe yield,563,g,1,2013-12-23,2013-12-23
19169,1,1,package (3 oz),85,g,1,2013-12-23,2013-12-23
19169,2,1,"portion, amount to make 1/2 cup",21,g,1,2013-12-23,2013-12-23
19170,1,0.5,cup,141,g,1,2013-12-23,2013-12-23
19172,1,1,package (3 oz),85,g,1,1994-09-29,2006-11-30
19172,2,1,"portion, amount to make 1/2 cup",21,g,1,1999-03-22,2006-11-30
19173,1,0.5,cup,135,g,1,1994-09-29,2013-12-26
19173,2,1,serving,21,g,1,1999-03-22,2013-12-26
19173,3,1,"package 3 oz, yields 2 cups",540,g,1,2013-12-23,2013-12-23
19175,1,1,serving,6.4,g,1,1994-09-29,2006-11-30
19176,1,0.5,CUP,117,g,1,1994-01-31,2006-11-30
19176,2,1,package yield (2 cups),469,g,1,2002-09-06,2006-11-30
19177,1,1,envelope (1 tbsp),7,g,1,1997-08-29,2006-11-30
19177,2,1,package (1 oz),28,g,1,1994-11-17,2006-11-30
19182,1,1,recipe yield,808,g,1,2013-12-23,2013-12-23
19182,2,0.5,cup,202,g,1,2013-12-23,2013-12-23
19183,1,1,oz,28.35,g,1,2013-12-23,2013-12-23
19183,2,1,"container refrigerated, 4 oz",108,g,1,2013-12-23,2016-02-06
19183,3,1,"container shelf stable, 3.5 oz",98,g,1,2013-12-23,2016-02-06
19184,1,1,package (3.5 oz),99,g,1,2013-12-23,2013-12-23
19184,2,1,"portion, amount to make 1/2 cup",25,g,1,2013-12-23,2013-12-23
19185,1,0.5,CUP,147,g,1,1994-01-31,2006-11-30
19185,2,1,package yield (2 cups),587,g,1,2002-09-06,2006-11-30
19186,1,0.5,cup,141,g,1,2013-12-23,2013-12-23
19186,2,1,recipe yield,844,g,1,2013-12-23,2013-12-23
19188,1,1,package (3.5 oz),99,g,1,2013-12-23,2013-12-23
19188,2,1,"portion, amount to make 1/2 cup",25,g,1,2013-12-23,2013-12-23
19189,1,0.5,CUP,142,g,1,1999-03-22,2006-11-30
19189,2,1,package yield (2 cups),570,g,1,1994-01-31,2006-11-30
19190,1,0.5,cup,128,g,1,2013-12-23,2013-12-23
19191,1,0.5,CUP,147,g,1,1994-01-31,2006-11-30
19191,2,1,package yield (2 cups),587,g,1,2002-09-06,2006-11-30
19193,1,1,serving 4 oz pudding cup,113,g,1,1997-08-29,2013-12-26
19193,2,1,oz,28.35,g,1,2002-09-06,2013-12-26
19193,3,1,can (5 oz),142,g,1,2007-11-28,2013-12-26
19193,4,1,cup,172,g,1,2013-12-23,2013-12-23
19193,5,0.5,cup,92,g,1,2013-12-23,2013-12-23
19195,1,0.5,cup,128,g,1,2013-12-23,2013-12-23
19199,1,0.5,cup,128,g,1,2013-12-23,2013-12-23
19201,1,1,oz,28.35,g,1,2013-12-23,2013-12-23
19201,2,1,container refrigerated 4 oz,110,g,1,2013-12-23,2013-12-23
19201,3,1,container shelf stable 3.5 oz,97,g,1,2013-12-23,2013-12-23
19202,1,1,package (3.5 oz),99,g,1,2013-12-23,2013-12-23
19202,2,1,"portion, amount to make 1/2 cup",25,g,1,2013-12-23,2013-12-23
19203,1,0.5,CUP,142,g,1,1994-01-31,2006-11-30
19203,2,1,package yield (2 cups),569,g,1,2002-09-06,2006-11-30
19204,1,1,serving,8,g,1,2013-12-23,2013-12-23
19204,2,1,package,32,g,1,2013-12-23,2013-12-23
19205,1,0.5,cup,141,g,1,2013-12-23,2013-12-23
19206,1,1,package (3.12 oz),88,g,1,2013-12-23,2013-12-23
19206,2,1,"portion, amount to make 1/2 cup",22,g,1,2013-12-23,2013-12-23
19207,1,0.5,CUP,140,g,1,1999-03-22,2006-11-30
19207,2,1,package yield (2 cups),559,g,1,1994-01-31,2006-11-30
19208,1,0.5,cup,128,g,1,2013-12-23,2013-12-23
19209,1,0.5,cup,128,g,1,2013-12-23,2013-12-23
19212,1,0.5,cup,128,g,1,2013-12-23,2013-12-23
19213,1,0,cup,142,g,1,2019-02-13,2019-02-13
19214,1,0,cup,142,g,1,2019-02-13,2019-02-13
19216,1,1,piece,39,g,1,2013-12-23,2013-12-23
19216,2,1,recipe yield,907,g,1,2013-12-23,2013-12-23
19217,1,1,bar,51,g,1,1994-01-31,2006-11-30
19218,1,1,oz,28.35,g,1,2013-12-23,2013-12-23
19218,2,1,container refrigerated 4 oz,110,g,1,2013-12-23,2013-12-23
19218,3,1,container,97,g,1,2013-12-23,2016-02-06
19219,1,0.5,CUP,140,g,1,1994-01-31,2006-11-30
19219,2,1,package yield (2 cups),559,g,1,2002-09-06,2006-11-30
19220,1,1,tbsp,9,g,1,2013-12-23,2013-12-23
19220,2,1,package (2 oz),57,g,1,2013-12-23,2013-12-23
19221,1,0,cup,142,g,1,2019-02-13,2019-02-13
19225,1,1,package (0.35 oz),9.9,g,1,2013-12-23,2013-12-23
19226,1,2,tbsp creamy,41,g,1,1994-01-31,2006-11-30
19227,1,0.083,package,38,g,1,1994-01-31,2016-03-09
19227,2,2,tbsp,35,g,1,1999-03-22,2013-12-26
19227,3,1,package (16 oz),462,g,1,2013-12-23,2013-12-23
19228,1,2,tbsp creamy,33,g,1,1994-01-31,2006-11-30
19228,2,2,tbsp whipped,24,g,1,1999-03-22,2006-11-30
19230,1,0.083,package,38,g,1,1994-01-31,2016-03-09
19230,2,2,tbsp creamy,33,g,1,1999-03-22,2013-12-26
19230,3,1,package (16 oz),462,g,1,2013-12-23,2013-12-23
19231,1,0,cup,141,g,1,2019-02-13,2019-02-13
19232,1,0,cup,141,g,1,2019-02-13,2019-02-13
19233,1,1,serving 3.5 oz shelf stable,99,g,1,2013-12-23,2013-12-23
19234,1,1,container refrigerated 4 oz,112,g,1,2013-12-23,2013-12-23
19235,1,1,serving 4 oz,113,g,1,2013-12-23,2013-12-23
19241,1,2,tablespoon,33,g,1,2013-12-23,2013-12-23
19247,1,1,package yields,315,g,1,1994-01-31,2006-11-30
19247,2,0.083,package,26,g,1,2002-09-06,2006-11-30
19260,1,1,serving 1/2 cup,68,g,1,2013-12-23,2013-12-23
19263,1,1,bar (2.5 fl oz),77,g,1,1994-01-31,2006-11-30
19263,2,1,bar (3 fl oz),92,g,1,2002-09-06,2006-11-30
19265,1,1,serving 1/2 cup,72,g,1,2013-12-23,2013-12-23
19268,1,1,serving 28 pieces,40,g,1,2013-12-23,2013-12-23
19270,1,1,individual (3.5 fl oz),58,g,1,1994-01-31,2006-11-30
19270,2,0.5,cup (4 fl oz),66,g,1,2002-09-06,2006-11-30
19271,1,1,individual (3.5 fl oz),58,g,1,1994-01-31,2006-11-30
19271,2,0.5,cup (4 fl oz),66,g,1,2002-09-06,2006-11-30
19274,1,1,serving,21,g,1,2013-12-23,2013-12-23
19274,2,1,packet,14.2,g,1,2013-12-23,2013-12-23
19279,1,1,oz,28.35,g,1,2013-12-23,2013-12-23
19280,1,0.5,cup (4 fl oz),99,g,1,1994-09-29,2006-11-30
19281,1,1,fl oz,29,g,1,2013-12-23,2013-12-23
19281,2,0.5,cup,116,g,1,2013-12-23,2013-12-23
19283,1,1,serving 1.75 fl oz pop,52,g,1,1994-09-29,2006-11-30
19293,1,0.5,CUP,72,g,1,1997-08-29,2006-11-30
19294,1,1,tbsp,17,g,1,1994-01-31,2013-12-26
19294,2,1,serving,17,g,1,2002-09-06,2013-12-26
19294,3,1,cup,282,g,1,2013-12-23,2013-12-23
19296,1,1,CUP,339,g,1,1994-01-31,2006-11-30
19296,2,1,TBSP,21,g,1,1997-08-29,2006-11-30
19296,3,1,packet (0.5 oz),14,g,1,2002-09-06,2006-11-30
19297,1,1,TBSP,20,g,1,1994-01-31,2006-11-30
19297,2,1,packet (0.5 oz),14,g,1,2002-09-06,2006-11-30
19300,1,1,serving 1 tbsp,21,g,1,1995-06-19,2006-11-30
19300,2,1,packet (0.5 oz),14,g,1,1999-03-22,2006-11-30
19301,1,1,oz,28.35,g,1,2013-12-23,2013-12-23
19303,1,1,tbsp,20,g,1,1994-09-29,2013-12-26
19303,2,1,package (0.5 oz),14,g,1,1999-03-22,2013-12-26
19303,3,1,serving,20,g,1,2002-09-06,2013-12-26
19303,4,1,cup,320,g,1,2013-12-23,2013-12-23
19304,1,1,CUP,337,g,1,1994-01-31,2006-11-30
19304,2,1,serving 1 tbsp,20,g,1,2002-09-06,2006-11-30
19310,1,1,package (1.75 oz),50,g,1,2013-12-23,2013-12-23
19312,1,0.125,can,74,g,1,1994-01-31,2016-03-09
19312,2,1,serving,85,g,1,2002-09-06,2013-12-26
19312,3,1,can (21 oz),595,g,1,2013-12-23,2013-12-23
19314,1,0.125,can,74,g,1,1999-03-22,2016-03-09
19314,2,1,can (21 oz),595,g,1,1994-01-31,2013-12-26
19318,1,1,package (3.5 oz),99,g,1,2013-12-23,2013-12-23
19318,2,1,"portion, amount to make 1/2 cup",25,g,1,2013-12-23,2013-12-23
19319,1,0.5,cup,127,g,1,2013-12-23,2013-12-23
19320,1,1,package (3.12 oz),88,g,1,2013-12-23,2013-12-23
19320,2,1,"portion, amount to make 1/2 cup",22,g,1,2013-12-23,2013-12-23
19321,1,0.5,cup,127,g,1,2013-12-23,2013-12-23
19322,1,1,package (3.5 oz),99,g,1,2013-12-23,2013-12-23
19322,2,1,"portion, amount to make 1/2 cup",25,g,1,2013-12-23,2013-12-23
19323,1,0.5,CUP,147,g,1,1994-01-31,2006-11-30
19323,2,1,package yield (2 cups),587,g,1,2002-09-06,2006-11-30
19324,1,1,package (3.12 oz),88,g,1,2013-12-23,2013-12-23
19324,2,1,"portion, amount to make 1/2 cup",25,g,1,2013-12-23,2013-12-23
19325,1,0.5,CUP,140,g,1,1994-01-31,2006-11-30
19325,2,1,package yield (2 cups),559,g,1,2002-09-06,2006-11-30
19330,1,1,package (3.5 oz),99,g,1,2013-12-23,2013-12-23
19330,2,1,"portion, amount to make 1/2 cup",25,g,1,2013-12-23,2013-12-23
19331,1,0.5,CUP,147,g,1,1994-01-31,2006-11-30
19331,2,1,package yield (2 cups),587,g,1,2002-09-06,2006-11-30
19333,1,0.5,cup,127,g,1,2013-12-23,2013-12-23
19334,1,1,tsp unpacked,3,g,1,1994-01-31,2013-12-26
19334,2,1,cup packed,220,g,1,1998-01-15,2013-12-26
19334,3,1,cup unpacked,145,g,1,2002-09-06,2013-12-26
19334,4,1,tsp packed,4.6,g,1,2002-09-06,2009-02-11
19334,5,1,tsp brownulated,3.2,g,1,2002-09-06,2013-12-26
19335,1,1,serving packet,2.8,g,1,1994-01-31,2006-11-30
19335,2,1,tsp,4.2,g,1,1998-01-15,2006-11-30
19335,3,1,CUP,200,g,1,2002-09-06,2006-11-30
19335,4,1,serving 1 cube,2.3,g,1,2002-09-06,2006-11-30
19336,1,1,cup unsifted,120,g,1,1994-09-29,2006-11-30
19336,2,1,cup sifted,100,g,1,2015-01-06,2015-01-06
19336,3,1,tbsp unsifted,8,g,1,1998-01-15,2006-11-30
19336,4,1,tsp,2.5,g,1,2004-07-15,2006-11-30
19337,1,1,tsp,3.5,g,1,2013-12-23,2013-12-23
19337,2,1,serving 1 packet,1,g,1,2013-12-23,2013-12-23
19340,1,1,tsp,3,g,1,1994-09-29,2006-11-30
19340,2,1,oz,28.35,g,1,1997-08-29,2006-11-30
19340,3,1,"piece (1-3/4"" x 1-1/4"" x 1/2"")",28,g,1,1998-01-15,2006-11-30
19348,1,1,CUP,304,g,1,1994-01-31,2006-11-30
19348,2,2,TBSP,38,g,1,1999-02-12,2006-11-30
19349,1,1,CUP,328,g,1,1994-01-31,2006-11-30
19349,2,1,TBSP,20,g,1,2002-09-06,2006-11-30
19350,1,1,CUP,341,g,1,1994-01-31,2006-11-30
19350,2,1,tbsp,22,g,1,2002-09-06,2009-02-11
19351,1,1,CUP,310,g,1,1994-01-31,2006-11-30
19351,2,1,TBSP,19,g,1,2002-09-06,2006-11-30
19352,1,1,cup,332,g,1,2013-12-23,2013-12-23
19352,2,1,tbsp,21,g,1,2013-12-23,2013-12-23
19353,1,1,tbsp,20,g,1,2013-12-23,2013-12-23
19353,2,1,serving 1/4 cup,83,g,1,2002-09-06,2013-12-26
19353,3,1,cup,315,g,1,2013-12-23,2013-12-23
19355,1,1,cup,330,g,1,2013-12-23,2013-12-23
19355,2,1,tbsp,21,g,1,2013-12-23,2013-12-23
19360,1,1,tbsp,20,g,1,1994-01-31,2013-12-26
19360,2,1,serving 1/4 cup,83,g,1,2002-09-06,2013-12-26
19360,3,1,cup,315,g,1,2013-12-23,2013-12-23
19362,1,1,CUP,316,g,1,1994-01-31,2006-11-30
19362,2,1,TBSP,20,g,1,2002-09-06,2006-11-30
19364,1,2,TBSP,41,g,1,1994-01-31,2006-11-30
19365,1,1,oz,28.35,g,1,1998-01-15,2006-11-30
19365,2,1,jar,198,g,1,1997-08-29,2006-11-30
19366,1,1,CUP,340,g,1,1994-01-31,2006-11-30
19366,2,2,TBSP,42,g,1,2002-09-06,2006-11-30
19367,1,1,CUP,328,g,1,1994-09-29,2006-11-30
19367,2,2,TBSP,41,g,1,1999-03-22,2006-11-30
19371,1,2,tablespoon,33,g,1,2013-12-23,2013-12-23
19372,1,2,tablespoon,33,g,1,2013-12-23,2013-12-23
19375,1,1,recipe yield,327,g,1,2013-12-23,2013-12-23
19379,1,1,piece,20,g,1,2013-12-23,2013-12-23
19379,2,1,recipe yield (60 pieces),1229,g,1,2013-12-23,2013-12-23
19382,1,1,piece,15,g,1,2013-12-23,2013-12-23
19383,1,1,piece,12,g,1,2013-12-23,2013-12-23
19384,1,1,piece,11,g,1,2013-12-23,2013-12-23
19387,1,0.5,cup (4 fl oz),99,g,1,2013-12-23,2013-12-23
19393,1,0.5,cup (4 fl oz),72,g,1,1994-01-31,2006-11-30
19400,1,1,oz,28.35,g,1,1995-06-19,2006-11-30
19400,2,3,oz,85,g,1,2007-11-28,2007-11-28
19400,3,1.5,oz,42,g,1,2007-11-28,2007-11-28
19401,1,1,oz,28.35,g,1,1996-09-30,2006-11-30
19401,2,2,oz,57,g,1,2007-11-28,2007-11-28
19403,1,1,bar (1 oz),28,g,1,2012-03-02,2012-03-02
19404,1,1,bar (1.5 oz),43,g,1,1999-03-22,2006-11-30
19404,2,1,bar (1 oz),28,g,1,2002-09-06,2006-11-30
19405,1,1,bar (1 oz),28,g,1,1999-03-22,2006-11-30
19406,1,1,bar (1 oz),28,g,1,1999-03-22,2006-11-30
19407,1,1,oz,28.35,g,1,2013-12-23,2013-12-23
19407,2,1,stick,20,g,1,2013-12-23,2013-12-23
19408,1,1,oz,28.35,g,1,2013-12-23,2013-12-23
19408,2,0.5,oz,14.2,g,1,2013-12-23,2013-12-23
19409,1,2,tablespoon,33,g,1,2013-12-23,2013-12-23
19410,1,1,oz,28,g,1,2015-01-06,2015-06-19
19410,2,16,chips,26,g,1,1994-09-29,2015-01-07
19410,3,1,oz,28.35,g,1,2016-02-06,2016-02-06
19410,4,1,can (7 oz),198,g,1,2015-01-06,2015-01-06
19411,1,1,oz,28,g,1,2015-01-06,2015-06-19
19411,2,22,chips,28,g,1,1994-09-29,2015-01-07
19411,3,1,oz,28.35,g,1,2016-02-06,2016-02-06
19411,4,1,bag (8 oz),227,g,1,2015-01-06,2015-01-06
19412,1,1,oz,28.35,g,1,1997-08-29,2006-11-30
19412,2,1,can (6.25 oz),191,g,1,2002-09-06,2006-11-30
19413,1,1,cake,9,g,1,2013-12-23,2013-12-23
19413,2,2,cakes,18,g,1,2013-12-23,2013-12-23
19414,1,1,cake,9,g,1,2013-12-23,2013-12-23
19414,2,2,cakes,18,g,1,2013-12-23,2013-12-23
19415,1,1,oz,28.35,g,1,2013-12-23,2013-12-23
19415,2,0.5,cup,18,g,1,2013-12-23,2013-12-23
19416,1,1,cake,9,g,1,2013-12-23,2013-12-23
19416,2,2,cakes,18,g,1,2013-12-23,2013-12-23
19418,1,1,oz,28.35,g,1,2013-12-23,2013-12-23
19418,2,2,oz,57,g,1,2013-12-23,2013-12-23
19419,1,1,cake,9,g,1,2010-01-04,2010-01-04
19419,2,2,cakes,18,g,1,2010-01-04,2010-01-04
19420,1,1,oz,28.35,g,1,1997-08-29,2006-11-30
19420,2,1,bar,24,g,1,1994-01-31,2006-11-30
19421,1,1,oz,28.35,g,1,1997-08-29,2006-11-30
19421,2,1,bag (6 oz),170,g,1,2002-09-06,2006-11-30
19422,1,1,oz,28.35,g,1,1997-08-29,2006-11-30
19422,2,1,bag (6 oz),170,g,1,1998-01-15,2006-11-30
19423,1,1,oz,28.35,g,1,2013-12-23,2013-12-23
19424,1,1,oz,28.35,g,1,1997-08-29,2006-11-30
19424,2,1,bag (6 oz),170,g,1,2002-09-06,2006-11-30
19433,1,1,oz,28.35,g,1,2013-12-23,2013-12-23
19434,1,1,oz,28.35,g,1,2013-12-23,2013-12-23
19436,1,1,oz,28.35,g,1,2013-12-23,2013-12-23
19437,1,1,oz,28.35,g,1,2013-12-23,2013-12-23
19437,2,1,bag (8 oz),227,g,1,2013-12-23,2013-12-23
19444,1,1,oz,28.35,g,1,2013-12-23,2013-12-23
19445,1,1,oz,28.35,g,1,2013-12-23,2013-12-23
19524,1,1,oz,28.35,g,1,2013-12-23,2013-12-23
19524,2,10,chips,23,g,1,2013-12-23,2013-12-23
19701,1,1,cup chips (6 oz package),170,g,1,2013-12-23,2013-12-23
19701,2,1,cup large chips,182,g,1,2013-12-23,2013-12-23
19701,3,1,cup mini chips,173,g,1,2013-12-23,2013-12-23
19701,4,1,oz (approx 60 pcs),28.35,g,1,2013-12-23,2013-12-23
19702,1,1,package (3 oz),85,g,1,1999-03-22,2006-11-30
19702,2,1,"portion, amount to make 1/2 cup",21,g,1,1994-01-31,2006-11-30
19703,1,1,TBSP,9,g,1,1997-08-29,2006-11-30
19703,2,1,package (0.35 oz),10,g,1,1994-01-31,2006-11-30
19703,3,1,"portion, amount to make 1/2 cup",2.5,g,1,2002-09-06,2006-11-30
19704,1,1,TBSP,9,g,1,1997-08-29,2006-11-30
19704,2,1,package (0.35 oz),10,g,1,1994-01-31,2006-11-30
19704,3,1,"portion, amount to make 1/2 cup",2.5,g,1,2002-09-06,2006-11-30
19705,1,1,package (3.5 oz),99,g,1,2013-12-23,2013-12-23
19705,2,1,"portion, amount to make 1/2 cup",25,g,1,2013-12-23,2013-12-23
19706,1,1,package (3.12 oz),88,g,1,2013-12-23,2013-12-23
19706,2,1,"portion, amount to make 1/2 cup",22,g,1,2013-12-23,2013-12-23
19708,1,1,package (3 oz),85,g,1,2013-12-23,2013-12-23
19708,2,1,"portion, amount to make 1/2 cup",21,g,1,2013-12-23,2013-12-23
19710,1,1,package (3.12 oz),88,g,1,2013-12-23,2013-12-23
19710,2,1,"portion, amount to make 1/2 cup",22,g,1,2013-12-23,2013-12-23
19719,1,1,TBSP,20,g,1,1994-01-31,2006-11-30
19719,2,1,packet (0.5 oz),14,g,1,2002-09-06,2006-11-30
19720,1,1,CUP,315,g,1,1994-01-31,2006-11-30
19720,2,1,TBSP,20,g,1,2002-09-06,2006-11-30
19800,1,1,cake,9,g,1,2013-12-23,2013-12-23
19800,2,2,cakes,18,g,1,2013-12-23,2013-12-23
19802,1,1,oz,28.35,g,1,1997-08-29,2006-11-30
19802,2,1,bag (8 oz),227,g,1,2002-09-06,2006-11-30
19804,1,1,oz,28.35,g,1,2013-12-23,2013-12-23
19806,1,1,CUP,8,g,1,1994-01-31,2006-11-30
19806,2,1,oz,28.35,g,1,1997-08-29,2006-11-30
19807,1,1,CUP,11,g,1,1994-01-31,2006-11-30
19807,2,1,oz,28.35,g,1,1997-08-29,2006-11-30
19809,1,1,oz,28.35,g,1,1997-08-29,2006-11-30
19809,2,1,bag (8 oz),227,g,1,2002-09-06,2006-11-30
19810,1,1,oz,28.35,g,1,1997-08-29,2006-11-30
19810,2,1,bag (8 oz),227,g,1,2002-09-06,2006-11-30
19811,1,1,oz,28.35,g,1,1997-08-29,2006-11-30
19811,2,1,bag (8 oz),227,g,1,1995-06-19,2006-11-30
19812,1,1,oz,28.35,g,1,1997-08-29,2006-11-30
19812,2,10,twists,60,g,1,1994-01-31,2006-11-30
19813,1,1,oz,28.35,g,1,1997-08-29,2006-11-30
19813,2,10,twists,60,g,1,1994-01-31,2006-11-30
19814,1,1,oz,28.35,g,1,1999-03-22,2006-11-30
19814,2,10,twists,60,g,1,1994-09-29,2006-11-30
19816,1,1,cake,9,g,1,2013-12-23,2013-12-23
19816,2,2,cakes,18,g,1,2013-12-23,2013-12-23
19817,1,1,cake,9,g,1,2013-12-23,2013-12-23
19817,2,2,cakes,18,g,1,2013-12-23,2013-12-23
19818,1,1,cake,9,g,1,2013-12-23,2013-12-23
19818,2,2,cakes,18,g,1,2013-12-23,2013-12-23
19819,1,1,cake,9,g,1,2013-12-23,2013-12-23
19819,2,2,cakes,18,g,1,2013-12-23,2013-12-23
19820,1,1,oz,28.35,g,1,2013-12-23,2013-12-23
19820,2,2,oz,57,g,1,2013-12-23,2013-12-23
19821,1,1,cup,150,g,1,2013-12-23,2013-12-23
19821,2,1,oz,28.35,g,1,2013-12-23,2013-12-23
19821,3,1.5,oz,42,g,1,2013-12-23,2013-12-23
19822,1,1,cup,146,g,1,2013-12-23,2013-12-23
19822,2,1,oz,28.35,g,1,2013-12-23,2013-12-23
19822,3,1.5,oz,42,g,1,2013-12-23,2013-12-23
19823,1,1,oz,28.35,g,1,2013-12-23,2013-12-23
19833,1,1,oz,28.35,g,1,2013-12-23,2013-12-23
19857,1,1,oz,28.35,g,1,2013-12-23,2013-12-23
19858,1,1,piece,3.5,g,1,2013-12-23,2013-12-23
19860,1,1,tablespoon Ghirardelli label 2011,6,g,1,2013-12-23,2013-12-23
19860,2,1,tablespoon Hershey's label 2011,5,g,1,2013-12-23,2013-12-23
19860,3,1,container Ghirardelli label 2011,283,g,1,2013-12-23,2013-12-23
19866,1,3,pieces,42,g,1,2013-12-23,2013-12-23
19867,1,0.5,cup,67,g,1,2013-12-23,2013-12-23
19898,1,1,individual (3.5 fl oz),58,g,1,2007-12-03,2007-12-03
19898,2,0.5,cup (4 fl oz),66,g,1,2007-12-03,2007-12-03
19899,1,1,individual (3.5 fl oz),58,g,1,2007-12-03,2007-12-03
19902,1,1,oz,28.35,g,1,2013-12-23,2013-12-23
19902,2,1,bar,162,g,1,2013-12-23,2013-12-23
19903,1,1,oz,28.35,g,1,2013-12-23,2013-12-23
19903,2,1,bar,112,g,1,2013-12-23,2013-12-23
19904,1,1,oz,28.35,g,1,2013-12-23,2013-12-23
19904,2,1,bar,101,g,1,2013-12-23,2013-12-23
19905,1,1,oz,28.35,g,1,2013-12-23,2013-12-23
19905,2,1,bar,127,g,1,2013-12-23,2013-12-23
19910,1,1,serving 1.5 oz,42,g,1,2013-12-23,2013-12-23
19912,1,1,tsp,6.9,g,1,2016-02-06,2016-02-06
19912,2,0.25,cup,55,g,1,2016-02-06,2016-02-06
19918,1,1,package,1,g,1,2013-12-23,2013-12-23
19919,1,1,serving,44,g,1,2013-12-23,2013-12-23
19920,1,1,tablespoon,19,g,1,2019-02-13,2019-02-13
19921,1,1,serving,14,g,1,2019-02-13,2019-02-13
19922,1,1,bar,47,g,1,2019-02-13,2019-02-13
20001,1,1,cup,193,g,1,2013-12-23,2013-12-23
20003,1,1,cup,128,g,1,2013-12-23,2013-12-23
20004,1,1,CUP,184,g,1,1994-01-31,2006-11-30
20005,1,1,CUP,200,g,1,1994-01-31,2006-11-30
20006,1,1,CUP,157,g,1,1994-01-31,2006-11-30
20008,1,1,CUP,170,g,1,1994-01-31,2006-11-30
20009,1,1,cup,164,g,1,2013-12-23,2013-12-23
20010,1,1,cup,168,g,1,2013-12-23,2013-12-23
20011,1,1,CUP,120,g,1,2007-11-28,2007-11-28
20012,1,1,CUP,140,g,1,1994-01-31,2006-11-30
20013,1,1,CUP,182,g,1,1994-01-31,2006-11-30
20013,2,1,TBSP,8.4,g,1,2002-09-06,2006-11-30
20014,1,1,cup,166,g,1,2013-12-23,2013-12-23
20015,1,1,cup,76,g,1,2013-12-23,2013-12-23
20016,1,1,CUP,117,g,1,1996-09-30,2006-11-30
20017,1,1,CUP,114,g,1,1998-01-15,2006-11-30
20018,1,1,CUP,126,g,1,1997-08-29,2006-11-30
20019,1,1,cup,114,g,1,2011-01-18,2011-01-18
20020,1,1,CUP,122,g,1,1994-01-31,2006-11-30
20022,1,1,cup,157,g,1,2013-12-23,2013-12-23
20023,1,1,CUP,122,g,1,1994-01-31,2006-11-30
20024,1,1,CUP,170,g,1,1994-01-31,2006-11-30
20025,1,1,CUP,138,g,1,1994-01-31,2006-11-30
20027,1,1,CUP,128,g,1,1994-01-31,2006-11-30
20028,1,1,CUP,173,g,1,1994-01-31,2006-11-30
20029,1,1,"cup, cooked",157,g,1,1995-06-19,2006-11-30
20029,2,1,"cup, dry, yields",528,g,1,2002-09-06,2006-11-30
20029,3,1,"oz, dry, yields",86,g,1,2002-09-06,2006-11-30
20030,1,1,CUP,165,g,1,1994-01-31,2006-11-30
20031,1,1,cup,200,g,1,2013-12-23,2013-12-23
20032,1,1,cup,174,g,1,2013-12-23,2013-12-23
20033,1,1,CUP,94,g,1,1994-09-29,2006-11-30
20034,1,1,CUP,219,g,1,1994-01-31,2006-11-30
20035,1,1,cup,170,g,1,2013-12-23,2013-12-23
20036,1,1,CUP,185,g,1,1994-01-31,2006-11-30
20037,1,1,CUP,202,g,1,1994-01-31,2016-03-09
20038,1,1,CUP,156,g,1,1994-01-31,2006-11-30
20040,1,1,CUP,190,g,1,1994-01-31,2006-11-30
20041,1,1,CUP,195,g,1,1994-01-31,2006-11-30
20044,1,1,CUP,185,g,1,1994-01-31,2006-11-30
20045,1,1,CUP,158,g,1,2004-07-15,2006-11-30
20046,1,1,cup,185,g,1,2013-12-23,2013-12-23
20047,1,1,CUP,158,g,1,1994-01-31,2006-11-30
20048,1,1,CUP,95,g,1,1994-01-31,2006-11-30
20049,1,1,CUP,165,g,1,1994-01-31,2006-11-30
20050,1,1,CUP,195,g,1,1994-01-31,2006-11-30
20051,1,1,CUP,186,g,1,1994-11-17,2006-11-30
20052,1,1,cup,200,g,1,2013-12-23,2013-12-23
20053,1,1,cup,186,g,1,2013-12-23,2013-12-23
20054,1,1,cup,185,g,1,2013-12-23,2013-12-23
20055,1,1,cup,174,g,1,2013-12-23,2013-12-23
20060,1,1,cup,118,g,1,2013-12-23,2013-12-23
20061,1,1,cup,158,g,1,2013-12-23,2013-12-23
20062,1,1,cup,169,g,1,2013-12-23,2013-12-23
20063,1,1,cup,128,g,1,2013-12-23,2013-12-23
20064,1,1,cup,102,g,1,2013-12-23,2013-12-23
20065,1,1,cup,102,g,1,2013-12-23,2013-12-23
20066,1,1,CUP,167,g,1,1996-09-30,2006-11-30
20067,1,1,cup,192,g,1,2013-12-23,2013-12-23
20068,1,1,CUP,152,g,1,1994-01-31,2006-11-30
20069,1,1,cup,192,g,1,2013-12-23,2013-12-23
20070,1,1,cup,130,g,1,2013-12-23,2013-12-23
20071,1,1,cup,192,g,1,2013-12-23,2013-12-23
20072,1,1,cup,192,g,1,2013-12-23,2013-12-23
20073,1,1,cup,168,g,1,2013-12-23,2013-12-23
20074,1,1,cup,192,g,1,2013-12-23,2013-12-23
20075,1,1,cup,168,g,1,2013-12-23,2013-12-23
20076,1,1,cup,192,g,1,2013-12-23,2013-12-23
20077,1,1,cup,58,g,1,2013-12-23,2013-12-23
20078,1,1,CUP,115,g,1,1994-01-31,2006-11-30
20080,1,1,CUP,120,g,1,1994-01-31,2006-11-30
20081,1,1,CUP,125,g,1,1994-01-31,2006-11-30
20082,1,1,CUP,125,g,1,1994-01-31,2006-11-30
20083,1,1,CUP,137,g,1,1994-01-31,2006-11-30
20084,1,1,"cup unsifted, dipped",137,g,1,1994-01-31,2006-11-30
20086,1,1,cup,111,g,1,2013-12-23,2013-12-23
20087,1,1,cup,108,g,1,2013-12-23,2013-12-23
20088,1,1,CUP,160,g,1,1994-01-31,2006-11-30
20089,1,1,CUP,164,g,1,1994-01-31,2006-11-30
20090,1,1,cup,158,g,1,2013-12-23,2013-12-23
20091,1,1,cup,105,g,1,2013-12-23,2013-12-23
20091,2,2,oz,57,g,1,2013-12-23,2013-12-23
20092,1,1,cup,140,g,1,2013-12-23,2013-12-23
20093,1,4.5,oz,128,g,1,2013-12-23,2013-12-23
20094,1,2,oz,128,g,1,2013-12-23,2016-02-06
20095,1,4.5,oz,128,g,1,2013-12-23,2013-12-23
20096,1,2,oz,57,g,1,2013-12-23,2013-12-23
20097,1,2,oz,57,g,1,2013-12-23,2013-12-23
20098,1,2,oz,57,g,1,2013-12-23,2013-12-23
20105,1,1,cup spiral shaped,84,g,1,1998-03-27,2006-11-30
20105,2,2,oz,57,g,1,2002-09-06,2006-11-30
20106,1,1,cup spiral shaped,134,g,1,1998-03-27,2006-11-30
20109,1,1,CUP,38,g,1,1994-01-31,2006-11-30
20109,2,2,oz,57,g,1,1999-03-22,2006-11-30
20110,1,1,CUP,160,g,1,1994-01-31,2006-11-30
20111,1,1,CUP,38,g,1,1994-01-31,2006-11-30
20111,2,2,oz,57,g,1,1997-08-29,2006-11-30
20112,1,1,CUP,160,g,1,1994-01-31,2006-11-30
20113,1,0.5,cup dry,28,g,1,1994-01-31,2015-01-07
20113,2,1.5,oz,43,g,1,1999-03-22,2006-11-30
20114,1,2,oz,57,g,1,2013-12-23,2013-12-23
20115,1,1,cup,114,g,1,2013-12-23,2013-12-23
20116,1,2,oz,57,g,1,2013-12-23,2013-12-23
20117,1,1,cup,176,g,1,2013-12-23,2013-12-23
20118,1,1,cup,45,g,1,2013-12-23,2013-12-23
20120,1,1,cup spaghetti,91,g,1,1999-03-22,2016-02-06
20120,2,2,oz,57,g,1,2016-02-06,2016-02-06
20120,3,1,cup elbows,122,g,1,2016-02-06,2016-02-06
20120,4,1,cup penne,95,g,1,2016-02-06,2016-02-06
20120,5,1,cup farfalle,81,g,1,2016-02-06,2016-02-06
20120,6,1,cup rotini,96,g,1,2016-02-06,2016-02-06
20120,7,1,cup shells,64,g,1,2016-02-06,2016-02-06
20120,8,1,cup lasagna,90,g,1,2016-02-06,2016-02-06
20121,1,1,cup spaghetti not packed,124,g,1,1994-01-31,2016-02-06
20121,2,1,cup spaghetti packed,151,g,1,2016-02-06,2016-02-06
20121,3,1,cup elbows not packed,120,g,1,2016-02-06,2016-02-06
20121,4,1,cup elbows packed,132,g,1,2016-02-06,2016-02-06
20121,5,1,cup penne,107,g,1,2016-02-06,2016-02-06
20121,6,1,cup farfalle,107,g,1,2016-02-06,2016-02-06
20121,7,1,cup rotini,107,g,1,2016-02-06,2016-02-06
20121,8,1,cup shells,105,g,1,2016-02-06,2016-02-06
20121,9,1,cup lasagne,116,g,1,2016-02-06,2016-02-06
20124,1,1,cup spaghetti,91,g,1,2013-12-23,2016-02-06
20124,2,1,cup elbows,122,g,1,2016-02-06,2016-02-06
20124,3,1,cup penne,95,g,1,2016-02-06,2016-02-06
20124,4,1,cup farfalle,81,g,1,2016-02-06,2016-02-06
20124,5,1,cup rotini,96,g,1,2016-02-06,2016-02-06
20124,6,1,cup shells,64,g,1,2016-02-06,2016-02-06
20124,7,1,cup lasagne,90,g,1,2016-02-06,2016-02-06
20125,1,1,cup spaghetti not packed,117,g,1,2013-12-23,2016-02-06
20125,2,1,cup spaghetti packed,151,g,1,2016-02-06,2016-02-06
20125,3,1,cup elbows,117,g,1,2016-02-06,2016-02-06
20125,4,1,cup penne,97,g,1,2016-02-06,2016-02-06
20125,5,1,cup shells,105,g,1,2016-02-06,2016-02-06
20125,6,1,cup lasagne,116,g,1,2016-02-06,2016-02-06
20125,7,1,cup rotini,107,g,1,2016-02-06,2016-02-06
20125,8,1,cup farfalle,107,g,1,2016-02-06,2016-02-06
20126,1,2,oz,57,g,1,2013-12-23,2013-12-23
20127,1,1,cup,140,g,1,2013-12-23,2013-12-23
20129,1,1,"cup unsifted, dipped",137,g,1,2013-12-23,2013-12-23
20130,1,1,CUP,148,g,1,1997-08-29,2006-11-30
20131,1,1,CUP,162,g,1,1997-08-29,2006-11-30
20132,1,1,cup,104,g,1,2013-12-23,2013-12-23
20133,1,2,oz,57,g,1,2011-01-18,2011-01-18
20134,1,1,CUP,176,g,1,1997-08-29,2006-11-30
20135,1,1,cup spaghetti,91,g,1,2016-02-06,2016-02-06
20135,2,1,cup elbows,122,g,1,2016-02-06,2016-02-06
20135,3,1,cup penne,95,g,1,2016-02-06,2016-02-06
20135,4,1,cup farfalle,81,g,1,2016-02-06,2016-02-06
20135,5,1,cup rotini,96,g,1,2016-02-06,2016-02-06
20135,6,1,cup shells,64,g,1,2016-02-06,2016-02-06
20135,7,1,cup lasagne,90,g,1,2016-02-06,2016-02-06
20136,1,1,cup spaghetti not packed,116,g,1,2016-02-06,2016-02-06
20136,2,1,cup spaghetti packed,151,g,1,2016-02-06,2016-02-06
20136,3,1,cup elbows not packed,117,g,1,2016-02-06,2016-02-06
20136,4,1,cup farfalle,107,g,1,2016-02-06,2016-02-06
20136,5,1,cup penne,97,g,1,2016-02-06,2016-02-06
20136,6,1,cup shells,105,g,1,2016-02-06,2016-02-06
20136,7,1,cup lasagne,116,g,1,2016-02-06,2016-02-06
20136,8,1,cup rotini,107,g,1,2016-02-06,2016-02-06
20137,1,1,cup,185,g,1,2013-12-23,2013-12-23
20140,1,1,CUP,174,g,1,2007-12-03,2007-12-03
20142,1,1,cup,193,g,1,2013-12-23,2013-12-23
20310,1,1,CUP,160,g,1,1994-01-31,2006-11-30
20314,1,1,cup,166,g,1,2013-12-23,2013-12-23
20316,1,1,CUP,117,g,1,1996-09-30,2006-11-30
20317,1,1,cup,114,g,1,2013-12-23,2013-12-23
20320,1,1,CUP,122,g,1,1994-01-31,2006-11-30
20321,1,1,cup spaghetti not packed,124,g,1,1994-01-31,2016-02-06
20321,2,1,cup packed,151,g,1,2016-02-06,2016-02-06
20321,3,1,cup elbows not packed,120,g,1,2016-02-06,2016-02-06
20321,4,1,cup elbows packed,132,g,1,2016-02-06,2016-02-06
20321,5,1,cup penne,107,g,1,2016-02-06,2016-02-06
20321,6,1,cup farfalle,107,g,1,2016-02-06,2016-02-06
20321,7,1,cup rotini,107,g,1,2016-02-06,2016-02-06
20321,8,1,cup shells,105,g,1,2016-02-06,2016-02-06
20321,9,1,cup lasagne,116,g,1,2016-02-06,2016-02-06
20322,1,1,cup,157,g,1,2013-12-23,2013-12-23
20323,1,1,CUP,122,g,1,1994-01-31,2006-11-30
20324,1,1,CUP,170,g,1,1994-01-31,2006-11-30
20325,1,1,CUP,138,g,1,1994-01-31,2006-11-30
20330,1,1,CUP,160,g,1,1994-01-31,2006-11-30
20345,1,1,CUP,158,g,1,1994-01-31,2006-11-30
20381,1,1,CUP,125,g,1,1994-01-31,2006-11-30
20409,1,1,cup,38,g,1,2013-12-23,2013-12-23
20410,1,1,cup,160,g,1,2013-12-23,2013-12-23
20420,1,1,cup spaghetti,91,g,1,2013-12-23,2016-02-06
20420,2,2,oz,57,g,1,2016-02-06,2016-02-06
20420,3,1,cup elbows,122,g,1,2016-02-06,2016-02-06
20420,4,1,cup penne,95,g,1,2016-02-06,2016-02-06
20420,5,1,cup farfalle,81,g,1,2016-02-06,2016-02-06
20420,6,1,cup rotini,96,g,1,2016-02-06,2016-02-06
20420,7,1,cup shells,64,g,1,2016-02-06,2016-02-06
20420,8,1,cup lasagna,90,g,1,2016-02-06,2016-02-06
20421,1,1,cup spaghetti not packed,124,g,1,2013-12-23,2016-02-06
20421,2,1,cup spaghetti packed,151,g,1,2016-02-06,2016-02-06
20421,3,1,cup elbows not packed,120,g,1,2016-02-06,2016-02-06
20421,4,1,cup elbows packed,132,g,1,2016-02-06,2016-02-06
20421,5,1,cup penne,107,g,1,2016-02-06,2016-02-06
20421,6,1,cup rotini,107,g,1,2016-02-06,2016-02-06
20421,7,1,cup farfalle,107,g,1,2016-02-06,2016-02-06
20421,8,1,cup shells,105,g,1,2016-02-06,2016-02-06
20421,9,1,cup lasagne,116,g,1,2016-02-06,2016-02-06
20422,1,1,cup,157,g,1,2013-12-23,2013-12-23
20444,1,1,cup,185,g,1,2013-12-23,2013-12-23
20445,1,1,cup,158,g,1,2013-12-23,2013-12-23
20446,1,1,cup,185,g,1,2013-12-23,2013-12-23
20447,1,1,cup,158,g,1,2013-12-23,2013-12-23
20450,1,1,cup,195,g,1,2013-12-23,2013-12-23
20451,1,1,cup,186,g,1,2013-12-23,2013-12-23
20452,1,1,cup,200,g,1,2013-12-23,2013-12-23
20453,1,1,cup,205,g,1,2013-12-23,2013-12-23
20466,1,1,CUP,167,g,1,1996-09-30,2006-11-30
20481,1,1,cup,125,g,1,2013-12-23,2013-12-23
20510,1,1,cup,160,g,1,2013-12-23,2013-12-23
20521,1,1,cup spaghetti not packed,124,g,1,2013-12-23,2016-02-06
20521,2,1,cup spaghetti packed,151,g,1,2016-02-06,2016-02-06
20521,3,1,cup elbows not packed,120,g,1,2016-02-06,2016-02-06
20521,4,1,cup elbows packed,132,g,1,2016-02-06,2016-02-06
20521,5,1,cup penne,107,g,1,2016-02-06,2016-02-06
20521,6,1,cup rotini,107,g,1,2016-02-06,2016-02-06
20521,7,1,cup farfalle,107,g,1,2016-02-06,2016-02-06
20521,8,1,cup shells,105,g,1,2016-02-06,2016-02-06
20521,9,1,cup lasagne,116,g,1,2016-02-06,2016-02-06
20522,1,1,cup,157,g,1,2013-12-23,2013-12-23
20523,1,1,CUP,140,g,1,1994-01-31,2006-11-30
20545,1,1,cup,158,g,1,2013-12-23,2013-12-23
20581,1,1,CUP,125,g,1,1994-01-31,2006-11-30
20622,1,2,oz,57,g,1,1994-01-31,2006-11-30
20647,1,1,cup,119,g,1,2013-12-23,2013-12-23
20648,1,1,cup,121,g,1,2013-12-23,2013-12-23
20650,1,1,cup,161,g,1,2015-01-06,2015-01-06
20653,1,1,cup spaghetti,91,g,1,2016-02-06,2016-02-06
20653,2,1,cup elbows,122,g,1,2016-02-06,2016-02-06
20653,3,1,cup penne,95,g,1,2016-02-06,2016-02-06
20653,4,1,cup farfalle,81,g,1,2016-02-06,2016-02-06
20653,5,1,cup rotini,96,g,1,2016-02-06,2016-02-06
20653,6,1,cup shells,64,g,1,2016-02-06,2016-02-06
20653,7,1,cup lasagne,90,g,1,2016-02-06,2016-02-06
21224,1,1,serving 9 servings per 24 oz package,81,g,1,2013-12-23,2013-12-23
21224,2,1,serving 3 servings per 15.1 oz package,151,g,1,2013-12-23,2013-12-23
21224,3,1,serving 2 servings per 9.8 oz package,146,g,1,2013-12-23,2013-12-23
21224,4,1,serving 1 serving per 8 oz box,199,g,1,2013-12-23,2013-12-23
21224,5,1,package 24 oz pizza,727,g,1,2013-12-23,2013-12-23
21224,6,1,package 15.1 oz pizza,452,g,1,2013-12-23,2013-12-23
21224,7,1,package 9.8 oz pizza,293,g,1,2013-12-23,2013-12-23
21224,8,1,package 8 oz pizza,199,g,1,2013-12-23,2013-12-23
21225,1,1,serving 6 servings per 29.25 oz package,139,g,1,2013-12-23,2013-12-23
21225,2,1,serving 4 servings per 19.7 oz package,149,g,1,2013-12-23,2013-12-23
21225,3,1,package 29.25 oz pizza,834,g,1,2013-12-23,2013-12-23
21225,4,1,package 19.7 oz pizza,595,g,1,2013-12-23,2013-12-23
21226,1,1,serving 5 servings per 24.2 oz package,143,g,1,2013-12-23,2013-12-23
21226,2,1,serving 5 servings per 22.85 oz package,129,g,1,2013-12-23,2013-12-23
21226,3,1,serving 2 servings per 10.9 oz package,177,g,1,2013-12-23,2013-12-23
21226,4,1,package 24.2 oz pizza,713,g,1,2013-12-23,2013-12-23
21226,5,1,package 22.85 oz pizza,644,g,1,2013-12-23,2013-12-23
21226,6,1,package 10.9 oz pizza,354,g,1,2013-12-23,2013-12-23
21227,1,1,serving 6 servings per 34.98 oz package,170,g,1,2013-12-23,2013-12-23
21227,2,1,serving 6 servings per 30.7 oz package,149,g,1,2013-12-23,2013-12-23
21227,3,1,serving 3 servings per 14.3 oz package,138,g,1,2013-12-23,2013-12-23
21227,4,1,package 34.98 oz pizza,1020,g,1,2013-12-23,2013-12-23
21227,5,1,package 30.7 oz pizza,891,g,1,2013-12-23,2013-12-23
21227,6,1,package 14.3 oz pizza,415,g,1,2013-12-23,2013-12-23
21412,1,12,fl oz cup,348,g,1,2007-12-03,2007-12-03
21413,1,12,fl oz cup,337,g,1,2007-12-03,2007-12-03
21463,1,1,item,149,g,1,2010-01-04,2010-01-04
21505,1,1,slice,69,g,1,2013-02-22,2013-02-22
21505,2,1,pie,556,g,1,2013-02-22,2013-02-22
22247,1,1,serving,244,g,1,2013-12-23,2013-12-23
22401,1,1,serving,283,g,1,1997-08-29,2006-11-30
22401,2,1,oz,28.35,g,1,2007-11-28,2007-11-28
22402,1,1,serving,269,g,1,2013-12-23,2013-12-23
22402,2,1,oz,28.35,g,1,2013-12-23,2013-12-23
22522,1,1,serving (1 cup),252,g,1,2013-12-23,2013-12-23
22528,1,1,package yields,397,g,1,2013-12-23,2013-12-23
22528,2,1,serving,397,g,1,2013-12-23,2013-12-23
22529,1,1,"pie, cooked (average weight)",268,g,1,2013-12-23,2013-12-23
22899,1,1,cup,242,g,1,2012-03-02,2012-03-02
22900,1,1,cup,262,g,1,2012-03-02,2012-03-02
22901,1,0.75,cup,81,g,1,2013-12-23,2013-12-23
22902,1,1,"slice 1/8 of 12"" pizza",103,g,1,2016-02-06,2016-02-06
22902,2,1,"slice 1/8 of 14"" pizza",127,g,1,2016-02-06,2016-02-06
22903,1,0.25,"pizza 12"" diameter",127,g,1,2013-12-23,2016-02-06
22903,2,1,"pizza 12"" diameter",532,g,1,2013-12-23,2016-02-06
22904,1,1,cup,242,g,1,2013-12-23,2013-12-23
22905,1,1,cup (1 serving),196,g,1,2013-12-23,2013-12-23
22906,1,1,pie,302,g,1,2013-12-23,2013-12-23
22910,1,1,cup 1 serving,225,g,1,2013-12-23,2013-12-23
22911,1,1,cup,240,g,1,2013-12-23,2013-12-23
22912,1,1,cup,246,g,1,2013-12-23,2013-12-23
22912,2,1,can,411,g,1,2013-12-23,2013-12-23
22914,1,1,serving (1 NLEA serving),252,g,1,2013-12-23,2013-12-23
22914,2,1,cup,238,g,1,2013-12-23,2013-12-23
22915,1,1,package,309,g,1,2013-12-23,2013-12-23
22915,2,1,oz,28.35,g,1,2013-12-23,2013-12-23
22916,1,1,piece side,134,g,1,2013-12-23,2013-12-23
22916,2,1,piece corner,115,g,1,2013-12-23,2013-12-23
22916,3,1,piece center,278,g,1,2013-12-23,2013-12-23
22917,1,1,burrito frozen,139,g,1,2013-12-23,2013-12-23
22917,2,1,oz,28.35,g,1,2013-12-23,2013-12-23
22918,1,1,burrito,129,g,1,2013-12-23,2013-12-23
22919,1,7.5,oz 1 serving,213,g,1,2013-12-23,2013-12-23
22928,1,1,burrito cooked,116,g,1,2013-12-23,2013-12-23
22928,2,1,oz,28.35,g,1,2013-12-23,2013-12-23
22953,1,1,roll,85,g,1,2013-12-23,2013-12-23
22953,2,1,oz,28.35,g,1,2013-12-23,2013-12-23
22954,1,1,roll,80,g,1,2013-12-23,2013-12-23
22954,2,1,oz,28.35,g,1,2013-12-23,2013-12-23
22955,1,1,egg roll,68,g,1,2013-12-23,2015-01-07
22955,2,1,oz,28.35,g,1,2013-12-23,2013-12-23
22956,1,1,serving,227,g,1,2007-12-03,2007-12-03
22956,2,1,CUP,226,g,1,2007-12-03,2007-12-03
22956,3,1,oz,28.35,g,1,2007-12-03,2007-12-03
22957,1,1,serving,385,g,1,2009-01-25,2009-01-25
22957,2,1,package,422,g,1,2009-01-25,2009-01-25
22957,3,1,oz,28.35,g,1,2009-01-25,2009-01-25
22958,1,1,bowl,340,g,1,2009-01-25,2009-01-25
22959,1,1,serving (makes about 1 cup prepared),70,g,1,2013-12-23,2013-12-23
22960,1,1,cup,198,g,1,2013-12-23,2013-12-23
22969,1,1,cup,244,g,1,2012-03-02,2012-03-02
22969,2,1,container,422,g,1,2012-03-02,2012-03-02
22970,1,1,cup,137,g,1,2012-03-02,2012-03-02
22970,2,1,container (mean weight over brands),283,g,1,2012-03-02,2012-03-02
22971,1,0.5,cup,125,g,1,2012-03-02,2012-03-02
22972,1,1,cup,249,g,1,2012-03-02,2012-03-02
22973,1,1,corndog,78,g,1,2012-03-02,2012-03-02
22973,2,1,corndog mini,17,g,1,2012-03-02,2012-03-02
22974,1,1,serving,87,g,1,2012-03-02,2012-03-02
22974,2,1,piece,18,g,1,2012-03-02,2012-03-02
22975,1,1,serving,82,g,1,2012-03-02,2012-03-02
22975,2,1,piece,20,g,1,2012-03-02,2012-03-02
22976,1,1,cup,159,g,1,2012-03-02,2012-03-02
22977,1,1,piece side,123,g,1,2013-02-22,2013-02-22
22977,2,1,piece corner,114,g,1,2013-02-22,2013-02-22
22977,3,1,piece center,255,g,1,2013-02-22,2013-02-22
22978,1,1,piece,21,g,1,2013-02-22,2013-02-22
22999,1,1,cup,233,g,1,2013-02-22,2013-02-22
23000,1,4,oz,113,g,1,2011-01-18,2019-02-13
23000,2,1,steak,369,g,1,2011-01-18,2013-12-26
23000,3,1,roast,1159,g,1,2013-12-23,2013-12-23
23001,1,4,oz,113,g,1,2013-12-23,2019-02-13
23001,2,1,steak,534,g,1,2013-12-23,2013-12-23
23002,1,3,oz,85,g,1,2013-12-23,2013-12-23
23002,2,1,steak,421,g,1,2013-12-23,2013-12-23
23003,1,4,oz,113,g,1,2013-12-23,2019-02-13
23003,2,1,steak,526,g,1,2013-12-23,2013-12-23
23004,1,3,oz,85,g,1,2013-12-23,2013-12-23
23004,2,1,steak,426,g,1,2013-12-23,2013-12-23
23005,1,4,oz,113,g,1,2013-12-23,2019-02-13
23005,2,1,steak,460,g,1,2013-12-23,2013-12-23
23006,1,3,oz,85,g,1,2013-12-23,2013-12-23
23006,2,1,steak,363,g,1,2013-12-23,2013-12-23
23007,1,4,oz,113,g,1,2013-12-23,2019-02-13
23007,2,1,steak,458,g,1,2013-12-23,2013-12-23
23008,1,3,oz,85,g,1,2013-12-23,2013-12-23
23008,2,1,steak,368,g,1,2013-12-23,2013-12-23
23030,1,4,oz,113,g,1,2013-12-23,2019-02-13
23030,2,1,steak,191,g,1,2013-12-23,2013-12-23
23031,1,3,oz,85,g,1,2013-12-23,2019-02-13
23031,2,1,steak,141,g,1,2013-12-23,2019-02-13
23032,1,4,oz,113,g,1,2013-12-23,2019-02-13
23032,2,1,steak,200,g,1,2013-12-23,2013-12-23
23033,1,3,oz,85,g,1,2013-12-23,2019-02-13
23033,2,1,steak,174,g,1,2013-12-23,2013-12-23
23034,1,4,oz,113,g,1,2013-12-23,2019-02-13
23034,2,1,medallion,40,g,1,2019-02-13,2019-02-13
23035,1,3,oz,85,g,1,2013-12-23,2019-02-13
23035,2,1,medallion,30,g,1,2013-12-23,2019-02-13
23036,1,4,oz,113,g,1,2013-12-23,2019-02-13
23036,2,1,medallion,44,g,1,2019-02-13,2019-02-13
23037,1,4,oz,113,g,1,2013-12-23,2019-02-13
23037,2,1,steak,246,g,1,2013-12-23,2013-12-23
23038,1,1,serving (3 oz),85,g,1,2013-12-23,2013-12-23
23038,2,1,steak,188,g,1,2013-12-23,2013-12-23
23039,1,4,oz,113,g,1,2013-12-23,2019-02-13
23039,2,1,steak,233,g,1,2013-12-23,2013-12-23
23040,1,3,oz,85,g,1,2013-12-23,2019-02-13
23040,2,1,steak,179,g,1,2013-12-23,2019-02-13
23041,1,4,oz,113,g,1,2013-12-23,2019-02-13
23041,2,1,steak,254,g,1,2013-12-23,2013-12-23
23042,1,3,oz,85,g,1,2013-12-23,2019-02-13
23042,2,1,steak,193,g,1,2013-12-23,2013-12-23
23043,1,4,oz,113,g,1,2013-12-23,2019-02-13
23043,2,1,steak,243,g,1,2013-12-23,2013-12-23
23044,1,3,oz,85,g,1,2013-12-23,2019-02-13
23044,2,1,steak,186,g,1,2013-12-23,2013-12-23
23045,1,4,oz,113,g,1,2013-12-23,2019-02-13
23045,2,1,steak,209,g,1,2013-12-23,2013-12-23
23046,1,3,oz,85,g,1,2013-12-23,2013-12-23
23046,2,1,steak,156,g,1,2013-12-23,2013-12-23
23047,1,4,oz,113,g,1,2013-12-23,2019-02-13
23047,2,1,steak,203,g,1,2013-12-23,2013-12-23
23048,1,3,oz,85,g,1,2013-12-23,2013-12-23
23048,2,1,steak,160,g,1,2013-12-23,2013-12-23
23049,1,4,oz,113,g,1,2013-12-23,2019-02-13
23049,2,1,steak,293,g,1,2013-12-23,2013-12-23
23050,1,3,oz,85,g,1,2013-12-23,2019-02-13
23050,2,1,steak,225,g,1,2013-12-23,2013-12-23
23051,1,4,oz,113,g,1,2013-12-23,2019-02-13
23051,2,1,steak,324,g,1,2013-12-23,2013-12-23
23052,1,3,oz,85,g,1,2013-12-23,2019-02-13
23052,2,1,steak,253,g,1,2013-12-23,2013-12-23
23053,1,4,oz,113,g,1,2013-12-23,2019-02-13
23054,1,3,oz,85,g,1,2006-02-23,2019-02-13
23054,2,1,medallion,32,g,1,2006-02-23,2019-02-13
23055,1,4,oz,113,g,1,2013-12-23,2019-02-13
23055,2,1,steak,207,g,1,2013-12-23,2013-12-23
23056,1,3,oz,85,g,1,2006-02-23,2019-02-13
23056,2,1,steak,168,g,1,2006-02-23,2013-12-26
23057,1,4,oz,113,g,1,2013-12-23,2019-02-13
23057,2,1,steak,241,g,1,2013-12-23,2013-12-23
23058,1,3,oz,85,g,1,2013-12-23,2019-02-13
23058,2,1,steak,184,g,1,2013-12-23,2013-12-23
23059,1,4,oz,113,g,1,2013-12-23,2019-02-13
23059,2,1,steak,250,g,1,2013-12-23,2013-12-23
23060,1,3,oz,85,g,1,2013-12-23,2019-02-13
23060,2,1,steak,190,g,1,2013-12-23,2013-12-23
23061,1,4,oz,113,g,1,2013-12-23,2019-02-13
23061,2,1,steak,197,g,1,2013-12-23,2013-12-23
23062,1,3,oz,85,g,1,2006-02-23,2019-02-13
23062,2,1,steak,150,g,1,2019-02-13,2019-02-13
23063,1,3,oz,85,g,1,2013-12-23,2013-12-23
23063,2,1,steak,305,g,1,2013-12-23,2013-12-23
23064,1,3,oz,85,g,1,2013-12-23,2019-02-13
23064,2,1,steak,236,g,1,2013-12-23,2013-12-23
23065,1,3,oz,85,g,1,2013-12-23,2019-02-13
23065,2,1,medallion,34,g,1,2013-12-23,2019-02-13
23066,1,4,oz,113,g,1,2013-12-23,2019-02-13
23066,2,1,piece,434,g,1,2013-12-23,2013-12-23
23067,1,4,oz,113,g,1,2013-12-23,2019-02-13
23067,2,1,piece,429,g,1,2013-12-23,2013-12-23
23068,1,4,oz,113,g,1,2013-12-23,2019-02-13
23068,2,1,piece,432,g,1,2013-12-23,2013-12-23
23069,1,3,oz,85,g,1,2011-01-18,2013-12-26
23069,2,1,piece,224,g,1,2013-12-23,2013-12-23
23070,1,3,oz,85,g,1,2011-01-18,2013-12-26
23070,2,1,piece,231,g,1,2013-12-23,2013-12-23
23071,1,3,oz,85,g,1,2011-01-18,2013-12-26
23071,2,1,piece,227,g,1,2013-12-23,2013-12-23
23072,1,4,oz,113,g,1,2013-12-23,2019-02-13
23072,2,1,piece,325,g,1,2013-12-23,2013-12-23
23073,1,4,oz,113,g,1,2013-12-23,2019-02-13
23073,2,1,piece,340,g,1,2013-12-23,2013-12-23
23074,1,4,oz,113,g,1,2013-12-23,2019-02-13
23074,2,1,piece,331,g,1,2013-12-23,2013-12-23
23075,1,3,oz,85,g,1,2011-01-18,2013-12-26
23075,2,1,steak,307,g,1,2013-12-23,2013-12-23
23076,1,3,oz,85,g,1,2011-01-18,2013-12-26
23076,2,1,steak,309,g,1,2013-12-23,2013-12-23
23077,1,3,oz,85,g,1,2011-01-18,2013-12-26
23077,2,1,steak,308,g,1,2013-12-23,2013-12-23
23078,1,4,oz,113,g,1,2013-12-23,2019-02-13
23078,2,1,steak,382,g,1,2013-12-23,2013-12-23
23079,1,4,oz,113,g,1,2013-12-23,2019-02-13
23079,2,1,steak,386,g,1,2013-12-23,2013-12-23
23080,1,4,oz,113,g,1,2013-12-23,2019-02-13
23080,2,1,steak,384,g,1,2013-12-23,2013-12-23
23081,1,3,oz,85,g,1,2011-01-18,2013-12-26
23081,2,1,roast,793,g,1,2013-12-23,2013-12-23
23082,1,3,oz,85,g,1,2011-01-18,2013-12-26
23082,2,1,roast,779,g,1,2013-12-23,2013-12-23
23083,1,3,oz,85,g,1,2011-01-18,2013-12-26
23083,2,1,roast,787,g,1,2013-12-23,2013-12-23
23084,1,3,oz,85,g,1,2011-01-18,2019-02-13
23084,2,1,steak,141,g,1,2019-02-13,2019-02-13
23085,1,3,oz,85,g,1,2011-01-18,2019-02-13
23085,2,1,steak,141,g,1,2019-02-13,2019-02-13
23086,1,3,oz,85,g,1,2011-01-18,2019-02-13
23086,2,1,steak,141,g,1,2019-02-13,2019-02-13
23087,1,4,oz,113,g,1,2013-12-23,2019-02-13
23087,2,1,steak,204,g,1,2013-12-23,2013-12-23
23088,1,4,oz,113,g,1,2013-12-23,2019-02-13
23088,2,1,steak,191,g,1,2013-12-23,2013-12-23
23089,1,4,oz,113,g,1,2013-12-23,2019-02-13
23089,2,1,steak,198,g,1,2013-12-23,2013-12-23
23090,1,3,oz,85,g,1,2011-01-18,2013-12-26
23090,2,1,lb,453.6,g,1,2013-12-23,2013-12-23
23091,1,3,oz,85,g,1,2011-01-18,2013-12-26
23092,1,3,oz,85,g,1,2011-01-18,2013-12-26
23093,1,4,oz,113,g,1,2013-12-23,2019-02-13
23094,1,4,oz,113,g,1,2013-12-23,2019-02-13
23095,1,4,oz,113,g,1,2013-12-23,2019-02-13
23096,1,3,oz,85,g,1,2011-01-18,2013-12-26
23096,2,1,steak,445,g,1,2013-12-23,2013-12-23
23097,1,3,oz,85,g,1,2011-01-18,2013-12-26
23098,1,3,oz,85,g,1,2011-01-18,2013-12-26
23099,1,3,oz,85,g,1,2011-01-18,2013-12-26
23100,1,3,oz,85,g,1,2012-03-02,2013-12-26
23100,2,1,steak,291,g,1,2013-12-23,2013-12-23
23101,1,3,oz,85,g,1,2012-03-02,2013-12-26
23101,2,1,roast,2044,g,1,2013-12-23,2013-12-23
23102,1,4,oz,113,g,1,2013-12-23,2019-02-13
23102,2,1,steak,679,g,1,2013-12-23,2013-12-23
23102,3,1,roast,960,g,1,2013-12-23,2013-12-23
23103,1,4,oz,113,g,1,2013-12-23,2019-02-13
23103,2,1,steak,648,g,1,2013-12-23,2013-12-23
23103,3,1,roast,949,g,1,2013-12-23,2013-12-23
23104,1,4,oz,113,g,1,2013-12-23,2019-02-13
23104,2,1,steak,732,g,1,2013-12-23,2013-12-23
23104,3,1,roast,977,g,1,2013-12-23,2013-12-23
23105,1,3,oz,85,g,1,2011-01-18,2013-12-26
23105,2,1,steak,353,g,1,2013-12-23,2013-12-23
23106,1,3,oz,85,g,1,2011-01-18,2013-12-26
23106,2,1,steak,356,g,1,2013-12-23,2013-12-23
23107,1,3,oz,85,g,1,2011-01-18,2013-12-26
23107,2,1,steak,349,g,1,2013-12-23,2013-12-23
23108,1,4,oz,113,g,1,2013-12-23,2019-02-13
23108,2,1,steak,473,g,1,2013-12-23,2013-12-23
23109,1,4,oz,113,g,1,2013-12-23,2019-02-13
23109,2,1,steak,483,g,1,2013-12-23,2013-12-23
23110,1,4,oz,113,g,1,2013-12-23,2019-02-13
23110,2,1,steak,458,g,1,2013-12-23,2013-12-23
23111,1,4,oz,113,g,1,2013-12-23,2019-02-13
23111,2,1,steak,361,g,1,2013-12-23,2013-12-23
23111,3,1,roast,1173,g,1,2013-12-23,2013-12-23
23112,1,4,oz,113,g,1,2013-12-23,2019-02-13
23112,2,1,steak,381,g,1,2013-12-23,2013-12-23
23112,3,1,roast,1139,g,1,2013-12-23,2013-12-23
23113,1,3,oz,85,g,1,2011-01-18,2013-12-26
23113,2,1,roast,609,g,1,2013-12-23,2013-12-23
23114,1,3,oz,85,g,1,2011-01-18,2013-12-26
23114,2,1,roast,586,g,1,2013-12-23,2013-12-23
23115,1,3,oz,85,g,1,2011-01-18,2013-12-26
23115,2,1,roast,645,g,1,2013-12-23,2013-12-23
23116,1,3,oz,85,g,1,2011-01-18,2013-12-26
23116,2,1,steak,449,g,1,2013-12-23,2013-12-23
23117,1,3,oz,85,g,1,2011-01-18,2013-12-26
23117,2,1,steak,445,g,1,2013-12-23,2013-12-23
23118,1,3,oz,85,g,1,2011-01-18,2013-12-26
23118,2,1,steak,454,g,1,2013-12-23,2013-12-23
23119,1,3,oz,85,g,1,2011-01-18,2019-02-13
23119,2,1,steak,141,g,1,2019-02-13,2019-02-13
23120,1,3,oz,85,g,1,2011-01-18,2019-02-13
23120,2,1,steak,141,g,1,2019-02-13,2019-02-13
23121,1,3,oz,85,g,1,2011-01-18,2019-02-13
23121,2,1,steak,141,g,1,2019-02-13,2019-02-13
23122,1,4,oz,113,g,1,2013-12-23,2019-02-13
23122,2,1,steak,198,g,1,2013-12-23,2013-12-23
23123,1,4,oz,113,g,1,2013-12-23,2019-02-13
23123,2,1,steak,204,g,1,2013-12-23,2013-12-23
23124,1,4,oz,113,g,1,2013-12-23,2019-02-13
23124,2,1,steak,191,g,1,2013-12-23,2013-12-23
23125,1,3,oz,85,g,1,2011-01-18,2013-12-26
23125,2,1,piece,289,g,1,2013-12-23,2013-12-23
23126,1,3,oz,85,g,1,2011-01-18,2013-12-26
23126,2,1,piece,272,g,1,2013-12-23,2013-12-23
23127,1,3,oz,85,g,1,2011-01-18,2013-12-26
23127,2,1,piece,315,g,1,2013-12-23,2013-12-23
23128,1,4,oz,113,g,1,2013-12-23,2019-02-13
23128,2,1,piece,432,g,1,2013-12-23,2013-12-23
23129,1,4,oz,113,g,1,2013-12-23,2019-02-13
23129,2,1,piece,434,g,1,2013-12-23,2013-12-23
23130,1,4,oz,113,g,1,2013-12-23,2019-02-13
23130,2,1,piece,429,g,1,2013-12-23,2013-12-23
23131,1,3,oz,85,g,1,2011-01-18,2013-12-26
23131,2,1,roast,787,g,1,2013-12-23,2013-12-23
23132,1,3,oz,85,g,1,2011-01-18,2013-12-26
23132,2,1,roast,793,g,1,2013-12-23,2013-12-23
23133,1,3,oz,85,g,1,2011-01-18,2013-12-26
23133,2,1,roast,779,g,1,2013-12-23,2013-12-23
23134,1,3,oz,85,g,1,2011-01-18,2013-12-26
23134,2,1,piece,227,g,1,2013-12-23,2013-12-23
23135,1,3,oz,85,g,1,2011-01-18,2013-12-26
23135,2,1,piece,224,g,1,2013-12-23,2013-12-23
23136,1,3,oz,85,g,1,2011-01-18,2013-12-26
23136,2,1,piece,231,g,1,2013-12-23,2013-12-23
23137,1,4,oz,113,g,1,2013-12-23,2019-02-13
23137,2,1,piece,331,g,1,2013-12-23,2013-12-23
23138,1,4,oz,113,g,1,2013-12-23,2019-02-13
23138,2,1,piece,325,g,1,2013-12-23,2013-12-23
23139,1,4,oz,113,g,1,2013-12-23,2019-02-13
23139,2,1,piece,340,g,1,2013-12-23,2013-12-23
23140,1,3,oz,85,g,1,2011-01-18,2013-12-26
23140,2,1,steak,308,g,1,2013-12-23,2013-12-23
23141,1,3,oz,85,g,1,2011-01-18,2013-12-26
23141,2,1,steak,307,g,1,2013-12-23,2013-12-23
23142,1,3,oz,85,g,1,2011-01-18,2013-12-26
23142,2,1,steak,309,g,1,2013-12-23,2013-12-23
23143,1,4,oz,113,g,1,2013-12-23,2019-02-13
23143,2,1,steak,384,g,1,2013-12-23,2013-12-23
23144,1,4,oz,113,g,1,2013-12-23,2019-02-13
23144,2,1,steak,382,g,1,2013-12-23,2013-12-23
23145,1,4,oz,113,g,1,2016-02-06,2019-02-13
23145,2,1,steak,386,g,1,2016-02-06,2016-02-06
23146,1,3,oz,85,g,1,2012-03-02,2013-12-26
23146,2,1,roast,2130,g,1,2013-12-23,2013-12-23
23147,1,3,oz,85,g,1,2012-03-02,2013-12-26
23147,2,1,roast,2259,g,1,2013-12-23,2013-12-23
23148,1,3,oz,85,g,1,2012-03-02,2013-12-26
23148,2,1,steak,281,g,1,2013-12-23,2013-12-23
23149,1,3,oz,85,g,1,2012-03-02,2013-12-26
23149,2,1,steak,306,g,1,2013-12-23,2013-12-23
23150,1,4,oz,113,g,1,2012-03-02,2019-02-13
23150,2,1,steak,462,g,1,2012-03-02,2013-12-26
23150,3,1,roast,2627,g,1,2013-12-23,2013-12-23
23151,1,4,oz,113,g,1,2012-03-02,2019-02-13
23151,2,1,steak,456,g,1,2012-03-02,2013-12-26
23151,3,1,roast,2674,g,1,2013-12-23,2013-12-23
23152,1,4,oz,113,g,1,2012-03-02,2019-02-13
23152,2,1,steak,471,g,1,2012-03-02,2013-12-26
23152,3,1,roast,2557,g,1,2013-12-23,2013-12-23
23153,1,4,oz,113,g,1,2012-03-02,2019-02-13
23153,2,1,steak,361,g,1,2012-03-02,2013-12-26
23153,3,1,roast,2155,g,1,2013-12-23,2013-12-23
23154,1,4,oz,113,g,1,2012-03-02,2019-02-13
23154,2,1,steak,350,g,1,2012-03-02,2013-12-26
23154,3,1,roast,2124,g,1,2013-12-23,2013-12-23
23155,1,4,oz,113,g,1,2012-03-02,2019-02-13
23155,2,1,steak,376,g,1,2012-03-02,2013-12-26
23155,3,1,roast,2203,g,1,2013-12-23,2013-12-23
23156,1,3,oz,85,g,1,2012-03-02,2013-12-26
23156,2,1,steak,381,g,1,2013-12-23,2013-12-23
23157,1,3,oz,85,g,1,2012-03-02,2013-12-26
23157,2,1,steak,378,g,1,2013-12-23,2013-12-23
23158,1,3,oz,85,g,1,2012-03-02,2013-12-26
23158,2,1,steak,385,g,1,2013-12-23,2013-12-23
23159,1,3,oz,85,g,1,2012-03-02,2013-12-26
23159,2,1,roast,1601,g,1,2013-12-23,2013-12-23
23160,1,3,oz,85,g,1,2012-03-02,2013-12-26
23160,2,1,roast,1555,g,1,2013-12-23,2013-12-23
23161,1,3,oz,85,g,1,2012-03-02,2013-12-26
23161,2,1,roast,1669,g,1,2013-12-23,2013-12-23
23162,1,3,oz,85,g,1,2012-03-02,2013-12-26
23162,2,1,steak,254,g,1,2013-12-23,2013-12-23
23163,1,4,oz,113,g,1,2012-03-02,2019-02-13
23163,2,1,steak,382,g,1,2013-12-23,2013-12-23
23164,1,3,oz,85,g,1,2012-03-02,2013-12-26
23164,2,1,steak,256,g,1,2013-12-23,2013-12-23
23165,1,4,oz,113,g,1,2012-03-02,2019-02-13
23165,2,1,steak,388,g,1,2013-12-23,2013-12-23
23166,1,3,oz,85,g,1,2012-03-02,2013-12-26
23166,2,1,steak,250,g,1,2013-12-23,2013-12-23
23167,1,4,oz,113,g,1,2012-03-02,2019-02-13
23167,2,1,steak,373,g,1,2013-12-23,2013-12-23
23168,1,3,oz,85,g,1,2012-03-02,2013-12-26
23168,2,1,steak,174,g,1,2013-12-23,2013-12-23
23169,1,4,oz,113,g,1,2012-03-02,2019-02-13
23169,2,1,steak,266,g,1,2013-12-23,2013-12-23
23170,1,3,oz,85,g,1,2012-03-02,2013-12-26
23170,2,1,steak,173,g,1,2013-12-23,2013-12-23
23171,1,4,oz,113,g,1,2012-03-02,2019-02-13
23171,2,1,steak,268,g,1,2013-12-23,2013-12-23
23172,1,3,oz,85,g,1,2012-03-02,2013-12-26
23172,2,1,steak,175,g,1,2013-12-23,2013-12-23
23173,1,4,oz,113,g,1,2012-03-02,2019-02-13
23173,2,1,steak,264,g,1,2013-12-23,2013-12-23
23174,1,3,oz,85,g,1,2012-03-02,2013-12-26
23175,1,4,oz,113,g,1,2012-03-02,2019-02-13
23176,1,3,oz,85,g,1,2012-03-02,2013-12-26
23176,2,1,steak,242,g,1,2013-12-23,2013-12-23
23177,1,4,oz,113,g,1,2012-03-02,2019-02-13
23177,2,1,steak,316,g,1,2013-12-23,2013-12-23
23178,1,3,oz,85,g,1,2012-03-02,2013-12-26
23178,2,1,steak,266,g,1,2013-12-23,2013-12-23
23179,1,4,oz,113,g,1,2012-03-02,2019-02-13
23180,1,3,oz,85,g,1,2012-03-02,2013-12-26
23180,2,1,ribs,1159,g,1,2013-12-23,2013-12-23
23181,1,4,oz,113,g,1,2012-03-02,2019-02-13
23181,2,1,ribs,1587,g,1,2013-12-23,2013-12-23
23182,1,3,oz,85,g,1,2012-03-02,2013-12-26
23182,2,1,ribs,1197,g,1,2013-12-23,2013-12-23
23183,1,4,oz,113,g,1,2012-03-02,2019-02-13
23183,2,1,ribs,1604,g,1,2013-12-23,2013-12-23
23184,1,3,oz,85,g,1,2012-03-02,2013-12-26
23184,2,1,ribs,1102,g,1,2013-12-23,2013-12-23
23185,1,4,oz,113,g,1,2012-03-02,2019-02-13
23185,2,1,ribs,1562,g,1,2013-12-23,2013-12-23
23186,1,3,oz,85,g,1,2012-03-02,2013-12-26
23186,2,1,steak,378,g,1,2013-12-23,2013-12-23
23187,1,3,oz,85,g,1,2012-03-02,2013-12-26
23187,2,1,steak,385,g,1,2013-12-23,2013-12-23
23188,1,3,oz,85,g,1,2012-03-02,2013-12-26
23188,2,1,steak,381,g,1,2013-12-23,2013-12-23
23189,1,3,oz,85,g,1,2012-03-02,2013-12-26
23189,2,1,roast,2044,g,1,2013-12-23,2013-12-23
23190,1,3,oz,85,g,1,2012-03-02,2013-12-26
23190,2,1,roast,2259,g,1,2013-12-23,2013-12-23
23191,1,3,oz,85,g,1,2012-03-02,2013-12-26
23191,2,1,roast,2130,g,1,2013-12-23,2013-12-23
23192,1,4,oz,113,g,1,2012-03-02,2019-02-13
23192,2,1,steak,462,g,1,2012-03-02,2013-12-26
23192,3,1,roast,2627,g,1,2013-12-23,2013-12-23
23193,1,4,oz,113,g,1,2012-03-02,2019-02-13
23193,2,1,steak,456,g,1,2012-03-02,2013-12-26
23193,3,1,roast,2674,g,1,2013-12-23,2013-12-23
23194,1,4,oz,113,g,1,2012-03-02,2019-02-13
23194,2,1,steak,471,g,1,2012-03-02,2013-12-26
23194,3,1,roast,2557,g,1,2013-12-23,2013-12-23
23195,1,3,oz,85,g,1,2012-03-02,2013-12-26
23195,2,1,steak,281,g,1,2013-12-23,2013-12-23
23196,1,3,oz,85,g,1,2012-03-02,2013-12-26
23196,2,1,steak,306,g,1,2013-12-23,2013-12-23
23197,1,3,oz,85,g,1,2012-03-02,2013-12-26
23197,2,1,steak,291,g,1,2013-12-23,2013-12-23
23198,1,3,oz,85,g,1,2012-03-02,2013-12-26
23198,2,1,roast,1601,g,1,2013-12-23,2013-12-23
23199,1,3,oz,85,g,1,2012-03-02,2013-12-26
23199,2,1,roast,1555,g,1,2013-12-23,2013-12-23
23200,1,3,oz,85,g,1,2012-03-02,2013-12-26
23200,2,1,roast,1669,g,1,2013-12-23,2013-12-23
23201,1,4,oz,113,g,1,2012-03-02,2019-02-13
23201,2,1,steak,361,g,1,2012-03-02,2013-12-26
23201,3,1,roast,2155,g,1,2013-12-23,2013-12-23
23202,1,4,oz,113,g,1,2012-03-02,2019-02-13
23202,2,1,steak,350,g,1,2012-03-02,2013-12-26
23202,3,1,roast,2124,g,1,2013-12-23,2013-12-23
23213,1,4,oz,113,g,1,2012-03-02,2019-02-13
23213,2,1,steak,376,g,1,2012-03-02,2013-12-26
23213,3,1,roast,2203,g,1,2013-12-23,2013-12-23
23214,1,3,oz,85,g,1,2012-03-02,2013-12-26
23214,2,1,steak,254,g,1,2013-12-23,2013-12-23
23215,1,3,oz,85,g,1,2012-03-02,2013-12-26
23215,2,1,steak,256,g,1,2013-12-23,2013-12-23
23216,1,3,oz,85,g,1,2012-03-02,2013-12-26
23216,2,1,steak,250,g,1,2013-12-23,2013-12-23
23217,1,4,oz,113,g,1,2012-03-02,2019-02-13
23217,2,1,steak,382,g,1,2013-12-23,2013-12-23
23218,1,4,oz,113,g,1,2012-03-02,2019-02-13
23218,2,1,steak,388,g,1,2013-12-23,2013-12-23
23219,1,4,oz,113,g,1,2012-03-02,2019-02-13
23219,2,1,steak,373,g,1,2013-12-23,2013-12-23
23220,1,3,oz,85,g,1,2012-03-02,2012-03-02
23221,1,3,oz,85,g,1,2012-03-02,2013-12-26
23221,2,1,steak,174,g,1,2013-12-23,2013-12-23
23222,1,3,oz,85,g,1,2012-03-02,2013-12-26
23222,2,1,steak,173,g,1,2013-12-23,2013-12-23
23223,1,3,oz,85,g,1,2012-03-02,2013-12-26
23223,2,1,steak,175,g,1,2013-12-23,2013-12-23
23224,1,4,oz,113,g,1,2012-03-02,2019-02-13
23224,2,1,steak,266,g,1,2013-12-23,2013-12-23
23225,1,4,oz,113,g,1,2012-03-02,2019-02-13
23225,2,1,steak,268,g,1,2013-12-23,2013-12-23
23226,1,4,oz,113,g,1,2012-03-02,2019-02-13
23226,2,1,steak,264,g,1,2013-12-23,2013-12-23
23227,1,3,oz,85,g,1,2012-03-02,2013-12-26
23227,2,1,steak,251,g,1,2013-12-23,2013-12-23
23228,1,3,oz,85,g,1,2012-03-02,2013-12-26
23228,2,1,steak,242,g,1,2013-12-23,2013-12-23
23229,1,3,oz,85,g,1,2012-03-02,2013-12-26
23229,2,1,steak,266,g,1,2013-12-23,2013-12-23
23230,1,4,oz,113,g,1,2012-03-02,2019-02-13
23230,2,1,steak,326,g,1,2013-12-23,2013-12-23
23231,1,4,oz,113,g,1,2012-03-02,2019-02-13
23231,2,1,steak,316,g,1,2013-12-23,2013-12-23
23232,1,4,oz,113,g,1,2012-03-02,2019-02-13
23232,2,1,steak,340,g,1,2013-12-23,2013-12-23
23233,1,3,oz,85,g,1,2012-03-02,2013-12-26
23233,2,1,ribs,1159,g,1,2013-12-23,2013-12-23
23234,1,3,oz,85,g,1,2012-03-02,2013-12-26
23234,2,1,ribs,1197,g,1,2013-12-23,2013-12-23
23235,1,3,oz,85,g,1,2012-03-02,2013-12-26
23235,2,1,ribs,1102,g,1,2013-12-23,2013-12-23
23236,1,4,oz,113,g,1,2012-03-02,2019-02-13
23236,2,1,ribs,1587,g,1,2013-12-23,2013-12-23
23237,1,4,oz,113,g,1,2012-03-02,2019-02-13
23237,2,1,ribs,1604,g,1,2013-12-23,2013-12-23
23238,1,4,oz,113,g,1,2012-03-02,2019-02-13
23238,2,1,ribs,1562,g,1,2013-12-23,2013-12-23
23239,1,3,oz,85,g,1,2012-03-02,2013-12-26
23239,2,1,roast,806,g,1,2013-12-23,2013-12-23
23240,1,4,oz,113,g,1,2012-03-02,2019-02-13
23240,2,1,fillet,190,g,1,2012-03-02,2013-12-26
23240,3,1,roast,1013,g,1,2013-12-23,2013-12-23
23241,1,3,oz,85,g,1,2012-03-02,2013-12-26
23241,2,1,steak,161,g,1,2013-12-23,2013-12-23
23242,1,3,oz,85,g,1,2012-03-02,2013-12-26
23242,2,1,steak,165,g,1,2013-12-23,2013-12-23
23243,1,3,oz,85,g,1,2012-03-02,2013-12-26
23243,2,1,steak,156,g,1,2013-12-23,2013-12-23
23244,1,4,oz,113,g,1,2012-03-02,2019-02-13
23244,2,1,steak,223,g,1,2013-12-23,2013-12-23
23245,1,4,oz,113,g,1,2012-03-02,2019-02-13
23245,2,1,steak,238,g,1,2013-12-23,2013-12-23
23246,1,4,oz,113,g,1,2012-03-02,2019-02-13
23246,2,1,steak,199,g,1,2013-12-23,2013-12-23
23247,1,3,oz,85,g,1,2012-03-02,2019-02-13
23247,2,1,fillet,135,g,1,2019-02-13,2019-02-13
23248,1,3,oz,85,g,1,2012-03-02,2019-02-13
23248,2,1,fillet,135,g,1,2019-02-13,2019-02-13
23249,1,3,oz,85,g,1,2012-03-02,2019-02-13
23249,2,1,fillet,135,g,1,2019-02-13,2019-02-13
23250,1,3,oz,85,g,1,2012-03-02,2013-12-26
23250,2,1,roast,634,g,1,2013-12-23,2013-12-23
23251,1,3,oz,85,g,1,2012-03-02,2013-12-26
23251,2,1,roast,677,g,1,2013-12-23,2013-12-23
23252,1,3,oz,85,g,1,2012-03-02,2013-12-26
23252,2,1,roast,571,g,1,2013-12-23,2013-12-23
23253,1,4,oz,113,g,1,2012-03-02,2019-02-13
23253,2,1,fillet,173,g,1,2012-03-02,2013-12-26
23253,3,1,roast,852,g,1,2013-12-23,2013-12-23
23254,1,4,oz,113,g,1,2012-03-02,2019-02-13
23254,2,1,fillet,178,g,1,2012-03-02,2013-12-26
23254,3,1,roast,844,g,1,2013-12-23,2013-12-23
23255,1,4,oz,113,g,1,2012-03-02,2019-02-13
23255,2,1,fillet,166,g,1,2012-03-02,2013-12-26
23255,3,1,roast,866,g,1,2013-12-23,2013-12-23
23256,1,3,oz,85,g,1,2012-03-02,2019-02-13
23256,2,1,fillet,121,g,1,2019-02-13,2019-02-13
23257,1,3,oz,85,g,1,2012-03-02,2019-02-13
23257,2,1,fillet,124,g,1,2019-02-13,2019-02-13
23258,1,3,oz,85,g,1,2012-03-02,2019-02-13
23258,2,1,fillet,115,g,1,2019-02-13,2019-02-13
23259,1,3,oz,85,g,1,2012-03-02,2013-12-26
23259,2,1,roast,768,g,1,2013-12-23,2013-12-23
23260,1,3,oz,85,g,1,2012-03-02,2013-12-26
23260,2,1,roast,765,g,1,2013-12-23,2013-12-23
23261,1,4,oz,113,g,1,2012-03-02,2019-02-13
23261,2,1,fillet,180,g,1,2012-03-02,2013-12-26
23261,3,1,roast,970,g,1,2013-12-23,2013-12-23
23262,1,4,oz,113,g,1,2012-03-02,2019-02-13
23262,2,1,fillet,186,g,1,2012-03-02,2013-12-26
23262,3,1,roast,955,g,1,2013-12-23,2013-12-23
23263,1,4,oz,113,g,1,2012-03-02,2019-02-13
23263,2,1,fillet,164,g,1,2012-03-02,2013-12-26
23263,3,1,roast,901,g,1,2013-12-23,2013-12-23
23264,1,4,oz,113,g,1,2012-03-02,2019-02-13
23264,2,1,fillet,163,g,1,2012-03-02,2013-12-26
23264,3,1,roast,938,g,1,2013-12-23,2013-12-23
23265,1,4,oz,113,g,1,2012-03-02,2019-02-13
23265,2,1,fillet,167,g,1,2012-03-02,2013-12-26
23265,3,1,roast,847,g,1,2013-12-23,2013-12-23
23266,1,3,oz,85,g,1,2012-03-02,2013-12-26
23266,2,1,steak,209,g,1,2013-12-23,2013-12-23
23267,1,3,oz,85,g,1,2012-03-02,2013-12-26
23267,2,1,steak,208,g,1,2013-12-23,2013-12-23
23268,1,3,oz,85,g,1,2012-03-02,2013-12-26
23268,2,1,steak,211,g,1,2013-12-23,2013-12-23
23269,1,4,oz,113,g,1,2012-03-02,2019-02-13
23269,2,1,steak,256,g,1,2013-12-23,2013-12-23
23270,1,4,oz,113,g,1,2012-03-02,2019-02-13
23270,2,1,steak,249,g,1,2013-12-23,2013-12-23
23271,1,4,oz,113,g,1,2012-03-02,2019-02-13
23271,2,1,steak,267,g,1,2013-12-23,2013-12-23
23272,1,3,oz,85,g,1,2012-03-02,2019-02-13
23272,2,1,fillet,135,g,1,2019-02-13,2019-02-13
23273,1,3,oz,85,g,1,2012-03-02,2019-02-13
23273,2,1,fillet,138,g,1,2019-02-13,2019-02-13
23274,1,3,oz,85,g,1,2012-03-02,2019-02-13
23274,2,1,fillet,129,g,1,2019-02-13,2019-02-13
23275,1,3,oz,85,g,1,2012-03-02,2013-12-26
23275,2,1,roast,699,g,1,2013-12-23,2013-12-23
23276,1,3,oz,85,g,1,2012-03-02,2013-12-26
23276,2,1,roast,714,g,1,2013-12-23,2013-12-23
23277,1,3,oz,85,g,1,2012-03-02,2013-12-26
23277,2,1,roast,675,g,1,2013-12-23,2013-12-23
23278,1,3,oz,85,g,1,2012-03-02,2013-12-26
23278,2,1,steak,161,g,1,2013-12-23,2013-12-23
23279,1,3,oz,85,g,1,2012-03-02,2013-12-26
23279,2,1,steak,165,g,1,2013-12-23,2013-12-23
23280,1,3,oz,85,g,1,2012-03-02,2013-12-26
23280,2,1,steak,156,g,1,2013-12-23,2013-12-23
23281,1,4,oz,113,g,1,2012-03-02,2019-02-13
23281,2,1,steak,223,g,1,2013-12-23,2013-12-23
23282,1,4,oz,113,g,1,2012-03-02,2019-02-13
23282,2,1,steak,238,g,1,2013-12-23,2013-12-23
23283,1,4,oz,113,g,1,2012-03-02,2019-02-13
23283,2,1,steak,199,g,1,2013-12-23,2013-12-23
23284,1,3,oz,85,g,1,2012-03-02,2019-02-13
23284,2,1,fillet,135,g,1,2019-02-13,2019-02-13
23285,1,3,oz,85,g,1,2012-03-02,2019-02-13
23285,2,1,fillet,135,g,1,2019-02-13,2019-02-13
23286,1,3,oz,85,g,1,2012-03-02,2019-02-13
23286,2,1,fillet,135,g,1,2019-02-13,2019-02-13
23287,1,3,oz,85,g,1,2012-03-02,2013-12-26
23287,2,1,roast,634,g,1,2013-12-23,2013-12-23
23288,1,3,oz,85,g,1,2012-03-02,2013-12-26
23288,2,1,roast,677,g,1,2013-12-23,2013-12-23
23289,1,3,oz,85,g,1,2012-03-02,2013-12-26
23289,2,1,roast,571,g,1,2013-12-23,2013-12-23
23290,1,4,oz,113,g,1,2012-03-02,2019-02-13
23290,2,1,fillet,173,g,1,2012-03-02,2013-12-26
23290,3,1,roast,852,g,1,2013-12-23,2013-12-23
23291,1,4,oz,113,g,1,2012-03-02,2019-02-13
23291,2,1,fillet,178,g,1,2012-03-02,2013-12-26
23291,3,1,roast,844,g,1,2013-12-23,2013-12-23
23292,1,4,oz,113,g,1,2012-03-02,2019-02-13
23292,2,1,fillet,166,g,1,2012-03-02,2013-12-26
23292,3,1,roast,866,g,1,2013-12-23,2013-12-23
23293,1,4,oz (4 oz),113,g,1,2013-02-22,2019-02-13
23294,1,4,oz,113,g,1,2013-02-22,2019-02-13
23294,2,1,steak,150,g,1,2016-02-06,2016-02-06
23295,1,4,oz,113,g,1,2013-02-22,2019-02-13
23295,2,1,steak,152,g,1,2013-12-23,2013-12-23
23296,1,4,oz,113,g,1,2013-02-22,2019-02-13
23297,1,4,oz,113,g,1,2013-02-22,2019-02-13
23298,1,4,oz,113,g,1,2013-02-22,2019-02-13
23299,1,4,oz,113,g,1,2013-02-22,2019-02-13
23300,1,4,oz,113,g,1,2013-02-22,2019-02-13
23301,1,4,oz,113,g,1,2013-02-22,2019-02-13
23302,1,4,oz,113,g,1,2013-02-22,2019-02-13
23302,2,1,steak,150,g,1,2016-02-06,2016-02-06
23303,1,4,oz,113,g,1,2013-02-22,2019-02-13
23303,2,1,roast,339,g,1,2013-12-23,2013-12-23
23304,1,4,oz,113,g,1,2013-02-22,2019-02-13
23304,2,1,steak,152,g,1,2013-12-23,2013-12-23
23305,1,4,oz,113,g,1,2013-02-22,2019-02-13
23305,2,1,roast,339,g,1,2013-12-23,2013-12-23
23306,1,4,oz,113,g,1,2016-02-06,2019-02-13
23306,2,1,roast,449,g,1,2016-02-06,2016-02-06
23307,1,4,oz,113,g,1,2013-02-22,2019-02-13
23307,2,1,roast,350,g,1,2013-12-23,2013-12-23
23308,1,4,oz,113,g,1,2013-02-22,2019-02-13
23308,2,1,roast,337,g,1,2013-12-23,2013-12-23
23309,1,4,oz,113,g,1,2013-02-22,2019-02-13
23309,2,1,roast,763,g,1,2013-12-23,2013-12-23
23310,1,4,oz,113,g,1,2013-02-22,2019-02-13
23310,2,1,steak,173,g,1,2013-12-23,2013-12-23
23311,1,4,oz,113,g,1,2013-02-22,2019-02-13
23311,2,1,roast,348,g,1,2013-12-23,2013-12-23
23312,1,4,oz,113,g,1,2013-02-22,2019-02-13
23312,2,1,roast,359,g,1,2013-12-23,2013-12-23
23313,1,4,oz,113,g,1,2013-02-22,2019-02-13
23313,2,1,roast,342,g,1,2013-12-23,2013-12-23
23314,1,4,oz,113,g,1,2013-02-22,2019-02-13
23314,2,1,roast,377,g,1,2013-12-23,2013-12-23
23315,1,4,oz,113,g,1,2013-02-22,2019-02-13
23315,2,1,roast,449,g,1,2013-12-23,2013-12-23
23316,1,4,oz,113,g,1,2013-02-22,2019-02-13
23316,2,1,roast,350,g,1,2013-12-23,2013-12-23
23317,1,4,oz,113,g,1,2013-02-22,2019-02-13
23317,2,1,roast,337,g,1,2013-12-23,2013-12-23
23318,1,4,oz,113,g,1,2013-02-22,2019-02-13
23318,2,1,roast,763,g,1,2013-12-23,2013-12-23
23319,1,4,oz,113,g,1,2013-02-22,2019-02-13
23319,2,1,roast,348,g,1,2013-12-23,2013-12-23
23320,1,4,oz,113,g,1,2013-02-22,2019-02-13
23320,2,1,roast,359,g,1,2013-12-23,2013-12-23
23321,1,4,oz,113,g,1,2013-02-22,2019-02-13
23321,2,1,roast,342,g,1,2013-12-23,2013-12-23
23322,1,4,oz,113,g,1,2013-02-22,2019-02-13
23322,2,1,roast,377,g,1,2013-12-23,2013-12-23
23323,1,4,oz,113,g,1,2013-02-22,2019-02-13
23323,2,1,steak,173,g,1,2013-12-23,2013-12-23
23324,1,4,oz,113,g,1,2013-12-23,2019-02-13
23324,2,1,steak,344,g,1,2013-12-23,2013-12-23
23325,1,4,oz,113,g,1,2013-12-23,2019-02-13
23325,2,1,steak,344,g,1,2013-12-23,2013-12-23
23326,1,4,oz,113,g,1,2013-12-23,2019-02-13
23326,2,1,steak,344,g,1,2013-12-23,2013-12-23
23327,1,4,oz,113,g,1,2013-12-23,2019-02-13
23327,2,1,roast,758,g,1,2013-12-23,2013-12-23
23328,1,4,oz,113,g,1,2013-12-23,2019-02-13
23328,2,1,roast,770,g,1,2013-12-23,2013-12-23
23329,1,4,oz,113,g,1,2013-12-23,2019-02-13
23329,2,1,roast,740,g,1,2013-12-23,2013-12-23
23330,1,4,oz,113,g,1,2013-12-23,2019-02-13
23330,2,1,roast,675,g,1,2013-12-23,2013-12-23
23331,1,4,oz,113,g,1,2013-12-23,2019-02-13
23331,2,1,roast,658,g,1,2013-12-23,2013-12-23
23332,1,4,oz,113,g,1,2013-12-23,2019-02-13
23332,2,1,roast,699,g,1,2013-12-23,2013-12-23
23333,1,4,oz,113,g,1,2013-12-23,2019-02-13
23333,2,1,steak,140,g,1,2013-12-23,2013-12-23
23334,1,4,oz,113,g,1,2013-12-23,2019-02-13
23334,2,1,steak,133,g,1,2013-12-23,2013-12-23
23335,1,3,oz,85,g,1,2013-12-23,2013-12-23
23335,2,1,steak,151,g,1,2013-12-23,2013-12-23
23336,1,4,oz,113,g,1,2013-12-23,2019-02-13
23336,2,1,roast,644,g,1,2013-12-23,2013-12-23
23337,1,4,oz,113,g,1,2013-12-23,2019-02-13
23337,2,1,roast,625,g,1,2013-12-23,2013-12-23
23338,1,4,oz,113,g,1,2013-12-23,2019-02-13
23338,2,1,roast,673,g,1,2013-12-23,2013-12-23
23339,1,4,oz,113,g,1,2013-12-23,2019-02-13
23339,2,1,steak,267,g,1,2013-12-23,2013-12-23
23340,1,4,oz,113,g,1,2013-12-23,2019-02-13
23340,2,1,steak,266,g,1,2013-12-23,2013-12-23
23341,1,4,oz,113,g,1,2013-12-23,2019-02-13
23341,2,1,steak,268,g,1,2013-12-23,2013-12-23
23342,1,4,oz,113,g,1,2013-12-23,2019-02-13
23342,2,1,steak,170,g,1,2013-12-23,2013-12-23
23343,1,4,oz,113,g,1,2013-12-23,2019-02-13
23343,2,1,steak,168,g,1,2013-12-23,2013-12-23
23344,1,4,oz,113,g,1,2013-12-23,2019-02-13
23344,2,1,steak,172,g,1,2013-12-23,2013-12-23
23345,1,3,oz,85,g,1,2013-12-23,2013-12-23
23345,2,1,roast,481,g,1,2013-12-23,2013-12-23
23346,1,3,oz,85,g,1,2013-12-23,2013-12-23
23346,2,1,roast,478,g,1,2013-12-23,2013-12-23
23347,1,3,oz,85,g,1,2013-12-23,2013-12-23
23347,2,1,roast,487,g,1,2013-12-23,2013-12-23
23348,1,3,oz,85,g,1,2013-12-23,2013-12-23
23349,1,3,oz,85,g,1,2013-12-23,2013-12-23
23350,1,3,oz,85,g,1,2013-12-23,2013-12-23
23351,1,3,oz,85,g,1,2013-12-23,2013-12-23
23352,1,3,oz,85,g,1,2013-12-23,2013-12-23
23353,1,3,oz,85,g,1,2013-12-23,2013-12-23
23354,1,4,oz,113,g,1,2013-12-23,2019-02-13
23354,2,1,steak,344,g,1,2013-12-23,2013-12-23
23355,1,4,oz,113,g,1,2013-12-23,2019-02-13
23355,2,1,steak,344,g,1,2013-12-23,2013-12-23
23356,1,4,oz,113,g,1,2013-12-23,2019-02-13
23356,2,1,steak,344,g,1,2013-12-23,2013-12-23
23357,1,4,oz,113,g,1,2013-12-23,2019-02-13
23357,2,1,roast,758,g,1,2013-12-23,2013-12-23
23358,1,4,oz,113,g,1,2013-12-23,2019-02-13
23358,2,1,roast,770,g,1,2013-12-23,2013-12-23
23359,1,4,oz,113,g,1,2013-12-23,2019-02-13
23359,2,1,roast,740,g,1,2013-12-23,2013-12-23
23360,1,4,oz,113,g,1,2013-12-23,2019-02-13
23360,2,1,roast,675,g,1,2013-12-23,2013-12-23
23361,1,4,oz,113,g,1,2013-12-23,2019-02-13
23361,2,1,roast,658,g,1,2013-12-23,2013-12-23
23362,1,4,oz,113,g,1,2013-12-23,2019-02-13
23362,2,1,roast,699,g,1,2013-12-23,2013-12-23
23363,1,4,oz,113,g,1,2013-12-23,2019-02-13
23363,2,1,steak,140,g,1,2013-12-23,2013-12-23
23364,1,4,oz,113,g,1,2015-01-06,2019-02-13
23364,2,1,steak,133,g,1,2015-01-06,2015-01-06
23365,1,4,oz,113,g,1,2013-12-23,2019-02-13
23365,2,1,steak,151,g,1,2013-12-23,2013-12-23
23366,1,4,oz,113,g,1,2013-12-23,2019-02-13
23366,2,1,roast,644,g,1,2013-12-23,2013-12-23
23367,1,4,oz,113,g,1,2013-12-23,2019-02-13
23367,2,1,roast,625,g,1,2013-12-23,2013-12-23
23368,1,4,oz,113,g,1,2013-12-23,2019-02-13
23368,2,1,roast,673,g,1,2013-12-23,2013-12-23
23369,1,4,oz,113,g,1,2013-12-23,2019-02-13
23369,2,1,steak,267,g,1,2013-12-23,2013-12-23
23370,1,4,oz,113,g,1,2013-12-23,2019-02-13
23370,2,1,steak,266,g,1,2013-12-23,2013-12-23
23370,3,1,oz,28,g,1,2013-12-23,2013-12-23
23371,1,4,oz,113,g,1,2013-12-23,2019-02-13
23371,2,1,steak,268,g,1,2013-12-23,2013-12-23
23372,1,4,oz,113,g,1,2013-12-23,2019-02-13
23372,2,1,steak,170,g,1,2013-12-23,2013-12-23
23373,1,4,oz,113,g,1,2013-12-23,2019-02-13
23373,2,1,steak,168,g,1,2013-12-23,2013-12-23
23374,1,4,oz,113,g,1,2013-12-23,2019-02-13
23374,2,1,steak,172,g,1,2013-12-23,2013-12-23
23375,1,3,oz,85,g,1,2013-12-23,2013-12-23
23375,2,1,roast,481,g,1,2013-12-23,2013-12-23
23376,1,3,oz,85,g,1,2013-12-23,2013-12-23
23376,2,1,roast,478,g,1,2013-12-23,2013-12-23
23377,1,3,oz,85,g,1,2013-12-23,2013-12-23
23377,2,1,roast,487,g,1,2013-12-23,2013-12-23
23378,1,3,oz,85,g,1,2013-12-23,2013-12-23
23379,1,3,oz,85,g,1,2013-12-23,2013-12-23
23380,1,3,oz,85,g,1,2013-12-23,2013-12-23
23381,1,3,oz,85,g,1,2013-12-23,2013-12-23
23382,1,3,oz,85,g,1,2013-12-23,2013-12-23
23383,1,3,oz,85,g,1,2013-12-23,2013-12-23
23384,1,4,oz,113,g,1,2013-12-23,2019-02-13
23384,2,1,steak,304,g,1,2013-12-23,2013-12-23
23385,1,4,oz,113,g,1,2013-12-23,2019-02-13
23385,2,1,steak,301,g,1,2013-12-23,2013-12-23
23386,1,4,oz,113,g,1,2013-12-23,2019-02-13
23386,2,1,steak,302,g,1,2013-12-23,2013-12-23
23387,1,4,oz,113,g,1,2013-12-23,2019-02-13
23387,2,1,steak,304,g,1,2013-12-23,2013-12-23
23388,1,4,oz,113,g,1,2013-12-23,2019-02-13
23388,2,1,steak,302,g,1,2013-12-23,2013-12-23
23389,1,3,oz,85,g,1,2013-12-23,2013-12-23
23389,2,1,steak,236,g,1,2013-12-23,2013-12-23
23390,1,3,oz,85,g,1,2013-12-23,2013-12-23
23390,2,1,steak,234,g,1,2013-12-23,2013-12-23
23391,1,3,oz,85,g,1,2013-12-23,2013-12-23
23391,2,1,steak,235,g,1,2013-12-23,2013-12-23
23392,1,3,oz,85,g,1,2013-12-23,2013-12-23
23392,2,1,steak,236,g,1,2013-12-23,2013-12-23
23393,1,3,oz,85,g,1,2013-12-23,2013-12-23
23393,2,1,steak,234,g,1,2013-12-23,2013-12-23
23394,1,3,oz,85,g,1,2013-12-23,2013-12-23
23394,2,1,steak,235,g,1,2013-12-23,2013-12-23
23395,1,4,oz,113,g,1,2013-12-23,2019-02-13
23395,2,1,steak,301,g,1,2013-12-23,2013-12-23
23397,1,3,oz,85,g,1,2015-01-06,2015-01-06
23398,1,4,oz,113,g,1,2015-01-06,2019-02-13
23399,1,3,oz,85,g,1,2015-01-06,2015-01-06
23401,1,4,oz,113,g,1,2015-01-06,2019-02-13
23402,1,3,oz,85,g,1,2015-01-06,2015-01-06
23403,1,4,oz,113,g,1,2015-01-06,2019-02-13
23404,1,4,oz,113,g,1,2019-02-13,2019-02-13
23405,1,1,serving,85,g,1,2015-01-06,2015-01-06
23406,1,3,oz,85,g,1,2015-01-06,2015-01-06
23407,1,4,oz,113,g,1,2015-01-06,2019-02-13
23408,1,3,oz,85,g,1,2015-01-06,2015-01-06
23409,1,4,oz,113,g,1,2015-01-06,2015-01-06
23410,1,3,oz,85,g,1,2015-01-06,2015-01-06
23411,1,4,oz,113,g,1,2015-01-06,2015-01-06
23412,1,3,oz,85,g,1,2015-01-06,2015-01-06
23413,1,4,oz,113,g,1,2015-01-06,2015-01-06
23414,1,3,oz,85,g,1,2015-01-06,2015-01-06
23415,1,4,oz,113,g,1,2015-01-06,2015-01-06
23416,1,3,oz,85,g,1,2015-01-06,2015-01-06
23417,1,4,oz,113,g,1,2015-01-06,2015-01-06
23418,1,4,oz,113,g,1,2015-01-06,2015-01-06
23419,1,3,oz,85,g,1,2015-01-06,2015-01-06
23420,1,4,oz,113,g,1,2015-01-06,2015-01-06
23421,1,3,oz,85,g,1,2015-01-06,2015-01-06
23422,1,3,oz,85,g,1,2015-01-06,2015-01-06
23423,1,4,oz,113,g,1,2015-01-06,2015-01-06
23424,1,3,oz,85,g,1,2015-01-06,2015-01-06
23425,1,4,oz,113,g,1,2015-01-06,2015-01-06
23426,1,3,oz,85,g,1,2015-01-06,2015-01-06
23427,1,4,oz,113,g,1,2015-01-06,2015-01-06
23428,1,3,oz,85,g,1,2015-01-06,2015-01-06
23429,1,4,oz,113,g,1,2015-01-06,2015-01-06
23430,1,3,oz,85,g,1,2015-01-06,2015-01-06
23431,1,4,oz,113,g,1,2015-01-06,2015-01-06
23432,1,3,oz,85,g,1,2015-01-06,2015-01-06
23433,1,3,oz,85,g,1,2015-01-06,2015-01-06
23434,1,4,oz,113,g,1,2015-01-06,2015-01-06
23435,1,3,oz,85,g,1,2015-01-06,2015-01-06
23436,1,4,oz,113,g,1,2015-01-06,2015-01-06
23437,1,3,oz,85,g,1,2015-01-06,2015-01-06
23438,1,4,oz,113,g,1,2015-01-06,2015-01-06
23439,1,3,oz,85,g,1,2015-01-06,2015-01-06
23440,1,4,oz,113,g,1,2015-01-06,2015-01-06
23441,1,4,oz,113,g,1,2015-01-06,2015-01-06
23442,1,3,oz,85,g,1,2015-01-06,2015-01-06
23443,1,4,oz,113,g,1,2015-01-06,2015-01-06
23444,1,3,oz,85,g,1,2015-01-06,2015-01-06
23445,1,4,oz,113,g,1,2015-01-06,2015-01-06
23446,1,3,oz,85,g,1,2015-01-06,2015-01-06
23447,1,4,oz,113,g,1,2015-01-06,2019-02-13
23448,1,3,oz,85,g,1,2015-01-06,2015-01-06
23449,1,4,oz,113,g,1,2015-01-06,2019-02-13
23450,1,3,oz,85,g,1,2015-01-06,2015-01-06
23451,1,4,oz,113,g,1,2015-01-06,2019-02-13
23452,1,3,oz,85,g,1,2015-01-06,2015-01-06
23453,1,4,oz,113,g,1,2015-01-06,2019-02-13
23454,1,3,oz,85,g,1,2015-01-06,2015-01-06
23455,1,4,oz,113,g,1,2015-01-06,2019-02-13
23456,1,3,oz,85,g,1,2015-01-06,2015-01-06
23457,1,4,oz,113,g,1,2015-01-06,2015-01-06
23458,1,3,oz,85,g,1,2015-01-06,2015-01-06
23459,1,4,oz,113,g,1,2015-01-06,2015-01-06
23460,1,3,oz,85,g,1,2015-01-06,2015-01-06
23461,1,4,oz,113,g,1,2015-01-06,2015-01-06
23462,1,3,oz,85,g,1,2015-01-06,2015-01-06
23463,1,4,oz,113,g,1,2015-01-06,2015-01-06
23464,1,3,oz,85,g,1,2015-01-06,2015-01-06
23465,1,3,oz,85,g,1,2015-01-06,2015-01-06
23466,1,4,oz,113,g,1,2015-01-06,2015-01-06
23467,1,4,oz,113,g,1,2015-01-06,2015-01-06
23468,1,3,oz,85,g,1,2015-01-06,2015-01-06
23469,1,4,oz,113,g,1,2015-01-06,2015-01-06
23470,1,3,oz,85,g,1,2015-01-06,2015-01-06
23471,1,4,oz,113,g,1,2015-01-06,2015-01-06
23472,1,4,oz,113,g,1,2015-01-06,2015-01-06
23473,1,3,oz,85,g,1,2015-01-06,2015-01-06
23474,1,3,oz,85,g,1,2015-01-06,2015-01-06
23475,1,3,oz,85,g,1,2015-01-06,2015-01-06
23476,1,3,oz,85,g,1,2015-01-06,2015-01-06
23477,1,4,oz,113,g,1,2015-01-06,2015-01-06
23478,1,3,oz,85,g,1,2015-01-06,2015-01-06
23478,2,1,patty,70,g,1,2015-01-06,2015-01-06
23479,1,3,oz,85,g,1,2015-01-06,2015-01-06
23479,2,1,portion (yield from 1/2 lb raw meat ),139,g,1,2015-01-06,2015-01-06
23480,1,3,oz,85,g,1,2015-01-06,2015-01-06
23481,1,3,oz,85,g,1,2015-01-06,2015-01-06
23482,1,4,oz,113,g,1,2016-02-06,2019-02-13
23483,1,3,oz,85,g,1,2016-02-06,2016-02-06
23484,1,3,oz,85,g,1,2016-02-06,2019-02-13
23485,1,4,oz,113,g,1,2016-02-06,2019-02-13
23490,1,4,oz,113,g,1,2016-02-06,2019-02-13
23491,1,3,oz,85,g,1,2016-02-06,2016-02-06
23494,1,4,oz,113,g,1,2016-02-06,2019-02-13
23495,1,4,oz,113,g,1,2016-02-06,2019-02-13
23496,1,4,oz,113,g,1,2016-02-06,2019-02-13
23497,1,4,oz,113,g,1,2016-02-06,2019-02-13
23498,1,3,oz,85,g,1,2016-02-06,2016-02-06
23499,1,4,oz,113,g,1,2016-02-06,2019-02-13
23509,1,3,oz,85,g,1,2013-12-23,2016-02-06
23509,2,1,lb,453.6,g,1,2013-12-23,2013-12-23
23511,1,3,oz,85,g,1,2013-12-23,2016-02-06
23511,2,1,lb,453.6,g,1,2013-12-23,2013-12-23
23513,1,4,oz,113,g,1,2013-12-23,2019-02-13
23513,2,1,lb,453.6,g,1,2013-12-23,2013-12-23
23514,1,3,oz ( 1 serving  ),85,g,1,2013-12-23,2013-12-23
23514,2,1,lb,453.6,g,1,2013-12-23,2013-12-23
23515,1,3,oz,85,g,1,2010-01-04,2016-02-06
23515,2,1,lb,453.6,g,1,2010-01-04,2010-01-04
23516,1,3,oz,85,g,1,2013-12-23,2016-02-06
23517,1,3,oz,85,g,1,2010-01-04,2016-02-06
23517,2,1,lb,453.6,g,1,2010-01-04,2010-01-04
23519,1,3,oz,85,g,1,2013-12-23,2016-02-06
23519,2,1,lb,453.6,g,1,2013-12-23,2013-12-23
23521,1,3,oz,85,g,1,2013-12-23,2016-02-06
23521,2,1,lb,453.6,g,1,2013-12-23,2013-12-23
23523,1,3,oz,85,g,1,2013-12-23,2016-02-06
23523,2,1,lb,453.6,g,1,2013-12-23,2013-12-23
23525,1,3,oz,85,g,1,2013-12-23,2016-02-06
23525,2,1,lb,453.6,g,1,2013-12-23,2013-12-23
23528,1,3,oz,85,g,1,2013-12-23,2016-02-06
23528,2,1,lb,453.6,g,1,2013-12-23,2013-12-23
23531,1,3,oz,85,g,1,2013-12-23,2016-02-06
23531,2,1,lb,453.6,g,1,2013-12-23,2013-12-23
23536,1,3,oz,85,g,1,2013-12-23,2016-02-06
23536,2,1,steak,297,g,1,2013-12-23,2013-12-23
23540,1,3,oz,85,g,1,2013-12-23,2016-02-06
23540,2,1,lb,453.6,g,1,2013-12-23,2013-12-23
23541,1,3,oz,85,g,1,2013-12-23,2016-02-06
23541,2,1,lb,453.6,g,1,2013-12-23,2013-12-23
23545,1,3,oz,85,g,1,2006-02-23,2016-02-06
23545,2,1,lb,453.6,g,1,2006-02-23,2006-11-30
23547,1,3,oz,85,g,1,2006-02-24,2016-02-06
23547,2,1,lb,453.6,g,1,2006-02-24,2006-11-30
23549,1,3,oz,85,g,1,2006-02-23,2016-02-06
23549,2,1,lb,453.6,g,1,2006-02-23,2006-11-30
23552,1,3,oz,85,g,1,2006-02-23,2016-02-06
23552,2,1,lb,453.6,g,1,2006-02-23,2006-11-30
23554,1,3,oz,85,g,1,2013-12-23,2016-02-06
23554,2,1,steak,287,g,1,2013-12-23,2013-12-23
23557,1,4,oz,113,g,1,2013-12-23,2015-01-07
23558,1,3,oz,85,g,1,2013-12-23,2015-01-07
23559,1,3,oz,85,g,1,2013-12-23,2015-01-07
23560,1,3,oz,85,g,1,2013-12-23,2015-01-07
23561,1,3,oz,85,g,1,2013-12-23,2015-01-07
23562,1,4,oz,113,g,1,2013-12-23,2015-01-07
23563,1,3,oz,85,g,1,2013-12-23,2015-01-07
23564,1,3,oz,85,g,1,2013-12-23,2015-01-07
23565,1,3,oz,85,g,1,2013-12-23,2015-01-07
23565,2,1,portion ( yield from 1/2 lb raw meat ),154,g,1,2013-12-23,2013-12-23
23566,1,3,oz,85,g,1,2013-12-23,2015-01-07
23567,1,4,oz,113,g,1,2011-01-18,2019-02-13
23568,1,3,oz,85,g,1,2013-12-23,2015-01-07
23568,2,1,patty (yield from 1/4 lb raw meat),77,g,1,2013-12-23,2013-12-23
23569,1,3,oz,85,g,1,2013-12-23,2015-01-07
23569,2,1,patty ( yield from 1/4 lb raw meat ),83,g,1,2013-12-23,2013-12-23
23570,1,3,oz,85,g,1,2004-07-15,2015-01-07
23571,1,3,oz,85,g,1,2013-12-23,2015-01-07
23572,1,4,oz,113,g,1,2013-12-23,2015-01-07
23573,1,3,oz,85,g,1,2019-02-13,2019-02-13
23574,1,3,oz,85,g,1,2006-02-23,2015-01-07
23575,1,3,oz,85,g,1,2004-07-15,2015-01-07
23576,1,3,oz,85,g,1,2006-02-23,2015-01-07
23577,1,4,oz,113,g,1,2013-12-23,2015-01-07
23577,2,1,serving (3 oz),85,g,1,2015-01-06,2015-01-06
23578,1,3,oz,85,g,1,2013-12-23,2015-01-07
23579,1,3,oz,85,g,1,2013-12-23,2015-01-07
23580,1,3,oz,85,g,1,2013-12-23,2015-01-07
23581,1,3,oz,85,g,1,2013-12-23,2015-01-07
23582,1,4,oz,113,g,1,2013-12-23,2019-02-13
23582,2,1,lb,453.6,g,1,2013-12-23,2013-12-23
23583,1,4,oz,113,g,1,2013-12-23,2019-02-13
23584,1,4,oz,113,g,1,2004-07-15,2019-02-13
23584,2,1,lb,453.6,g,1,2004-07-15,2006-11-30
23585,1,4,oz,113,g,1,2013-12-23,2019-02-13
23585,2,1,lb,453.6,g,1,2013-12-23,2013-12-23
23586,1,3,oz,85,g,1,2013-12-23,2019-02-13
23586,2,1,lb,453.6,g,1,2013-12-23,2013-12-23
23587,1,3,oz,85,g,1,2013-12-23,2019-02-13
23587,2,1,lb,453.6,g,1,2013-12-23,2013-12-23
23588,1,3,oz,85,g,1,2004-07-15,2019-02-13
23588,2,1,lb,453.6,g,1,2004-07-15,2006-11-30
23589,1,3,oz,85,g,1,2013-12-23,2019-02-13
23589,2,1,lb,453.6,g,1,2013-12-23,2013-12-23
23590,1,3,oz,85,g,1,2013-12-23,2019-02-13
23590,2,1,lb,453.6,g,1,2013-12-23,2013-12-23
23591,1,3,oz,85,g,1,2013-12-23,2019-02-13
23591,2,1,lb,453.6,g,1,2013-12-23,2013-12-23
23592,1,3,oz,85,g,1,2013-12-23,2019-02-13
23592,2,1,lb,453.6,g,1,2013-12-23,2013-12-23
23593,1,3,oz,85,g,1,2013-12-23,2019-02-13
23593,2,1,lb,453.6,g,1,2013-12-23,2013-12-23
23594,1,4,oz,113,g,1,2013-12-23,2019-02-13
23594,2,1,lb,453.6,g,1,2013-12-23,2013-12-23
23595,1,3,oz,85,g,1,2013-12-23,2019-02-13
23595,2,1,lb,453.6,g,1,2013-12-23,2013-12-23
23596,1,4,oz,113,g,1,2013-12-23,2019-02-13
23596,2,1,lb,453.6,g,1,2013-12-23,2013-12-23
23597,1,4,oz,113,g,1,2013-12-23,2019-02-13
23597,2,1,lb,453.6,g,1,2013-12-23,2013-12-23
23598,1,3,oz,85,g,1,2011-01-18,2019-02-13
23598,2,1,lb,453.6,g,1,2011-01-18,2011-01-18
23599,1,4,oz,113,g,1,2013-12-23,2019-02-13
23599,2,1,lb,453.6,g,1,2013-12-23,2013-12-23
23600,1,3,oz,85,g,1,2004-07-15,2019-02-13
23600,2,1,lb,453.6,g,1,2004-07-15,2006-11-30
23601,1,4,oz,113,g,1,2013-12-23,2019-02-13
23601,2,1,lb,453.6,g,1,2013-12-23,2013-12-23
23602,1,3,oz,85,g,1,2004-07-15,2019-02-13
23602,2,1,lb,453.6,g,1,2004-07-15,2006-11-30
23603,1,4,oz,113,g,1,2013-12-23,2019-02-13
23603,2,1,lb,453.6,g,1,2013-12-23,2013-12-23
23604,1,3,oz,85,g,1,2013-12-23,2019-02-13
23604,2,1,lb,453.6,g,1,2013-12-23,2013-12-23
23605,1,3,oz,85,g,1,2004-07-15,2019-02-13
23605,2,1,lb,453.6,g,1,2004-07-15,2006-11-30
23606,1,3,oz,85,g,1,2004-07-15,2019-02-13
23606,2,1,lb,453.6,g,1,2004-07-15,2006-11-30
23607,1,4,oz,113,g,1,2013-12-23,2019-02-13
23607,2,1,lb,453.6,g,1,2013-12-23,2013-12-23
23608,1,3,oz,85,g,1,2004-07-15,2019-02-13
23608,2,1,lb,453.6,g,1,2004-07-15,2006-11-30
23609,1,4,oz,113,g,1,2013-12-23,2019-02-13
23609,2,1,lb,453.6,g,1,2013-12-23,2013-12-23
23610,1,3,oz,85,g,1,2004-07-15,2019-02-13
23610,2,1,lb,453.6,g,1,2004-07-15,2006-11-30
23611,1,4,oz,113,g,1,2013-12-23,2019-02-13
23611,2,1,lb,453.6,g,1,2013-12-23,2013-12-23
23612,1,4,oz,113,g,1,2013-12-23,2019-02-13
23612,2,1,lb,453.6,g,1,2013-12-23,2013-12-23
23613,1,4,oz,113,g,1,2013-12-23,2019-02-13
23613,2,1,lb,453.6,g,1,2013-12-23,2013-12-23
23614,1,3,oz,85,g,1,2004-07-15,2019-02-13
23614,2,1,lb,453.6,g,1,2004-07-15,2006-11-30
23615,1,3,oz,85,g,1,2013-12-23,2019-02-13
23615,2,1,lb,453.6,g,1,2013-12-23,2013-12-23
23616,1,4,oz,113,g,1,2013-12-23,2019-02-13
23616,2,1,lb,453.6,g,1,2013-12-23,2013-12-23
23617,1,4,oz,113,g,1,2013-12-23,2019-02-13
23617,2,1,lb,453.6,g,1,2013-12-23,2013-12-23
23618,1,4,oz,113,g,1,2013-12-23,2019-02-13
23618,2,1,lb,453.6,g,1,2013-12-23,2013-12-23
23619,1,3,oz,85,g,1,2013-12-23,2019-02-13
23619,2,1,lb,453.6,g,1,2013-12-23,2013-12-23
23620,1,3,oz,85,g,1,2013-12-23,2019-02-13
23620,2,1,lb,453.6,g,1,2013-12-23,2013-12-23
23621,1,3,oz,85,g,1,2013-12-23,2019-02-13
23621,2,1,lb,453.6,g,1,2013-12-23,2013-12-23
23622,1,3,oz,85,g,1,2013-12-23,2019-02-13
23622,2,1,lb,453.6,g,1,2013-12-23,2013-12-23
23623,1,4,oz,113,g,1,2013-12-23,2019-02-13
23623,2,1,lb,453.6,g,1,2013-12-23,2013-12-23
23624,1,4,oz,113,g,1,2013-12-23,2019-02-13
23624,2,1,lb,453.6,g,1,2013-12-23,2013-12-23
23625,1,4,oz,113,g,1,2004-07-15,2019-02-13
23625,2,1,lb,453.6,g,1,2004-07-15,2006-11-30
23626,1,3,oz,85,g,1,2013-12-23,2019-02-13
23626,2,1,lb,453.6,g,1,2013-12-23,2013-12-23
23627,1,4,oz,113,g,1,2013-12-23,2019-02-13
23627,2,1,lb,453.6,g,1,2013-12-23,2013-12-23
23628,1,3,oz,85,g,1,2013-12-23,2019-02-13
23628,2,1,lb,453.6,g,1,2013-12-23,2013-12-23
23629,1,3,oz,85,g,1,2013-12-23,2019-02-13
23629,2,1,lb,453.6,g,1,2013-12-23,2013-12-23
23630,1,3,oz,85,g,1,2013-12-23,2019-02-13
23630,2,1,lb,453.6,g,1,2013-12-23,2013-12-23
23631,1,4,oz,113,g,1,2013-12-23,2019-02-13
23631,2,1,lb,453.6,g,1,2013-12-23,2013-12-23
23632,1,4,oz,113,g,1,2013-12-23,2019-02-13
23632,2,1,lb,453.6,g,1,2013-12-23,2013-12-23
23633,1,3,oz,85,g,1,2004-07-15,2019-02-13
23633,2,1,lb,453.6,g,1,2004-07-15,2006-11-30
23634,1,3,oz,85,g,1,2013-12-23,2019-02-13
23634,2,1,lb,453.6,g,1,2013-12-23,2013-12-23
23635,1,4,oz,113,g,1,2013-12-23,2019-02-13
23635,2,1,lb,453.6,g,1,2013-12-23,2013-12-23
23636,1,4,oz,113,g,1,2013-12-23,2019-02-13
23636,2,1,lb,453.6,g,1,2013-12-23,2013-12-23
23637,1,4,oz,113,g,1,2013-12-23,2019-02-13
23637,2,1,lb,453.6,g,1,2013-12-23,2013-12-23
23638,1,3,oz,85,g,1,2004-07-15,2019-02-13
23638,2,1,lb,453.6,g,1,2004-07-15,2006-11-30
23640,1,3,oz,85,g,1,2013-12-23,2019-02-13
23640,2,1,serving,85,g,1,2019-02-13,2019-02-13
23646,1,4,oz,113,g,1,2013-12-23,2019-02-13
23646,2,1,roast,261,g,1,2013-12-23,2013-12-23
23647,1,3,oz,85,g,1,2013-12-23,2013-12-23
23647,2,1,roast,591,g,1,2013-12-23,2013-12-23
23648,1,4,oz,113,g,1,2013-12-23,2019-02-13
23648,2,1,roast,271,g,1,2013-12-23,2013-12-23
23649,1,3,oz,85,g,1,2013-12-23,2013-12-23
23649,2,1,roast (yield from 666 g raw meat),547,g,1,2013-12-23,2013-12-23
23650,1,4,oz,113,g,1,2013-12-23,2019-02-13
23650,2,1,roast,252,g,1,2013-12-23,2013-12-23
23651,1,4,oz,113,g,1,2013-12-23,2019-02-13
23651,2,1,roast,1289,g,1,2013-12-23,2013-12-23
23652,1,4,oz,113,g,1,2013-12-23,2019-02-13
23652,2,1,roast,1392,g,1,2013-12-23,2013-12-23
23653,1,4,oz,113,g,1,2013-12-23,2019-02-13
23653,2,1,roast,1187,g,1,2013-12-23,2013-12-23
23654,1,3,oz,85,g,1,2013-12-23,2013-12-23
23654,2,1,steak,383,g,1,2013-12-23,2013-12-23
23655,1,3,oz,85,g,1,2013-12-23,2013-12-23
23655,2,1,steak (yield from 467 g raw meat),379,g,1,2013-12-23,2013-12-23
23656,1,4,oz,113,g,1,2013-12-23,2019-02-13
23656,2,1,steak,188,g,1,2013-12-23,2013-12-23
23657,1,4,oz,113,g,1,2013-12-23,2019-02-13
23657,2,1,steak,173,g,1,2013-12-23,2013-12-23
23658,1,4,oz,113,g,1,2013-12-23,2019-02-13
23658,2,1,steak,434,g,1,2013-12-23,2013-12-23
23659,1,4,oz,113,g,1,2013-12-23,2019-02-13
23659,2,1,steak,470,g,1,2013-12-23,2013-12-23
23660,1,3,oz,85,g,1,2013-12-23,2013-12-23
23660,2,1,steak (yield from 593 g raw meat),409,g,1,2013-12-23,2013-12-23
25000,1,1,oz,28.35,g,1,2013-12-23,2013-12-23
25001,1,1,oz,28.35,g,1,2011-01-18,2011-01-18
25003,1,1,Roll,23,g,1,2013-12-23,2013-12-23
25012,1,1,oz,28.35,g,1,2013-12-23,2013-12-23
25012,2,1,Bag,28,g,1,2013-12-23,2013-12-23
25012,3,1,package,34,g,1,2013-12-23,2013-12-23
25014,1,1,cup,7.9,g,1,2011-01-18,2012-03-02
25014,2,1,bag,87,g,1,2013-12-23,2013-12-23
25024,1,1,large,143,g,1,2007-12-03,2007-12-03
25024,2,1,medium,115,g,1,2007-12-03,2007-12-03
25024,3,1,small,62,g,1,2007-12-03,2007-12-03
25025,1,1,oz,28.35,g,1,2011-01-18,2011-01-18
25026,1,1,cup,7.9,g,1,2013-12-23,2013-12-23
25026,2,1,bag,87,g,1,2013-12-23,2013-12-23
25027,1,1,oz,28.35,g,1,2013-12-23,2013-12-23
25028,1,1,oz,28.35,g,1,2013-12-23,2013-12-23
25035,1,1,bar,24,g,1,2013-12-23,2013-12-23
25036,1,1,package,20,g,1,2010-01-04,2010-01-04
25037,1,1,oz,28.35,g,1,2013-12-23,2013-12-23
25037,2,1,bag,262,g,1,2013-12-23,2013-12-23
25038,1,1,bar,35,g,1,2010-01-04,2010-01-04
25040,1,1,oz,28.35,g,1,2013-12-23,2013-12-23
25043,1,1,package,20,g,1,2013-12-23,2013-12-23
25045,1,1,bar,40,g,1,2013-12-23,2013-12-23
25046,1,1,oz,28.35,g,1,2013-12-23,2013-12-23
25046,2,1,bag,175,g,1,2013-12-23,2013-12-23
25046,3,6,piece chips,28,g,1,2013-12-23,2013-12-23
25050,1,1,oz,28.35,g,1,2013-12-23,2013-12-23
25050,2,10,chips,17,g,1,2013-12-23,2013-12-23
25050,3,1,bag,105,g,1,2013-12-23,2013-12-23
25059,1,1,cake,9,g,1,2013-12-23,2013-12-23
25059,2,2,cakes,18,g,1,2013-12-23,2013-12-23
25060,1,1,serving,28,g,1,2013-12-23,2013-12-23
25062,1,1,bar,38,g,1,2013-12-23,2013-12-23
25063,1,1,oz,28.35,g,1,2013-12-23,2013-12-23
25063,2,16.5,pieces average,28,g,1,2013-12-23,2013-12-23
25064,1,23,pieces,28,g,1,2013-12-23,2013-12-23
25064,2,1,bag,227,g,1,2013-12-23,2013-12-23
25065,1,1,serving,30,g,1,2019-02-13,2019-02-13
25066,1,1,serving,28,g,1,2019-02-13,2019-02-13
25070,1,1,serving,28,g,1,2019-02-13,2019-02-13
25071,1,1,serving,30,g,1,2019-02-13,2019-02-13
27000,1,1,cup,241,g,1,2013-12-23,2013-12-23
27001,1,1,cup,233,g,1,2013-12-23,2013-12-23
27002,1,1,cup,223,g,1,2013-12-23,2013-12-23
27035,1,1.41,oz dry (half noodle block),40,g,1,2010-01-04,2010-01-04
27043,1,1,can,519,g,1,2012-03-02,2012-03-02
27043,2,1,cup,256,g,1,2012-03-02,2012-03-02
27044,1,1,cup,245,g,1,2013-12-23,2013-12-23
27044,2,1,can,516,g,1,2013-12-23,2013-12-23
27046,1,2,Tbsp,33,g,1,2012-03-02,2012-03-02
27047,1,2,Tbsp,30,g,1,2012-03-02,2012-03-02
27048,1,2,Tbsp,34,g,1,2012-03-02,2012-03-02
27049,1,2,tablespoons,30,g,1,2012-03-02,2012-03-02
27050,1,2,Tbsp,35,g,1,2012-03-02,2012-03-02
27051,1,0.25,cup,60,g,1,2012-03-02,2012-03-02
27052,1,2,Tbsp,30,g,1,2012-03-02,2015-01-07
27052,2,0.5,cup,125,g,1,2013-12-23,2013-12-23
27059,1,1,tbsp,18,g,1,2013-12-23,2013-12-23
27060,1,1,cup,240,g,1,2016-02-06,2016-02-06
27062,1,1,cup,208,g,1,2016-02-06,2016-02-06
27062,2,1,can,527,g,1,2016-02-06,2016-02-06
27063,1,0.25,cup,56,g,1,2016-02-06,2016-02-06
27063,2,1,cup,224,g,1,2016-02-06,2016-02-06
27063,3,1,can,283,g,1,2016-02-06,2016-02-06
27064,1,1,tablespoon,20,g,1,2016-02-06,2016-02-06
27064,2,1,teaspoon,6.5,g,1,2016-02-06,2016-02-06
27065,1,2,tbsp,36,g,1,2016-02-06,2016-02-06
27065,2,1,container (9 oz),259,g,1,2016-02-06,2016-02-06
27066,1,1,tsp,5.6,g,1,2016-02-06,2016-02-06
28285,1,1,piece,43,g,1,2013-12-23,2013-12-23
28286,1,1,piece,79,g,1,2013-12-23,2013-12-23
28287,1,1,piece,106,g,1,2013-12-23,2013-12-23
28288,1,1,piece,98,g,1,2013-12-23,2013-12-23
28289,1,2,cookies,29,g,1,2013-12-23,2013-12-23
28290,1,2,cookies,25,g,1,2013-12-23,2013-12-23
28291,1,8,cookies 1 serving,31,g,1,2013-12-23,2013-12-23
28291,2,1,package (40 g),40,g,1,2013-12-23,2016-02-06
28292,1,4,crackers,14,g,1,2013-12-23,2013-12-23
28293,1,3,cookies,31,g,1,2013-12-23,2013-12-23
28294,1,4,cookies,32,g,1,2013-12-23,2013-12-23
28295,1,1,tortilla 1 serving,41,g,1,2013-12-23,2013-12-23
28296,1,1,cake 1 serving,27,g,1,2013-12-23,2013-12-23
28297,1,1,cake 1 serving,27,g,1,2013-12-23,2013-12-23
28298,1,1,brownie 1 serving,36,g,1,2013-12-23,2013-12-23
28299,1,1,serving,34,g,1,2013-12-23,2013-12-23
28300,1,1,cookie 1 serving,38,g,1,2013-12-23,2013-12-23
28301,1,1,serving 3 cookies,29,g,1,2013-12-23,2013-12-23
28302,1,1,serving,35,g,1,2013-12-23,2013-12-23
28303,1,1,serving 55 pieces,31,g,1,2013-12-23,2013-12-23
28304,1,1,serving 2 waffles,70,g,1,2013-12-23,2013-12-23
28305,1,1,serving 3 pancakes,105,g,1,2013-12-23,2013-12-23
28306,1,1,piece,68,g,1,2013-12-23,2013-12-23
28307,1,1,piece,90,g,1,2013-12-23,2013-12-23
28308,1,5,crackers 1 serving,15,g,1,2015-01-06,2015-01-06
28309,1,2,cookie 1 serving,36,g,1,2015-01-06,2015-01-06
28310,1,1,cookie,11.8,g,1,2016-02-06,2016-02-06
28311,1,3,cookie,29,g,1,2016-02-06,2016-02-06
28312,1,1,roll,51,g,1,2016-02-06,2016-02-06
28313,1,1,roll,56,g,1,2016-02-06,2016-02-06
28314,1,1,package,36,g,1,2016-02-06,2016-02-06
28315,1,1,slice 1 serving,28,g,1,2016-02-06,2016-02-06
28316,1,1,slice 1 serving,38,g,1,2016-02-06,2016-02-06
28317,1,1,slice 1 serving,38,g,1,2016-02-06,2016-02-06
28318,1,1,slice 1 serving,48,g,1,2016-02-06,2016-02-06
28319,1,0.5,piece bagel 1 serving,43,g,1,2016-02-06,2016-02-06
28320,1,1,muffin 1 serving,57,g,1,2016-02-06,2016-02-06
28321,1,1,piece roll,43,g,1,2016-02-06,2016-02-06
28322,1,1,piece bagel,81,g,1,2016-02-06,2016-02-06
28324,1,0.25,cup mix 1 serving,38,g,1,2016-02-06,2016-02-06
28325,1,1,serving,31,g,1,2016-02-06,2016-02-06
28326,1,6,cracker 1 serving,43,g,1,2016-02-06,2016-02-06
28327,1,4,cracker 1 serving,14,g,1,2016-02-06,2016-02-06
28328,1,1,cookie,34,g,1,2016-02-06,2016-02-06
28329,1,1,cookie,62,g,1,2016-02-06,2016-02-06
28330,1,1,bar,22,g,1,2016-02-06,2016-02-06
28331,1,10,goldfish,5.2,g,1,2016-02-06,2016-02-06
28332,1,3,cookies,44,g,1,2016-02-06,2016-02-06
28333,1,3,cookies,23,g,1,2016-02-06,2016-02-06
28334,1,3,cookies,30,g,1,2016-02-06,2016-02-06
28335,1,3,cookies,44,g,1,2016-02-06,2016-02-06
28336,1,1,slice,34,g,1,2016-02-06,2016-02-06
28337,1,1,slice,35,g,1,2016-02-06,2016-02-06
28338,1,1,slice,28,g,1,2016-02-06,2016-02-06
28339,1,1,slice,25,g,1,2016-02-06,2016-02-06
28341,1,1,roll,78,g,1,2016-02-06,2016-02-06
28343,1,1,roll,44,g,1,2016-02-06,2016-02-06
28344,1,3,crackers,10.7,g,1,2016-02-06,2016-02-06
28345,1,3,crackers,6.1,g,1,2016-02-06,2016-02-06
28346,1,1,waffle,45,g,1,2016-02-06,2016-02-06
28346,2,1,box,242,g,1,2016-02-06,2016-02-06
28347,1,1,pancake,48,g,1,2016-02-06,2016-02-06
28347,2,1,box,352,g,1,2016-02-06,2016-02-06
28348,1,1,roll,30,g,1,2016-02-06,2016-02-06
28348,2,1,slice,39,g,1,2016-02-06,2016-02-06
28349,1,1,cookie,25,g,1,2016-02-06,2016-02-06
28350,1,1,serving,40,g,1,2016-02-06,2016-02-06
28351,1,5,cookie,28,g,1,2016-02-06,2016-02-06
28352,1,1,serving cookie,48,g,1,2016-02-06,2016-02-06
28397,1,1,oz,28.35,g,1,2016-02-06,2016-02-06
28397,2,1,slice regular,26,g,1,2016-02-06,2016-02-06
28397,3,1,slice large,41,g,1,2016-02-06,2016-02-06
28399,1,1,oz,28.35,g,1,2016-02-06,2016-02-06
28399,2,1,Arrowroot biscuit (include Arrowroot cookie),4.9,g,1,2016-02-06,2016-02-06
28399,3,1,cracker,2.5,g,1,2016-02-06,2016-02-06
28399,4,1,individual box (2 oz),57,g,1,2016-02-06,2016-02-06
31022,1,1,cup prepared,130,g,1,2013-12-23,2013-12-23
31023,1,12,fries,51,g,1,2013-12-23,2016-02-06
31024,1,3,oz,85,g,1,2013-12-23,2013-12-23
31025,1,3,oz,85,g,1,2013-12-23,2013-12-23
31026,1,3,oz,85,g,1,2013-12-23,2013-12-23
31027,1,3,oz,85,g,1,2013-12-23,2013-12-23
31028,1,3,oz,85,g,1,2013-12-23,2013-12-23
31029,1,3,oz,85,g,1,2013-12-23,2013-12-23
31030,1,3,oz,85,g,1,2013-12-23,2013-12-23
31031,1,3,oz,85,g,1,2013-12-23,2013-12-23
31033,1,2,tablespoon,25,g,1,2016-02-06,2016-02-06
31034,1,0.25,cup drained,34,g,1,2016-02-06,2016-02-06
31036,1,1,cup,229,g,1,2016-02-06,2016-02-06
31036,2,1,container,700,g,1,2016-02-06,2016-02-06
32000,1,0.333,cup,61,g,1,2016-02-06,2016-02-06
32000,2,1,tbsp,9,g,1,2016-02-06,2016-02-06
32001,1,1,cup,247,g,1,2013-02-22,2013-02-22
32002,1,0.333,cup,68,g,1,2016-02-06,2016-02-06
32002,2,1,tbsp,9.6,g,1,2016-02-06,2016-02-06
32003,1,1,cup,238,g,1,2013-02-22,2013-02-22
32004,1,1,serving (3.5 oz),25,g,1,2016-02-06,2016-02-06
32004,2,1,serving (4 oz),37,g,1,2016-02-06,2016-02-06
32005,1,1,cup prepared,189,g,1,2013-02-22,2013-02-22
32006,1,1,piece,42,g,1,2013-12-23,2013-12-23
32007,1,1,piece,42,g,1,2013-12-23,2013-12-23
32008,1,1,package,123,g,1,2013-12-23,2013-12-23
32008,2,1,packet,51,g,1,2013-12-23,2013-12-23
32009,1,1,package,122,g,1,2013-12-23,2013-12-23
32009,2,1,packet,44,g,1,2013-12-23,2013-12-23
32010,1,1,package,141,g,1,2013-12-23,2013-12-23
32010,2,1,packet,79,g,1,2013-12-23,2013-12-23
32011,1,1,serving (2 oz),57,g,1,2013-12-23,2016-02-06
32012,1,1,serving 6 rolls,80,g,1,2013-12-23,2013-12-23
32013,1,5,pieces 1 serving,145,g,1,2013-12-23,2013-12-23
32014,1,1,serving (3.5 oz),99,g,1,2013-12-23,2016-02-06
32015,1,1,serving 4.5 oz,127,g,1,2013-12-23,2013-12-23
32016,1,1,serving 1 pouch,61,g,1,2013-12-23,2013-12-23
32017,1,1,package,117,g,1,2013-12-23,2013-12-23
32017,2,1,packet,42,g,1,2013-12-23,2013-12-23
32018,1,0.5,cup,70,g,1,2015-01-06,2015-01-06
32018,2,0.33,cup,56,g,1,2015-01-06,2015-01-06
32018,3,1,tbsp,8.8,g,1,2015-01-06,2015-01-06
32019,1,1,cup 1 serving,237,g,1,2013-12-23,2013-12-23
32020,1,1,thigh with bone and breading,133,g,1,2015-01-06,2015-01-06
32021,1,1,cup,198,g,1,2015-01-06,2015-01-06
32024,1,0.25,cup dry rice mix,57,g,1,2016-02-06,2016-02-06
32025,1,3,pieces pierogies,114,g,1,2016-02-06,2016-02-06
32026,1,1,piece turnover 1 serving,127,g,1,2016-02-06,2016-02-06
32027,1,1,piece turnover 1 serving,127,g,1,2016-02-06,2016-02-06
32028,1,1,piece turnover 1 serving,127,g,1,2016-02-06,2016-02-06
32029,1,1,cup,191,g,1,2016-02-06,2019-02-13
32031,1,1,patty,63,g,1,2016-02-06,2016-02-06
32032,1,1,biscuit,126,g,1,2016-02-06,2016-02-06
32032,2,1,box,526,g,1,2016-02-06,2016-02-06
35009,1,1,strip,45,g,1,2013-12-23,2013-12-23
35140,1,1,oz,28.35,g,1,2013-12-23,2013-12-23
35141,1,1,oz,28.35,g,1,2013-12-23,2013-12-23
35142,1,1,piece,152,g,1,2013-12-23,2013-12-23
35143,1,1,serving,197,g,1,2013-12-23,2013-12-23
35144,1,1,serving,308,g,1,2013-12-23,2013-12-23
35145,1,1,serving,411,g,1,2013-12-23,2013-12-23
35146,1,1,serving,303,g,1,2013-12-23,2013-12-23
35147,1,1,piece,186,g,1,2013-12-23,2013-12-23
35183,1,1,oz,28.35,g,1,2013-12-23,2013-12-23
35190,1,1,filet,108,g,1,2013-12-23,2013-12-23
35190,2,1,strip,136,g,1,2013-12-23,2013-12-23
35211,1,0.5,cup,66,g,1,2013-12-23,2013-12-23
35211,2,1,piece,102,g,1,2013-12-23,2013-12-23
35232,1,1,oz,28.35,g,1,2013-12-23,2013-12-23
35234,1,1,piece,28,g,1,2013-12-23,2013-12-23
35234,2,1,piece,19,g,1,2013-12-23,2013-12-23
35235,1,1,oz,28.35,g,1,2013-12-23,2013-12-23
35236,1,8,oz,227,g,1,2013-12-23,2013-12-23
35237,1,4,oz,113,g,1,2013-12-23,2013-12-23
35239,1,1,piece,57,g,1,2013-12-23,2013-12-23
42040,1,1,tbsp,20,g,1,2013-12-23,2013-12-23
42040,2,1,tsp,6.7,g,1,2013-12-23,2013-12-23
42055,1,1,tsp,8,g,1,2013-12-23,2013-12-23
42063,1,1,fl oz assumed specific gravity of honey,28.4,g,1,2019-02-13,2019-02-13
42074,1,1,bar,78,g,1,2013-12-23,2013-12-23
42116,1,1,tbsp,15,g,1,2013-12-23,2013-12-23
42116,2,1,cup,245,g,1,2013-12-23,2013-12-23
42117,1,1,"cup, shredded",113,g,1,2013-12-23,2013-12-23
42117,2,1,cubic inch,18,g,1,2013-12-23,2013-12-23
42119,1,1,fl oz,31.5,g,1,2013-12-23,2013-12-23
42119,2,1,bottle NFS,126,g,1,2013-12-23,2013-12-23
42120,1,1,fl oz,31.5,g,1,2013-12-23,2013-12-23
42120,2,1,bottle NFS,126,g,1,2013-12-23,2013-12-23
42128,1,1,cup pieces,138,g,1,2013-12-23,2013-12-23
42128,2,1,cubic inch,20,g,1,2013-12-23,2013-12-23
42129,1,1,cup pieces,138,g,1,2013-12-23,2013-12-23
42129,2,1,cubic inch,14,g,1,2013-12-23,2013-12-23
42129,3,1,"slice, medium",28,g,1,2013-12-23,2013-12-23
42129,5,1,"slice, thick",43,g,1,2013-12-23,2013-12-23
42129,6,1,"slice, thin",14,g,1,2013-12-23,2013-12-23
42131,1,1,cup,137,g,1,2013-12-23,2013-12-23
42135,1,1,cup,75,g,1,2013-12-23,2013-12-23
42136,1,1,cup,94,g,1,2013-12-23,2013-12-23
42136,2,1,packet,3,g,1,2013-12-23,2013-12-23
42137,1,1,tbsp,13.4,g,1,2013-12-23,2013-12-23
42137,2,1,fl oz,26,g,1,2013-12-23,2013-12-23
42138,1,1,tbsp,14.6,g,1,2011-03-09,2011-03-09
42138,2,1,cup,231,g,1,2011-03-09,2011-03-09
42139,1,1,oz,28.35,g,1,2013-12-23,2013-12-23
42140,1,1,tbsp,14,g,1,2013-12-23,2013-12-23
42140,2,1,cup,216,g,1,2013-12-23,2013-12-23
42141,1,1,fl oz,30,g,1,2013-12-23,2013-12-23
42141,2,1,cup,242,g,1,2013-12-23,2013-12-23
42150,1,1,tbsp,15,g,1,2013-12-23,2013-12-23
42150,2,1,jar NFS,113,g,1,2013-12-23,2013-12-23
42150,3,1,jar Beech-Nut Stage 2 (4 oz),113,g,1,2013-12-23,2013-12-23
42151,1,1,tbsp,13,g,1,2013-12-23,2013-12-23
42151,2,1,cup,207,g,1,2013-12-23,2013-12-23
42153,1,1,tbsp,16,g,1,2013-12-23,2013-12-23
42153,2,1,cup,249,g,1,2013-12-23,2013-12-23
42155,1,1,"cup, diced",132,g,1,2004-07-15,2006-11-30
42155,2,1,"cup, shredded",113,g,1,2004-07-15,2006-11-30
42155,3,1,cubic inch,17,g,1,2004-07-15,2006-11-30
42155,4,1,slice (1 oz),28,g,1,2004-07-15,2006-11-30
42157,1,1,tbsp,17,g,1,2013-12-23,2013-12-23
42157,2,1,cup,264,g,1,2013-12-23,2013-12-23
42158,1,1,tbsp,15,g,1,2013-12-23,2013-12-23
42158,2,1,cup,234,g,1,2013-12-23,2013-12-23
42161,1,1,slice,28,g,1,2013-12-23,2013-12-23
42161,2,1,cubic inch,14,g,1,2013-12-23,2013-12-23
42161,3,1,"slice, medium",28,g,1,2013-12-23,2013-12-23
42161,5,1,"slice, thick",43,g,1,2013-12-23,2013-12-23
42161,6,1,"slice, thin",14,g,1,2013-12-23,2013-12-23
42171,1,1,tbsp,16,g,1,2013-12-23,2013-12-23
42171,2,1,cup,260,g,1,2013-12-23,2013-12-23
42173,1,1,"cup, cooked",130,g,1,2013-12-23,2013-12-23
42173,2,1,oz,28,g,1,2013-12-23,2013-12-23
42173,3,1,"oz cooked, yield",21,g,1,2013-12-23,2013-12-23
42173,4,1,"patty, cooked",25,g,1,2013-12-23,2013-12-23
42178,1,1,tbsp,15,g,1,2013-12-23,2013-12-23
42178,2,1,cup,240,g,1,2013-12-23,2013-12-23
42179,1,1,frankfurter,57,g,1,2013-12-23,2013-12-23
42179,2,1,"cup, sliced",151,g,1,2013-12-23,2013-12-23
42185,1,1,cup,186,g,1,2013-12-23,2013-12-23
42186,1,1,cup,174,g,1,2013-12-23,2013-12-23
42187,1,1,cup,174,g,1,2013-12-23,2013-12-23
42189,1,1,cup,245,g,1,2013-12-23,2013-12-23
42189,2,1,fl oz,30.6,g,1,2013-12-23,2013-12-23
42190,1,2,links 1 NLEA serving,45,g,1,2013-12-23,2013-12-23
42190,2,3,links 1 NLEA serving,60,g,1,2013-12-23,2013-12-23
42192,1,1,tbsp,17,g,1,2013-12-23,2013-12-23
42192,2,1,cup,265,g,1,2013-12-23,2013-12-23
42193,1,1,tbsp,16,g,1,2013-12-23,2013-12-23
42193,2,1,cup,256,g,1,2013-12-23,2013-12-23
42204,1,1,cubic inch,4.2,g,1,2013-12-23,2013-12-23
42230,1,1,tbsp,17,g,1,2013-12-23,2013-12-23
42230,2,1,cup,269,g,1,2013-12-23,2013-12-23
42231,1,1,tbsp,13.6,g,1,2013-12-23,2013-12-23
42231,2,1,cup,218,g,1,2013-12-23,2013-12-23
42235,1,4,oz,113,g,1,2013-12-23,2013-12-23
42235,2,1,cup,227,g,1,2013-12-23,2013-12-23
42236,1,0.75,cup (1 NLEA serving),30,g,1,2013-12-23,2015-01-07
42237,1,2,biscuits (1 NLEA serving),35,g,1,2013-12-23,2015-01-07
42237,2,1,cup,57,g,1,2013-12-23,2015-01-07
42240,1,0.75,cup (1 NLEA serving),32,g,1,2013-12-23,2013-12-23
42256,1,1,tablespoon,14,g,1,2013-12-23,2013-12-23
42259,1,1,cup,8,g,1,2013-12-23,2013-12-23
42259,2,1,oz,28.35,g,1,2013-12-23,2013-12-23
42266,1,1,fl oz,30.8,g,1,2013-12-23,2013-12-23
42266,3,1,bottle NFS,246,g,1,2013-12-23,2013-12-23
42267,1,1,fl oz,30.8,g,1,2013-12-23,2013-12-23
42267,3,1,bottle NFS,246,g,1,2013-12-23,2013-12-23
42270,1,1,cup,249,g,1,2013-12-23,2013-12-23
42270,2,1,fl oz,31.1,g,1,2013-12-23,2013-12-23
42270,3,1,drink box (8.45 fl oz),263,g,1,2013-12-23,2013-12-23
42272,1,1,oz,28.35,g,1,2013-12-23,2013-12-23
42278,1,1,cup,230,g,1,2013-12-23,2013-12-23
42278,2,1,tbsp,14.4,g,1,2013-12-23,2013-12-23
42278,3,1,jar Earth's Best (4.5 oz),128,g,1,2013-12-23,2013-12-23
42279,1,1,cup,230,g,1,2013-12-23,2013-12-23
42279,2,1,tbsp,14.4,g,1,2013-12-23,2013-12-23
42279,3,1,jar Earth's Best (4.5 oz),128,g,1,2013-12-23,2013-12-23
42280,1,1,"cup, sliced",143,g,1,2013-12-23,2013-12-23
42281,1,1,oz,28.35,g,1,2013-12-23,2013-12-23
42283,1,1,cup,34,g,1,2013-12-23,2013-12-23
42283,2,10,chips,12,g,1,2013-12-23,2013-12-23
42284,1,1,cookie,1.7,g,1,2013-12-23,2013-12-23
42285,1,1,tbsp,3.7,g,1,2013-12-23,2013-12-23
42286,1,1,tbsp,14,g,1,2013-02-22,2013-02-22
42286,2,1,jar Gerber Second Food (4 oz),113,g,1,2013-02-22,2013-02-22
42289,1,1,tbsp,14,g,1,2013-12-23,2013-12-23
42289,2,1,cup,224,g,1,2013-12-23,2013-12-23
42289,3,1,teaspoon,4.5,g,1,2013-12-23,2013-12-23
42290,1,1,cup,247,g,1,2013-12-23,2013-12-23
42290,2,1,fl oz,30.9,g,1,2013-12-23,2013-12-23
42291,1,1,tbsp,16,g,1,2013-12-23,2013-12-23
42303,1,1,"cup, shredded",113,g,1,2013-12-23,2013-12-23
42303,2,1,cubic inch,18,g,1,2013-12-23,2013-12-23
42303,3,1,slice,28,g,1,2013-12-23,2013-12-23
42304,1,1,"cup, shredded",113,g,1,2013-12-23,2013-12-23
42307,1,1,tablespoon,14,g,1,2013-12-23,2013-12-23
42309,1,1,tablespoon,14,g,1,2013-12-23,2013-12-23
42316,1,1,oz,28.35,g,1,2013-12-23,2013-12-23
43004,1,1,tbsp,15,g,1,2013-12-23,2013-12-23
43004,2,1,jar NFS,113,g,1,2013-12-23,2013-12-23
43004,3,1,jar Beech-Nut Stage 2 (4 oz),113,g,1,2013-12-23,2013-12-23
43004,4,1,jar Heinz Strained-2 (4.25 oz),120,g,1,2013-12-23,2013-12-23
43006,1,1,tbsp,15,g,1,2013-12-23,2013-12-23
43006,2,1,jar NFS,113,g,1,2013-12-23,2013-12-23
43006,3,1,jar Heinz Strained-2 (4 oz),113,g,1,2013-12-23,2013-12-23
43007,1,1,tbsp,15,g,1,2013-12-23,2013-12-23
43007,2,1,jar NFS,170,g,1,2013-12-23,2013-12-23
43007,3,1,jar Heinz Junior-3 (6 oz),170,g,1,2013-12-23,2013-12-23
43008,1,1,tbsp,16,g,1,2013-12-23,2013-12-23
43008,2,1,"jar, Gerber (4 oz)",113,g,1,2013-12-23,2013-12-23
43008,3,1,jar NFS,113,g,1,2013-12-23,2013-12-23
43008,4,1,jar Beech-Nut Stage 2 (4 oz),113,g,1,2013-12-23,2013-12-23
43015,1,1,tbsp,14.7,g,1,2013-12-23,2013-12-23
43015,2,1,cup,235,g,1,2013-12-23,2013-12-23
43015,3,1,serving (2 tbsp),30,g,1,2013-12-23,2013-12-23
43016,1,1,tbsp,19,g,1,2013-12-23,2019-02-13
43016,2,1,cup,289,g,1,2013-12-23,2019-02-13
43017,1,1,tbsp,15,g,1,2013-12-23,2013-12-23
43017,2,1,cup,245,g,1,2013-12-23,2013-12-23
43019,1,1,tbsp,16,g,1,2013-12-23,2013-12-23
43019,2,1,cup,250,g,1,2013-12-23,2013-12-23
43020,1,1,tbsp,15,g,1,2013-12-23,2013-12-23
43020,2,1,cup,245,g,1,2013-12-23,2013-12-23
43021,1,1,tbsp,15,g,1,2013-12-23,2013-12-23
43021,2,1,cup,240,g,1,2013-12-23,2013-12-23
43026,1,1,cup,240,g,1,2013-12-23,2013-12-23
43026,2,1,tbsp,15,g,1,2013-12-23,2013-12-23
43027,1,1,cup,300,g,1,2016-02-06,2016-02-06
43027,2,1,tbsp,19,g,1,2016-02-06,2016-02-06
43028,1,1,cup,224,g,1,2013-12-23,2013-12-23
43028,2,1,tbsp,14,g,1,2013-12-23,2013-12-23
43031,1,1,piece,14,g,1,2013-12-23,2013-12-23
43046,1,1,piece,14,g,1,2013-12-23,2013-12-23
43057,1,1,cup,182,g,1,2013-12-23,2013-12-23
43057,2,1,piece,5,g,1,2013-12-23,2013-12-23
43058,1,1,piece,3,g,1,2013-12-23,2013-12-23
43059,1,1,serving,36,g,1,2019-02-13,2019-02-13
43060,1,1,piece,2,g,1,2013-12-23,2013-12-23
43075,1,1,fl oz,31.2,g,1,2013-12-23,2013-12-23
43075,2,1,cup (8 fl oz),250,g,1,2013-12-23,2013-12-23
43098,1,1,serving,85,g,1,2013-12-23,2013-12-23
43098,2,1,cup,264,g,1,2013-12-23,2013-12-23
43100,1,1,bar,43,g,1,2013-12-23,2013-12-23
43109,1,1,large,143,g,1,2013-12-23,2013-12-23
43109,2,1,medium,115,g,1,2013-12-23,2013-12-23
43109,3,1,small,62,g,1,2013-12-23,2013-12-23
43112,1,1,cup,253,g,1,2013-12-23,2013-12-23
43114,1,1,cup,140,g,1,2013-12-23,2013-12-23
43125,1,1,cup,240,g,1,2013-12-23,2013-12-23
43128,1,1,cup,168,g,1,2013-12-23,2013-12-23
43130,1,1,"cup, sliced",140,g,1,2013-12-23,2013-12-23
43130,2,1,frankfurter,70,g,1,2013-12-23,2013-12-23
43131,1,1,"slice, thin",14,g,1,2013-12-23,2013-12-23
43132,1,1,cup,144,g,1,2013-12-23,2013-12-23
43134,1,1,fillet,85,g,1,2013-12-23,2013-12-23
43135,1,1,tbsp,15,g,1,2013-12-23,2013-12-23
43137,1,1,slice,56,g,1,2013-12-23,2013-12-23
43142,1,1,cup,150,g,1,2013-12-23,2013-12-23
43143,1,1,cup,150,g,1,2013-12-23,2013-12-23
43144,1,1,cup,128,g,1,2013-12-23,2013-12-23
43146,1,1,cup,136,g,1,2013-12-23,2013-12-23
43154,1,1,tsp,4.9,g,1,2013-12-23,2013-12-23
43154,2,1,fl oz,29,g,1,2013-12-23,2013-12-23
43158,1,1,serving 1 packet,1,g,1,2013-12-23,2013-12-23
43158,2,1,serving 1 packet SUGAR TWIN,0.8,g,1,2013-12-23,2013-12-23
43205,1,1,tbsp,7.4,g,1,2013-12-23,2013-12-23
43205,2,1,envelope,37,g,1,2013-12-23,2013-12-23
43212,1,1,tbsp,7,g,1,2013-12-23,2013-12-23
43214,1,1,cup,80,g,1,2013-12-23,2013-12-23
43215,1,1,tablespoon,15,g,1,2013-12-23,2013-12-23
43215,2,1,serving (2 tbsp),30,g,1,2013-12-23,2013-12-23
43216,1,1,cup,196,g,1,2013-12-23,2013-12-23
43216,2,1,tsp,4.2,g,1,2013-12-23,2013-12-23
43216,3,1,individual packet,3,g,1,2013-12-23,2013-12-23
43217,1,1,cup,245,g,1,2013-12-23,2013-12-23
43245,1,1,cup (1 NLEA serving),55,g,1,2013-12-23,2013-12-23
43260,1,1,tbsp,5.6,g,1,2013-12-23,2013-12-23
43260,2,1,envelope,20,g,1,2013-12-23,2013-12-23
43261,1,1,container (6 oz),170,g,1,2013-12-23,2013-12-23
43261,2,1,container (4.4 oz),125,g,1,2013-12-23,2013-12-23
43261,3,1,cup (8 fl oz),245,g,1,2013-12-23,2013-12-23
43261,4,1,container (8 oz),227,g,1,2013-12-23,2013-12-23
43268,1,1,cup,80,g,1,2013-12-23,2013-12-23
43269,1,1,serving,74,g,1,2019-02-13,2019-02-13
43273,1,4,oz,113,g,1,2013-12-23,2013-12-23
43273,2,1,cup,226,g,1,2013-12-23,2013-12-23
43274,1,1,tbsp,15,g,1,2013-12-23,2013-12-23
43274,2,1,cup,240,g,1,2013-12-23,2013-12-23
43274,3,1,"tbsp, whipped",10,g,1,2013-12-23,2013-12-23
43275,1,1,"cup, diced",140,g,1,2004-07-15,2006-11-30
43275,2,1,"cup, shredded",113,g,1,2004-07-15,2006-11-30
43275,3,1,cubic inch,18,g,1,2004-07-15,2006-11-30
43275,4,1,slice (3/4 oz),21,g,1,2004-07-15,2006-11-30
43276,1,1,oz,28.35,g,1,2013-12-23,2013-12-23
43276,2,1,cup,240,g,1,2013-12-23,2013-12-23
43278,1,1,slice,21,g,1,2013-12-23,2013-12-23
43278,2,1,cubic inch,18,g,1,2013-12-23,2013-12-23
43278,3,1,cup,224,g,1,2013-12-23,2013-12-23
43282,1,1,oz,28.35,g,1,2013-12-23,2013-12-23
43282,2,1,lb,453,g,1,2013-12-23,2013-12-23
43283,1,1,"cup, chopped or diced",140,g,1,2013-12-23,2013-12-23
43285,1,1,oz,28.35,g,1,2013-12-23,2013-12-23
43287,1,1,"cup, chopped or diced",140,g,1,2013-12-23,2013-12-23
43297,1,1,cup,22,g,1,2013-12-23,2013-12-23
43299,1,1,cup,225,g,1,2013-12-23,2013-12-23
43311,1,1,cup,180,g,1,2013-12-23,2013-12-23
43312,1,1,cup,182,g,1,2013-12-23,2013-12-23
43325,1,3,"oz, boneless",85,g,1,2013-12-23,2019-02-13
43325,2,1,"cubic inch, boneless",17,g,1,2013-12-23,2013-12-23
43326,1,3,"oz, boneless",85,g,1,2013-12-23,2019-02-13
43326,2,1,"cubic inch, boneless",17,g,1,2013-12-23,2013-12-23
43327,1,3,oz,85,g,1,2013-12-23,2019-02-13
43327,2,1,lb,453,g,1,2013-12-23,2013-12-23
43329,1,1,tbsp,14.5,g,1,2011-03-28,2011-03-28
43329,2,1,cup,232,g,1,2011-03-28,2011-03-28
43331,1,1,tbsp,15,g,1,2013-12-23,2013-12-23
43331,2,1,cup,240,g,1,2013-12-23,2013-12-23
43340,1,1,"cup, grated",100,g,1,2015-01-06,2015-01-06
43340,2,1,tbsp,5,g,1,2013-12-23,2013-12-23
43344,1,1,tablespoon,17,g,1,2019-02-13,2019-02-13
43345,1,1,tsp,2,g,1,2013-12-23,2013-12-23
43346,1,1,fl oz,29.8,g,1,2013-12-23,2013-12-23
43346,4,1,bar,74,g,1,2013-12-23,2013-12-23
43352,1,4,oz,113,g,1,2013-12-23,2013-12-23
43352,2,1,cup,226,g,1,2013-12-23,2013-12-23
43355,1,1,tbsp,14,g,1,2011-03-09,2011-03-09
43355,2,1,cup,224,g,1,2011-03-09,2011-03-09
43364,1,1,cup,26,g,1,2013-12-23,2013-12-23
43364,2,1,"bag, single serving",28,g,1,2013-12-23,2013-12-23
43364,3,10,chips,18,g,1,2013-12-23,2013-12-23
43365,1,1,cup,242,g,1,2013-12-23,2013-12-23
43365,2,1,fl oz,30.2,g,1,2013-12-23,2013-12-23
43366,1,3,"oz with bone, cooked (yield after bone removed)",85,g,1,2013-12-23,2019-02-13
43366,2,1,"cubic inch, boneless",17,g,1,2013-12-23,2013-12-23
43367,1,3,"oz with bone, cooked (yield after bone removed)",85,g,1,2013-12-23,2019-02-13
43367,2,1,"cubic inch, boneless",17,g,1,2013-12-23,2013-12-23
43369,1,1,cup,244,g,1,2013-12-23,2013-12-23
43369,2,1,fl oz,30.5,g,1,2013-12-23,2013-12-23
43378,1,3,oz,85,g,1,2013-12-23,2019-02-13
43378,2,1,slice cooked,8,g,1,2019-02-13,2019-02-13
43382,1,1,cup,253,g,1,2013-12-23,2013-12-23
43382,2,1,fl oz,31.6,g,1,2013-12-23,2013-12-23
43384,1,1,cup pieces,138,g,1,2013-12-23,2013-12-23
43384,2,1,"slice, medium",28,g,1,2013-12-23,2013-12-23
43384,4,1,"slice, thick",43,g,1,2013-12-23,2013-12-23
43384,5,1,"slice, thin",14,g,1,2013-12-23,2013-12-23
43387,1,1,cup,144,g,1,2013-12-23,2013-12-23
43390,1,3,"oz, boneless",85,g,1,2013-12-23,2013-12-23
43390,2,1,"medium slice (approx 3"" x 2"" x 1/4"")",28,g,1,2013-12-23,2013-12-23
43390,3,1,"thick slice (approx 3"" x 2"" x 3/8"")",42,g,1,2013-12-23,2013-12-23
43391,1,3,oz,85,g,1,2013-12-23,2019-02-13
43391,2,1,"medium slice (approx 3"" x 2"" x 1/4"")",28,g,1,2013-12-23,2019-02-13
43391,3,1,"thick slice (approx 3"" x 2"" x 3/8"")",42,g,1,2019-02-13,2019-02-13
43396,1,4,oz,113,g,1,2013-12-23,2013-12-23
43396,2,1,cup,226,g,1,2013-12-23,2013-12-23
43398,1,1,"cup, diced",140,g,1,2013-12-23,2013-12-23
43398,2,1,"cup, shredded",113,g,1,2013-12-23,2013-12-23
43398,3,1,cubic inch,18,g,1,2013-12-23,2013-12-23
43398,4,1,slice,21,g,1,2013-12-23,2013-12-23
43401,1,1,tsp dry,1.7,g,1,2013-12-23,2013-12-23
43404,1,1,cup (8 fl oz),240,g,1,2013-12-23,2013-12-23
43404,2,1,fl oz,30,g,1,2013-12-23,2013-12-23
43405,1,1,slice,28,g,1,2013-12-23,2015-01-07
43405,2,1,cubic inch,15,g,1,2013-12-23,2015-01-07
43405,3,1,"cup, shredded",108,g,1,2013-12-23,2015-01-07
43405,4,1,"cup, diced",132,g,1,2013-12-23,2015-01-07
43406,1,1,tsp,6,g,1,2013-12-23,2013-12-23
43408,1,1,fl oz,31.2,g,1,2013-12-23,2013-12-23
43408,2,1,bottle Earth's Best (4.2 fl oz),131,g,1,2013-12-23,2013-12-23
43408,3,1,bottle Heinz Strained (4 fl oz),125,g,1,2013-12-23,2013-12-23
43408,4,1,bottle Gerber First Food (4 fl oz),125,g,1,2013-12-23,2013-12-23
43408,5,1,bottle Beech-Nut Stage I (4 fl oz),125,g,1,2013-12-23,2013-12-23
43408,6,1,bottle NFS,125,g,1,2013-12-23,2013-12-23
43410,1,1,"cup, diced",130,g,1,2013-12-23,2013-12-23
43410,2,1,cup pieces,168,g,1,2013-12-23,2013-12-23
43410,3,1,piece,36,g,1,2013-12-23,2013-12-23
43417,1,1,jar NFS,179,g,1,2013-12-23,2013-12-23
43432,1,1,tbsp,16,g,1,2013-12-23,2013-12-23
43441,1,1,"medium (2-1/2"" dia)",36,g,1,2013-12-23,2013-12-23
43441,2,1,"roll (pan, dinner, or small roll) (2"" square, 2"" high)",28,g,1,2013-12-23,2013-12-23
43447,1,1,"cup, crushed",88,g,1,2013-12-23,2013-12-23
43447,2,1,"bag, single serving",28,g,1,2013-12-23,2013-12-23
43447,3,10,chips,18,g,1,2013-12-23,2013-12-23
43449,1,1,cup,253,g,1,2013-12-23,2013-12-23
43450,1,2.5,oz,71,g,1,2013-12-23,2013-12-23
43476,1,1,cup,262,g,1,2013-12-23,2013-12-23
43483,1,1,cup,21,g,1,2013-12-23,2013-12-23
43497,1,1,cup,58,g,1,2013-12-23,2013-12-23
43506,1,1,bar,54,g,1,2006-02-23,2006-11-30
43507,1,1,frankfurter,57,g,1,2013-12-23,2013-12-23
43507,2,1,"cup, sliced",151,g,1,2013-12-23,2013-12-23
43514,1,1,serving 1.75 fl oz pop,55,g,1,2013-12-23,2013-12-23
43523,1,1,tbsp,15,g,1,2013-12-23,2013-12-23
43523,2,1,jar NFS,113,g,1,2013-12-23,2013-12-23
43523,3,1,jar Gerber Second Food (4 oz),113,g,1,2013-12-23,2013-12-23
43523,4,1,jar Beech-Nut Stage 2 (4 oz),113,g,1,2013-12-23,2013-12-23
43523,5,1,jar Heinz Strained-2 (4.25 oz),120,g,1,2013-12-23,2013-12-23
43529,1,1,tbsp,2.5,g,1,2013-12-23,2013-12-23
43535,1,1,fl oz,31.2,g,1,2013-12-23,2013-12-23
43535,2,1,bottle Heinz Strained (4 fl oz),125,g,1,2013-12-23,2013-12-23
43535,3,1,bottle NFS,125,g,1,2013-12-23,2013-12-23
43535,4,1,bottle Beech-Nut Stage 2 (4 fl oz),125,g,1,2013-12-23,2013-12-23
43535,5,1,bottle Gerber Second Foods (4 fl oz),125,g,1,2013-12-23,2013-12-23
43536,1,1,tbsp,15,g,1,2013-12-23,2013-12-23
43536,2,1,jar NFS,113,g,1,2013-12-23,2013-12-23
43536,3,1,jar Gerber Second Food (4 oz),113,g,1,2013-12-23,2013-12-23
43536,4,1,jar Beech-Nut Stage 2 (4 oz),113,g,1,2013-12-23,2013-12-23
43536,5,1,jar Heinz Strained-2 (4 oz),113,g,1,2013-12-23,2013-12-23
43537,1,1,tbsp,15,g,1,2013-12-23,2013-12-23
43537,2,1,jar NFS,113,g,1,2013-12-23,2013-12-23
43537,3,1,jar Heinz Strained-2 (4 oz),113,g,1,2013-12-23,2013-12-23
43539,1,1,tbsp,15,g,1,2013-12-23,2013-12-23
43539,2,1,jar NFS,113,g,1,2013-12-23,2013-12-23
43539,3,1,jar Gerber Second Food (4 oz),113,g,1,2013-12-23,2013-12-23
43539,4,1,jar Beech-Nut Stage 2 (4 oz),113,g,1,2013-12-23,2013-12-23
43539,5,1,jar Heinz Strained-2 (4.25 oz),120,g,1,2013-12-23,2013-12-23
43541,1,1,cup,148,g,1,2013-12-23,2013-12-23
43541,2,1,cubic inch,10.2,g,1,2013-12-23,2013-12-23
43543,1,1,cup,244,g,1,2013-12-23,2013-12-23
43543,2,1,fl oz,30.5,g,1,2013-12-23,2013-12-23
43544,1,1,serving,15,g,1,2013-12-23,2013-12-23
43546,1,1,tbsp,15,g,1,2013-12-23,2013-12-23
43546,2,1,jar NFS,113,g,1,2013-12-23,2013-12-23
43546,3,1,jar Beech-Nut Baby's First (2.5 oz),71,g,1,2013-12-23,2013-12-23
43546,4,1,jar Beech-Nut Stage I (4 oz),113,g,1,2013-12-23,2013-12-23
43546,5,1,jar Gerber First Foods (2.5 oz),71,g,1,2013-12-23,2013-12-23
43546,6,1,jar Earth's Best (4.5 oz),128,g,1,2013-12-23,2013-12-23
43546,7,1,jar Heinz Beginner-1 (2.5 oz),71,g,1,2013-12-23,2013-12-23
43550,1,1,tbsp,15,g,1,2013-12-23,2013-12-23
43550,2,1,jar NFS,113,g,1,2013-12-23,2013-12-23
43550,3,1,jar Gerber Second Food (4 oz),113,g,1,2013-12-23,2013-12-23
43566,1,1,"cup, crushed",63,g,1,2013-12-23,2013-12-23
43566,2,10,chips,16,g,1,2013-12-23,2013-12-23
43572,1,1,oz,28.35,g,1,2013-12-23,2013-12-23
43585,1,1,tbsp,15,g,1,2013-12-23,2013-12-23
43589,1,1,slice (1 oz),28,g,1,2013-12-23,2015-01-07
43589,2,1,cubic inch,15,g,1,2013-12-23,2015-01-07
43589,3,1,"cup, shredded",108,g,1,2013-12-23,2015-01-07
43589,4,1,"cup, diced",132,g,1,2013-12-23,2015-01-07
43595,1,1,oz,28.35,g,1,2013-12-23,2013-12-23
43595,2,1,bar,37,g,1,2013-12-23,2013-12-23
43597,1,1,"cup, diced",132,g,1,2013-12-23,2013-12-23
43597,2,1,"cup, shredded",113,g,1,2013-12-23,2013-12-23
43597,3,1,cubic inch,18,g,1,2013-12-23,2013-12-23
43597,4,1,slice (1 oz),28,g,1,2013-12-23,2013-12-23
43598,1,1,tbsp,15,g,1,2013-12-23,2013-12-23
43598,2,1,cup,239,g,1,2013-12-23,2013-12-23
44005,1,1,tablespoon,14,g,1,2013-12-23,2013-12-23
44005,2,1,teaspoon,4.5,g,1,2013-12-23,2013-12-23
44018,1,1,serving,0.1,g,1,2015-01-06,2015-01-06
44061,1,1,serving,9.9,g,1,2013-12-23,2013-12-23
44061,2,1,"package 1.4 oz box, 4 servings",40,g,1,2013-12-23,2013-12-23
44074,1,4,fl oz,118,g,1,2019-02-13,2019-02-13
44110,1,1,tbsp,19,g,1,2013-12-23,2013-12-23
44110,2,1,cup,300,g,1,2013-12-23,2013-12-23
44158,1,1,serving,151,g,1,2013-12-23,2013-12-23
44158,2,1,cup,262,g,1,2013-12-23,2013-12-23
44258,1,1,serving,9.9,g,1,2013-12-23,2013-12-23
44258,2,1,package,40,g,1,2013-12-23,2013-12-23
44259,1,1,serving,113,g,1,2015-01-06,2015-01-06
44259,2,1,cup,260,g,1,2015-01-06,2015-01-06
44260,1,1,serving,8,g,1,2013-12-23,2013-12-23
44260,2,1,package 4 servings,32,g,1,2013-12-23,2013-12-23
51385,1,1.5,cups,168.35,g,2,2013-04-30,2013-04-30
51386,1,2,wraps,343.37,g,2,2013-04-30,2013-04-30
51387,1,1,cup,136.24,g,2,2013-04-30,2013-04-30
51388,1,1,cup,244.51,g,2,2013-04-30,2013-04-30
51389,1,0.75,cup,216.09,g,2,2013-04-30,2013-04-30
51390,1,1,cup,251.83,g,2,2013-04-30,2013-04-30
51391,1,1,wrap,193.51,g,2,2013-04-30,2013-04-30
51392,1,1,each,206.21,g,2,2013-04-30,2013-04-30
51393,1,1,"piece (5"" x 5"")",271.56,g,2,2013-04-30,2013-04-30
51394,1,1,wrap,119.87,g,2,2013-04-30,2013-04-30
51395,1,0.5,cup,118.93,g,2,2013-04-30,2013-04-30
51396,1,0.75,cup,200.65,g,2,2013-04-30,2013-04-30
51397,1,0.25,cup,107.28,g,2,2013-04-30,2013-04-30
51398,1,0.75,cup,147.14,g,2,2013-04-30,2013-04-30
51399,1,1,cup,294.18,g,2,2013-04-30,2013-04-30
51400,1,0.5,cup,88.28,g,2,2013-04-30,2013-04-30
51401,1,1,slider,124.11,g,2,2013-04-30,2013-04-30
51402,1,1,wrap,190.14,g,2,2013-04-30,2013-04-30
51403,1,1,cup,169.34,g,2,2013-04-30,2013-04-30
51404,1,1,wrap,298.16,g,2,2013-04-30,2013-04-30
51405,1,1.25,cup,289.06,g,2,2013-04-30,2013-04-30
51406,1,1,cup,253.12,g,2,2013-04-30,2013-04-30
51407,1,1,"piece (5"" x 5"")",184.17,g,2,2013-04-30,2013-04-30
51408,1,1,cup,196.45,g,2,2013-04-30,2013-04-30
51409,1,1.25,cup,413.28,g,2,2013-04-30,2013-04-30
51410,1,1,cup,364.57,g,2,2013-04-30,2013-04-30
51411,1,6,tots,148.72,g,2,2013-04-30,2013-04-30
51412,1,1,cup,271.47,g,2,2013-04-30,2013-04-30
51413,1,0.75,cup,161.15,g,2,2013-04-30,2013-04-30
51414,1,0.5,cup,122.37,g,2,2013-04-30,2013-04-30
51566,1,0.5,Cup,177.25,g,2,2017-05-01,2017-05-01
51567,1,1,Biscuit,72.78,g,2,2017-05-01,2017-05-01
51568,1,1,piece,56.08,g,2,2017-05-01,2019-02-25
51570,1,1,piece,45.56,g,2,2017-05-01,2019-02-25
51571,1,0.75,Cup,133.7,g,2,2017-05-01,2017-05-01
51572,1,1,"Portion (7/8"" Thick Slice)",58.51,g,2,2017-05-01,2017-05-01
51573,1,1,Slice,60,g,2,2017-05-01,2024-12-19
51574,1,1,Pancake,59.41,g,2,2017-05-01,2017-05-01
51575,1,1,Portion,55.6,g,2,2017-05-01,2017-05-01
51576,1,1,piece,90.8,g,2,2017-05-01,2019-02-25
51577,1,0.5,Cup,220.57,g,2,2017-05-01,2017-05-01
51578,1,1,square,74,g,2,2017-05-01,2024-12-19
51579,1,0.5,Cup,195.92,g,2,2017-05-01,2017-05-01
51580,1,0.5,Cup,192.88,g,2,2017-05-01,2017-05-01
51581,1,1,"Piece (2""x3-3/4"")",62.49,g,2,2017-05-01,2017-05-01
51582,1,0.5,Cup,188.5,g,2,2017-05-01,2017-05-01
51583,1,1,"Piece (2""x3-3/4"")",109.66,g,2,2017-05-01,2017-05-01
51584,1,1,"Piece (2""x3-3/4"")",112.51,g,2,2017-05-01,2017-05-01
51585,1,1,piece,64.74,g,2,2017-05-01,2019-02-25
51587,1,1,Burrito,174.33,g,2,2017-05-01,2017-05-01
51588,1,1,Burrito,119.43,g,2,2017-05-01,2017-05-01
51589,1,1,Burrito,199.32,g,2,2017-05-01,2017-05-01
51590,1,2,Tostadas,191.18,g,2,2017-05-01,2017-05-01
51591,1,2,Tacos (Includes 3/8 Cup Lettuce/Tomato Mixture & 1 Tablespoon + 1 Teaspoon Shredded Cheese),268.61,g,2,2017-05-01,2017-05-01
51593,1,1,Portion,181.58,g,2,2017-05-01,2017-05-01
51594,1,1,Portion,231.16,g,2,2017-05-01,2017-05-01
51595,1,1,Portion,197.75,g,2,2017-05-01,2017-05-01
51596,1,0.75,Cup,261.81,g,2,2017-05-01,2017-05-01
51597,1,1,Cup,295.92,g,2,2017-05-01,2017-05-01
51598,1,0.75,Cup,223.62,g,2,2017-05-01,2017-05-01
51599,1,0.66,Cup,232.78,g,2,2017-05-01,2017-05-01
51600,1,0.5,Cup,172.32,g,2,2017-05-01,2017-05-01
51601,1,0.5,Cup,226.64,g,2,2017-05-01,2017-05-01
51602,1,0.75,Cup,182.68,g,2,2017-05-01,2017-05-01
51603,1,1,"Piece (2""x 3 3/4"")",172.65,g,2,2017-05-01,2017-05-01
51604,1,1,"Slice, 3/4"" (Includes 1 Roll)",160.07,g,2,2017-05-01,2017-05-01
51605,1,2,Meatball Cupcakes,225.57,g,2,2017-05-01,2017-05-01
51606,1,1,Plate Nachos,122.55,g,2,2017-05-01,2017-05-01
51607,1,1,"Portion (1 Breast, Or 1 Drumstick And Wing, Or 1 Thigh With Back).",94.2,g,2,2017-05-01,2017-05-01
51608,1,1,"Piece (2""x 3 3/4"")",224.12,g,2,2017-05-01,2017-05-01
51609,1,1,"Piece (2""x 3 3/4"")",184.68,g,2,2017-05-01,2017-05-01
51610,1,2,Pizza Muffins (Includes 2 Tablespoons Tomato Sauce),151.55,g,2,2017-05-01,2017-05-01
51611,1,1,"Piece (2""x 3 3/4"")",146.14,g,2,2017-05-01,2017-05-01
51612,1,1,Steak,123.15,g,2,2017-05-01,2017-05-01
51613,1,1,Cup,251.13,g,2,2017-05-01,2019-02-25
51614,1,1,Cup,222.69,g,2,2017-05-01,2019-02-25
51615,1,0.75,Cup,234.6,g,2,2017-05-01,2017-05-01
51616,1,1,Cup,201.7,g,2,2017-05-01,2017-05-01
51617,1,1,"Piece (2""x 3 3/4"")",152.2,g,2,2017-05-01,2017-05-01
51618,1,1,Cup,286.03,g,2,2017-05-01,2017-05-01
51619,1,1,Cup,219.33,g,2,2017-05-01,2017-05-01
51620,1,1,Portion (Includes 3/4 Cup Stir Fry & 1/2 Cup Rice),309.9,g,2,2017-05-01,2017-05-01
51621,1,1,Fajita,160.81,g,2,2017-05-01,2017-05-01
51622,1,1,Cup,239.03,g,2,2017-05-01,2017-05-01
51623,1,1,Cup,250.58,g,2,2017-05-01,2017-05-01
51624,1,1,"Piece (2""x 3 3/4"")",244.18,g,2,2017-05-01,2017-05-01
51625,1,1,"Piece (2""x 3 3/4"")",290.42,g,2,2017-05-01,2017-05-01
51627,1,1,"Piece (2""x 3 3/4"")",317.06,g,2,2017-05-01,2017-05-01
51628,1,1,"Piece (2""x 3 3/4"")",343.37,g,2,2017-05-01,2017-05-01
51629,1,0.75,Cup,288.71,g,2,2017-05-01,2017-05-01
51630,1,0.75,Cup,231.47,g,2,2017-05-01,2017-05-01
51631,1,1,Portion (Includes 2/3 Cup Beans & 1/2 Cup Rice),268.6,g,2,2017-05-01,2017-05-01
51632,1,1,Cup,235.03,g,2,2017-05-01,2017-05-01
51633,1,1,Cup,283.7,g,2,2017-05-01,2017-05-01
51634,1,1,"Taco Boat (Includes 3 Oz Meat, 3 Oz (16 Fries) Fries, 1 Tablespoons Tomatoes, 1 Teaspoon Cheese)",195.54,g,2,2017-05-01,2017-05-01
51635,1,1,Cup,186.23,g,2,2017-05-01,2017-05-01
51636,1,1,Chicken Breast,61.39,g,2,2017-05-01,2017-05-01
51637,1,1,Meatball,103.06,g,2,2017-05-01,2017-05-01
51638,1,1,"Piece (2""x 3 3/4"")",260.5,g,2,2017-05-01,2017-05-01
51639,1,1,chicken breast,66,g,2,2017-05-01,2024-12-19
51640,1,0.5,Cup,144.64,g,2,2017-05-01,2017-05-01
51641,1,0.5,Cup,130.07,g,2,2017-05-01,2019-02-25
51642,1,0.5,Cup,106.9,g,2,2017-05-01,2017-05-01
51643,1,0.75,Cup,137.7,g,2,2017-05-01,2017-05-01
51644,1,1,Cup,140.93,g,2,2017-05-01,2017-05-01
51645,1,0.66,Cup,112.33,g,2,2017-05-01,2017-05-01
51646,1,1,Souffle Cup (Includes 2 Lettuce Leaves),232.02,g,2,2017-05-01,2017-05-01
51647,1,0.5,Cup,101.15,g,2,2017-05-01,2017-05-01
51648,1,0.5,Cup,82.04,g,2,2017-05-01,2017-05-01
51649,1,0.5,Cup,136.46,g,2,2017-05-01,2017-05-01
51650,1,0.75,Cup,167.87,g,2,2017-05-01,2017-05-01
51651,1,0.375,Cup,110,g,2,2017-05-01,2020-04-03
51652,1,0.25,Cup,66.33,g,2,2017-05-01,2017-05-01
51653,1,1,Portion (Includes 1 Cup Soup And 1 Souffle Cup [1/4 Cup + 2 1/2 Teaspoons] Chicken),293.95,g,2,2017-05-01,2017-05-01
51654,1,1,Cup,225.11,g,2,2017-05-01,2017-05-01
51655,1,1,Cup,211.89,g,2,2017-05-01,2017-05-01
51656,1,1,Cup,205.47,g,2,2017-05-01,2017-05-01
51657,1,1,Cup,182.04,g,2,2017-05-01,2017-05-01
51658,1,1,Cup,253.99,g,2,2017-05-01,2019-02-25
51660,1,0.5,Cup,134.53,g,2,2017-05-01,2017-05-01
51661,1,0.5,Cup,248.08,g,2,2017-05-01,2017-05-01
51662,1,0.5,Cup,103.73,g,2,2017-05-01,2017-05-01
51663,1,0.5,Cup,167.29,g,2,2017-05-01,2017-05-01
51664,1,0.5,Cup,213.31,g,2,2017-05-01,2017-05-01
51665,1,0.33,Cup,118.08,g,2,2017-05-01,2017-05-01
51666,1,1,Broccoli Bite,145.98,g,2,2017-05-01,2017-05-01
51667,1,0.25,Cup,59.6,g,2,2017-05-01,2017-05-01
51668,1,1,"piece (2"" X 3-3/4"")",110.13,g,2,2017-05-01,2019-02-25
51669,1,0.33,Cup,166.05,g,2,2017-05-01,2017-05-01
51670,1,0.25,Cup,53.79,g,2,2017-05-01,2017-05-01
51671,1,0.5,cup,186,g,2,2017-05-01,2024-12-19
51672,1,0.5,Cup,136,g,2,2017-05-01,2024-12-19
51673,1,0.5,Cup,140.4,g,2,2017-05-01,2017-05-01
51674,1,0.33,Cup,201.41,g,2,2017-05-01,2017-05-01
51675,1,0.66,Cup,240.34,g,2,2017-05-01,2017-05-01
51676,1,0.5,Cup,84.2,g,2,2017-05-01,2017-05-01
51677,1,0.33,Cup,71.22,g,2,2017-05-01,2017-05-01
51678,1,3,Plantains,87.52,g,2,2017-05-01,2017-05-01
51679,1,1,Serving (2-3 Baby Potatoes),96.07,g,2,2017-05-01,2017-05-01
51680,1,0.75,Cup,123.79,g,2,2017-05-01,2017-05-01
51681,1,0.5,Cup,115.07,g,2,2017-05-01,2017-05-01
51682,1,1,Portion (3/8 Cup [2-3 Sticks] Zucchini & 2 Tablespoons Tomato Sauce),155.9,g,2,2017-05-01,2017-05-01
51683,1,0.25,Cup,75.64,g,2,2017-05-01,2017-05-01
51684,1,1,"Piece (3-1/2"" X 2-1/2"")",93.26,g,2,2017-05-01,2017-05-01
51685,1,1,"Piece (3 1/2"" X 2 1/2"")",173.36,g,2,2017-05-01,2017-05-01
51686,1,1,"Piece (2""x 3 3/4"")",134.22,g,2,2017-05-01,2017-05-01
51687,1,1,"Piece (2""x 3 3/4"")",103.18,g,2,2017-05-01,2017-05-01
51688,1,1,burrito bowl,406.23,g,2,2019-02-22,2019-02-22
51689,1,0.75,cup,167.26,g,2,2019-02-22,2019-02-22
51691,1,0.25,cup,78.95,g,2,2019-02-22,2019-02-22
51692,1,1,wrap,260,g,2,2019-02-22,2024-12-19
51693,1,1,"Piece (2""x 3 3/4"")",298.29,g,2,2019-02-22,2019-02-22
51694,1,1,"Piece (2""x 3 3/4"")",295.67,g,2,2019-02-22,2019-02-22
51695,1,1,plate,166.41,g,2,2019-02-22,2019-02-22
51696,1,2,muffins,144.97,g,2,2019-02-22,2019-02-22
51697,1,1,portion (1/4 cup  beef mixture + 1/2 cup  rice),341.26,g,2,2019-02-22,2019-02-22
51698,1,1,patty,79.91,g,2,2019-02-22,2019-02-22
51699,1,1,frittata bite,102,g,2,2019-02-22,2024-12-19
51700,1,1,"Piece (2""x 3 3/4"")",244.26,g,2,2019-02-22,2019-02-22
51701,1,1,quesadilla,123.21,g,2,2019-02-22,2019-02-22
51702,1,1,"Piece (2""x 3 3/4"")",177.45,g,2,2019-02-22,2019-02-22
51703,1,0.5,cup,170.36,g,2,2019-02-22,2019-02-22
51704,1,1,"Piece (2""x 3 3/4"")",197.86,g,2,2019-02-22,2019-02-22
51705,1,1,portion (approx. 3 potato wedges),89.42,g,2,2019-02-22,2019-02-22
51706,1,0.33,cup,135.27,g,2,2019-02-22,2019-02-22
51707,1,1,"Piece (2""x 3 3/4"")",156.39,g,2,2019-02-22,2019-02-22
51708,1,1,spring roll (with souffle cup),78.64,g,2,2019-02-22,2019-02-22
51709,1,0.5,cup,218.81,g,2,2019-02-22,2019-02-22
51710,1,0.75,cup,184.8,g,2,2019-02-22,2019-02-22
51711,1,0.125,cup,20.16,g,2,2019-02-22,2019-02-22
51713,1,0.125,cup,34.01,g,2,2019-02-22,2019-02-22
51714,1,1,salad shaker,208.43,g,2,2019-02-22,2019-02-22
51715,1,0.5,cup,118.66,g,2,2019-02-22,2019-02-22
51716,1,1,cup,243.08,g,2,2019-02-22,2019-02-22
51717,1,1,cup,211.48,g,2,2019-02-22,2019-02-22
51718,1,1,cup,250.43,g,2,2019-02-22,2019-02-22
51719,1,1,cup,221.96,g,2,2019-02-22,2019-02-22
51720,1,1,burger,157.81,g,2,2019-02-22,2019-02-22
51721,1,1,sandwich,157.51,g,2,2019-02-22,2019-02-22
51722,1,1,sandwich,131.44,g,2,2019-02-22,2019-02-22
51723,1,1,stacker,114.25,g,2,2019-02-22,2019-02-22
51724,1,1,portion (1 pita pocket + 1 souffle cup),273.6,g,2,2019-02-22,2019-02-22
51725,1,1,sandwich,148.03,g,2,2019-02-22,2019-02-22
51726,1,1,sandwich,144.51,g,2,2019-02-22,2019-02-22
51727,1,1,sandwich,174.25,g,2,2019-02-22,2019-02-22
51728,1,1,sandwich,106.23,g,2,2019-02-22,2019-02-22
51729,1,1,wrap,145.79,g,2,2019-02-22,2019-02-22
51730,1,0.5,cup,131.42,g,2,2019-02-22,2019-02-22
51731,1,1,roll,39.2,g,2,2019-02-22,2019-02-22
51732,1,1,burrito,157.09,g,2,2019-02-22,2019-02-22
51733,1,1,muffin,76.15,g,2,2019-02-22,2019-02-22
51735,1,0.25,cup,41.91,g,2,2019-02-22,2019-02-22
51736,1,1,bowl,208.48,g,2,2019-02-22,2019-02-22
51738,1,0.75,cup,278.51,g,2,2019-02-22,2019-02-22
51739,1,0.66,cup,144.32,g,2,2019-02-22,2019-02-22
51740,1,1,parfait,212.3,g,2,2019-02-22,2019-02-22
51741,1,0.75,cup,143.51,g,2,2019-02-22,2019-02-22
51742,1,1,patty,53.85,g,2,2019-02-22,2019-02-22
51761,1,1,Tbsp,26.12,g,2,2019-02-22,2019-02-22
51762,1,0.33,cup,128.28,g,2,2019-02-22,2019-02-22
51763,1,0.25,cup,61.78,g,2,2019-02-22,2019-02-22
51764,1,1,scoop,24.16,g,2,2019-02-22,2019-02-22
51765,1,1,souffle cup,25.53,g,2,2019-02-22,2019-02-22
51766,1,1,ladle,23.97,g,2,2019-02-22,2019-02-22
80200,1,1,leg,45,g,1,2015-01-06,2015-01-06
83110,1,1,"piece (5-1/2"" x 1-1/2"" x 1/2"")",80,g,1,2013-12-23,2015-01-07
83110,2,1,"cubic inch, boneless",17,g,1,2015-01-06,2015-01-06
83110,3,1,"cup, cooked",136,g,1,2015-01-06,2015-01-06
90240,1,3,oz,85,g,1,2013-12-23,2013-12-23
90480,1,1,serving,21,g,1,2015-01-06,2015-01-06
90560,1,3,oz,85,g,1,2013-12-23,2013-12-23
93600,1,3,oz,85,g,1,2013-12-23,2013-12-23
119936,1,1.0,Pizza,94.00,g,3,2021-04-01,2025-01-23
119937,1,1.0,Pizza,104.00,g,3,2014-12-07,2024-12-19
119940,1,1.0,Pizza,145.00,g,3,2014-12-07,2024-12-19
119951,1,2.0,oz. of chicken with .8 oz. sauce,79.00,g,3,2021-04-01,2024-10-31
119952,1,2.9,oz Chicken with 1.1 oz Sauce (109g),112.00,g,3,2021-04-01,2024-12-19
119976,1,1.0,Pizza,156.00,g,3,2014-12-07,2024-12-19
119977,1,1.0,Pizza,153.00,g,3,2014-12-07,2024-12-19
119981,1,0.125,pizza,153.00,g,3,2014-12-07,2024-12-19
119982,1,0.125,pizza,154.00,g,3,2014-12-07,2024-12-19
119983,1,1.0,PIZZA,130.00,g,3,2014-12-07,2024-12-19
119984,1,1.0,pizza,127.00,g,3,2014-12-07,2024-12-19
119989,1,2.0,Sticks,119.00,g,3,2014-12-07,2024-12-19
119990,1,1.0,Piece,85.00,g,3,2014-12-07,2025-01-23
119991,1,1.0,Piece,84.00,g,3,2014-12-07,2025-01-23
119992,1,1.0,Pizza,140.00,g,3,2014-12-07,2024-12-19
119993,1,1.0,Pizza,140.00,g,3,2014-12-07,2024-12-19
119994,1,1.0,Pizza,122.00,g,3,2014-12-07,2024-12-19
119996,1,1.0,Pizza,122.00,g,3,2014-12-07,2024-12-19
119999,1,1.0,Pizza,126.00,g,3,2014-12-07,2025-01-23
120000,1,1.0,Pizza,127.00,g,3,2014-12-07,2025-01-23
120001,1,1.0,Pizza,126.00,g,3,2014-12-07,2025-01-23
120002,1,1.0,Pizza,127.00,g,3,2014-12-07,2025-01-23
120003,1,1.0,Pizza,141.00,g,3,2014-12-07,2025-01-23
120004,1,1.0,Pizza,141.00,g,3,2014-12-07,2025-01-23
120007,1,2.0,Pieces,125.00,g,3,2014-12-07,2024-11-14
120008,1,2.0,Pieces,125.00,g,3,2014-12-07,2024-10-31
120019,1,0.125,Pizza,147.00,g,3,2014-12-07,2024-12-19
120020,1,0.125,Pizza,147.00,g,3,2014-12-07,2024-12-19
120033,1,1.0,Pizza,133.00,g,3,2014-12-07,2025-01-23
120036,1,0.125,Pizza,158.00,g,3,2014-12-07,2025-01-23
120037,1,0.125,Pizza,159.00,g,3,2014-12-07,2024-12-19
120242,1,1.0,Amount per serving,120.00,ml,3,2017-05-02,2024-07-11
120256,1,1.0,Amount per serving,120.00,ml,3,2017-05-02,2024-11-14
120257,1,1.0,Amount per serving,120.00,ml,3,2017-05-02,2024-11-14
120258,1,1.0,Amount per serving,120.00,ml,3,2017-05-02,2024-11-14
120261,1,1.0,Amount per serving,120.00,ml,3,2017-05-02,2024-07-11
120266,1,1.0,Amount per serving,120.00,ml,3,2017-05-02,2024-07-11
120287,1,1.0,Amount per serving,120.00,ml,3,2017-05-01,2024-07-11
120289,1,1.0,Amount per serving,120.00,ml,3,2017-05-01,2024-09-13
120296,1,1.0,Amount per serving,21.00,g,3,2017-05-02,2024-07-11
120297,1,1.0,Amount per serving,21.00,g,3,2017-05-02,2024-07-11
120298,1,1.0,Amount per serving,28.00,g,3,2017-05-01,2024-07-11
120299,1,1.0,Amount per serving,30.00,g,3,2017-05-02,2023-10-26
120300,1,1.0,Amount per serving,21.00,g,3,2017-05-02,2024-07-11
120301,1,1.0,Amount per serving,21.00,g,3,2017-05-02,2024-07-11
120304,1,1.0,Amount per serving,26.00,g,3,2017-05-02,2024-07-11
120306,1,1.0,Amount per serving,26.00,g,3,2017-05-02,2024-07-11
120347,1,1.0,Amount per serving,195.00,g,3,2017-05-01,2024-07-11
120348,1,1.0,Amount per serving,163.00,g,3,2017-05-01,2023-03-16
120447,1,0.667,Cup,93.00,g,3,2021-04-01,2024-12-19
120453,1,0.5,cup,120.00,g,3,2021-04-01,2024-12-19
120472,1,4.5,oz cup,128.00,g,3,2021-04-01,2023-04-27
120601,1,1.0,Piece,154.00,g,3,2017-01-26,2025-01-23
120605,1,0.125,Pizza,148.00,g,3,2017-01-26,2024-12-19
120607,1,0.125,Pizza,150.00,g,3,2017-01-26,2025-01-23
120608,1,0.125,Pizza,147.00,g,3,2017-01-26,2024-12-19
120609,1,0.125,Pizza,147.00,g,3,2017-01-26,2024-12-19
120612,1,8.0,Pieces,114.00,g,3,2017-01-27,2023-10-26
120617,1,1.0,BAR,64.00,g,3,2017-01-27,2024-07-11
120618,1,1.0,bar,64.00,g,3,2017-01-27,2024-07-11
120620,1,0.125,Pizza,145.00,g,3,2017-01-30,2025-01-23
120622,1,0.125,Pizza,145.00,g,3,2017-01-30,2025-01-23
120668,1,1.0,Amount per serving,21.00,g,3,2017-05-01,2024-07-11
120765,1,1.0,Calzone,155.00,g,3,2017-05-01,2023-06-29
120766,1,1.0,Brownie Bite,57.00,g,3,2017-05-01,2023-06-29
120767,1,1.0,Calzone,154.00,g,3,2017-05-01,2023-06-29
120768,1,1.0,Calzone,154.00,g,3,2017-05-01,2023-08-31
120769,1,1.0,Piece,82.00,g,3,2017-05-01,2023-11-16
120771,1,1.0,Cookie,43.00,g,3,2017-05-01,2023-06-29
120772,1,1.0,Cookie,43.00,g,3,2017-05-01,2023-11-16
120783,1,1.0,Cookie,34.00,g,3,2021-04-01,2023-11-16
120785,1,1.0,Cookie,43.00,g,3,2017-05-01,2023-08-31
120786,1,1.0,Cookie,52.00,g,3,2017-05-01,2023-11-16
120790,1,1.0,Cookie,43.00,g,3,2017-05-01,2023-06-29
120792,1,1.0,Cookie,43.00,g,3,2017-05-01,2023-06-29
120803,1,1.0,Calzone,156.00,g,3,2017-05-01,2023-06-29
120804,1,1.0,Calzone,155.00,g,3,2017-05-01,2023-06-29
120805,1,1.0,Cookie,34.00,g,3,2017-05-01,2023-08-31
120806,1,1.0,Cookie,34.00,g,3,2017-05-01,2023-06-29
120807,1,1.0,Cookie,34.00,g,3,2017-05-01,2023-06-29
120808,1,1.0,Cookie,34.00,g,3,2017-05-01,2023-11-16
120809,1,1.0,Cookie,34.00,g,3,2017-05-01,2023-11-16
120810,1,1.0,Cookie,34.00,g,3,2017-05-01,2023-06-29
120811,1,1.0,Cookie,34.00,g,3,2017-05-01,2023-06-29
120813,1,1.0,Muffin Top,70.00,g,3,2017-05-01,2023-06-29
120814,1,1.0,Muffin Top,91.00,g,3,2017-05-01,2023-06-29
120815,1,1.0,Muffin Top,89.60,g,3,2017-05-01,2023-06-29
120818,1,1.0,Muffin,51.00,g,3,2017-05-01,2023-06-29
120819,1,1.0,Muffin,51.00,g,3,2017-05-01,2023-08-31
120820,1,1.0,Muffin,70.00,g,3,2017-05-01,2023-11-16
120821,1,1.0,Muffin,99.00,g,3,2017-05-01,2023-06-29
120831,1,1.0,Loaf,40.00,g,3,2017-05-01,2023-11-16
120832,1,1.0,Muffin,51.00,g,3,2017-05-01,2023-11-16
120837,1,1.0,Muffin Top,91.00,g,3,2017-05-01,2023-06-29
120838,1,1.0,Cookie,43.00,g,3,2017-05-01,2023-08-31
120839,1,1.0,Muffin Top,71.00,g,3,2017-05-01,2023-06-29
120858,1,1.0,Piece,102.00,g,3,2017-05-01,2023-11-16
120869,1,0.5,cup,120.00,g,3,2017-05-01,2024-12-19
120873,1,0.5,cup,125.00,g,3,2017-05-01,2024-12-19
120876,1,0.5,cup,125.00,g,3,2017-05-01,2024-12-19
120884,1,0.5,cup,130.00,g,3,2017-05-01,2024-12-19
120885,1,0.5,cup,130.00,g,3,2017-05-01,2024-12-19
120909,1,1.0,Omelet (2.1 oz./ 60g),60.00,g,3,2017-05-01,2024-07-11
120916,1,1.0,Patty (1.25 oz./ 35g),35.00,g,3,2017-05-01,2024-07-11
120931,1,3.9,oz,110.56,g,3,2017-05-01,2023-12-21
120932,1,3.9,oz,110.56,g,3,2017-05-01,2024-08-15
120933,1,3.9,oz,110.56,g,3,2017-05-01,2023-12-21
120935,1,3.9,oz,110.56,g,3,2017-05-01,2023-12-21
120942,1,5.0,Slices,85.00,g,3,2017-05-01,2023-10-26
121018,1,4.0,pieces,113.00,g,3,2017-05-01,2024-10-31
121019,1,4.0,PIECES,113.00,g,3,2017-05-01,2024-05-16
121020,1,1.0,PIECE,102.00,g,3,2017-05-01,2024-05-16
121021,1,3.0,PIECES,128.00,g,3,2017-05-01,2024-06-13
121022,1,4.0,PIECES,113.00,g,3,2017-05-01,2024-05-16
121023,1,4.0,PIECES,113.00,g,3,2021-04-01,2024-05-16
121024,1,1.0,piece,113.00,g,3,2021-04-01,2024-05-16
121034,1,1.0,PIECE,85.00,g,3,2017-05-01,2024-06-13
121035,1,1.0,PIECE,102.00,g,3,2017-05-01,2024-06-13
121036,1,4.0,PIECES,113.00,g,3,2017-05-01,2024-06-13
121037,1,1.0,PIECE,102.00,g,3,2017-05-01,2024-10-31
121038,1,1.0,piece,113.00,g,3,2017-05-01,2024-07-11
121039,1,4.0,PIECES,113.00,g,3,2017-05-01,2024-08-15
121040,1,4.0,pieces,113.00,g,3,2017-05-01,2024-08-15
121041,1,1.0,PIECE,102.00,g,3,2017-05-01,2024-08-15
121042,1,4.0,PIECES,113.00,g,3,2017-05-01,2024-10-31
121043,1,1.0,PIECE,102.00,g,3,2017-05-01,2024-08-15
121044,1,4.0,pieces,113.00,g,3,2017-05-01,2024-12-19
121045,1,1.0,PIECE,102.00,g,3,2017-05-01,2024-05-16
121111,1,1.0,Biscuit,62.00,g,3,2021-04-01,2024-08-15
121114,1,2.0,oz,57.00,g,3,2019-03-27,2024-08-15
121115,1,2.0,oz,57.00,g,3,2019-03-27,2024-08-15
121116,1,2.0,oz,57.00,g,3,2019-03-27,2024-08-15
121117,1,2.0,oz,57.00,g,3,2019-03-27,2024-08-15
121120,1,3.6,oz,102.00,g,3,2019-03-27,2023-06-29
121121,1,1.0,Muffin,51.00,g,3,2019-03-27,2024-08-15
121122,1,1.0,Muffin,51.00,g,3,2019-03-27,2023-06-29
121124,1,1.0,Muffin,51.00,g,3,2019-03-27,2024-08-15
121128,1,3.0,oz,85.00,g,3,2019-03-27,2024-08-15
121129,1,1.8,oz,51.00,g,3,2019-03-27,2024-08-15
121136,1,4.0,oz,113.00,g,3,2019-03-27,2024-08-15
121137,1,2.0,oz,57.00,g,3,2019-03-27,2024-08-15
121138,1,2.0,oz,57.00,g,3,2019-03-27,2024-08-15
121139,1,4.0,oz,113.00,g,3,2019-03-27,2024-08-15
121140,1,4.0,oz,113.00,g,3,2019-03-27,2023-02-16
121141,1,4.0,oz,113.00,g,3,2019-03-27,2024-08-15
121144,1,2.0,oz,57.00,g,3,2019-03-27,2024-08-15
121147,1,2.0,oz,57.00,g,3,2019-03-27,2022-09-15
121152,1,1.0,Muffin,113.00,g,3,2019-03-27,2024-08-15
121153,1,1.0,Muffin,113.00,g,3,2019-03-27,2024-08-15
121154,1,2.2,oz,62.00,g,3,2019-03-27,2024-08-15
121155,1,1.0,Hoagie Roll,57.00,g,3,2021-04-01,2023-04-27
121156,1,1.0,Muffin,57.00,g,3,2019-03-27,2023-02-16
121157,1,1.0,Hoagie,57.00,g,3,2019-03-27,2024-08-15
121158,1,1.0,Waffle,37.00,g,3,2019-03-27,2024-08-15
121159,1,1.0,Pancake,38.00,g,3,2021-04-01,2024-07-11
121161,1,1.0,Waffle,37.00,g,3,2019-03-27,2024-08-15
121162,1,2.0,Waffles,74.00,g,3,2019-03-27,2023-04-27
121163,1,1.0,Pancake,37.00,g,3,2019-03-27,2024-08-15
121164,1,2.0,Pancakes,74.00,g,3,2019-03-27,2023-04-27
121165,1,2.0,Pancakes,74.00,g,3,2019-03-27,2024-08-15
121168,1,1.0,Muffin,28.00,g,3,2019-03-27,2023-04-27
121169,1,1.0,oz,28.00,g,3,2019-03-27,2023-06-29
121170,1,1.0,Waffle,40.00,g,3,2019-03-27,2024-09-13
121171,1,1.0,Waffle,40.00,g,3,2019-03-27,2023-06-29
121174,1,2.0,Waffles,79.00,g,3,2019-03-27,2024-09-13
121175,1,2.0,Waffles,74.00,g,3,2019-03-27,2023-04-27
121176,1,2.0,Pancakes,74.00,g,3,2019-03-27,2024-07-11
121177,1,2.0,Pancakes,40.00,g,3,2019-03-27,2024-10-31
121179,1,2.0,Waffles,40.00,g,3,2019-03-27,2024-09-13
121180,1,4.0,mini waffles,79.00,g,3,2019-03-27,2024-09-13
121181,1,2.0,waffles,74.00,g,3,2019-03-27,2023-04-27
121184,1,1.0,Slice,37.00,g,3,2019-03-27,2024-08-15
121185,1,1.0,Slice,34.00,g,3,2019-03-27,2024-07-11
121187,1,1.0,Slice,37.00,g,3,2019-03-27,2024-08-15
121188,1,1.0,Bread Stick,85.00,g,3,2019-03-27,2023-04-27
121190,1,1.0,Bread Stick,57.00,g,3,2019-03-27,2023-04-27
121194,1,1.0,slice,34.00,g,3,2019-03-27,2024-07-11
121195,1,1.96,oz,56.00,g,3,2019-03-27,2024-07-11
121196,1,1.0,Bread Stick,34.00,g,3,2019-03-27,2024-08-15
121197,1,1.0,Roll,28.00,g,3,2019-03-27,2024-12-19
121198,1,1.0,Slice,51.00,g,3,2019-03-27,2023-04-27
121199,1,1.0,Croissant,68.00,g,3,2019-03-27,2023-04-27
121201,1,1.0,Croissant,85.00,g,3,2019-03-27,2023-04-27
121203,1,4.0,pieces,78.00,g,3,2019-03-27,2024-08-15
121204,1,4.0,pieces,78.00,g,3,2019-03-27,2024-08-15
121209,1,1.0,Donut,71.00,g,3,2021-04-01,2023-04-27
121211,1,1.0,Donut,62.00,g,3,2021-04-01,2023-04-27
121215,1,3.0,oz,85.00,g,3,2019-03-27,2023-04-27
121226,1,2.2,oz,62.00,g,3,2019-03-27,2023-04-27
121228,1,1.0,Breakfast Bun,43.00,g,3,2021-04-01,2023-04-27
121229,1,3.2,oz,91.00,g,3,2019-03-27,2023-04-27
121235,1,3.2,oz,91.00,g,3,2019-03-27,2023-04-27
121237,1,1.6,oz,45.00,g,3,2019-03-27,2023-02-16
121238,1,2.1,oz,60.00,g,3,2019-03-27,2023-02-16
121243,1,2.0,oz,57.00,g,3,2019-03-27,2023-04-27
121247,1,1.0,Breakfast Bun,85.00,g,3,2019-03-27,2024-08-15
121248,1,1.0,Biscuit,57.00,g,3,2019-03-27,2024-10-31
121250,1,1.0,Biscuit,28.00,g,3,2019-03-27,2024-10-31
121257,1,1.0,Mini Loaf,57.00,g,3,2019-03-27,2024-08-15
121258,1,2.0,oz,57.00,g,3,2019-03-27,2024-08-15
121260,1,1.0,Apple Fritter,85.00,g,3,2021-04-01,2023-04-27
121261,1,1.0,bun,85.00,g,3,2019-03-27,2023-04-27
121265,1,2.0,oz,57.00,g,3,2019-03-27,2024-08-15
121266,1,1.0,Muffin,88.00,g,3,2019-03-27,2024-08-15
121267,1,1.0,Muffin,88.00,g,3,2019-03-27,2024-08-15
121268,1,3.1,oz,88.00,g,3,2019-03-27,2024-08-15
121269,1,1.0,Muffin,88.00,g,3,2019-03-27,2024-08-15
121271,1,1.0,Muffin,71.00,g,3,2019-03-27,2024-08-15
121272,1,1.0,Pack,28.00,g,3,2019-03-27,2024-08-15
121273,1,1.0,oz. portion,28.00,g,3,2019-03-27,2023-06-29
121299,1,1.0,Croissant,43.00,g,3,2019-03-27,2023-04-27
121300,1,1.0,Croissant,62.00,g,3,2019-03-27,2023-04-27
121301,1,1.0,Croissant,62.00,g,3,2019-03-27,2023-04-27
121304,1,1.0,Roll,57.00,g,3,2019-03-27,2025-01-23
121305,1,1.0,Hot Dog Bun,43.00,g,3,2019-03-27,2023-04-27
121306,1,1.0,oz,28.00,g,3,2019-03-27,2024-08-15
121308,1,1.0,Slice,28.00,g,3,2019-03-27,2024-08-15
121309,1,1.0,Slice (26 usable slices per loaf),28.00,g,3,2019-03-27,2024-08-15
121310,1,1.0,Slice (26 usable slices per loaf),28.00,g,3,2019-03-27,2024-08-15
121313,1,2.0,oz,57.00,g,3,2019-03-27,2023-04-27
121315,1,1.0,Bun,34.00,g,3,2019-03-27,2024-08-15
121319,1,1.0,Bun,57.00,g,3,2019-03-27,2024-08-15
121321,1,1.0,Roll,51.00,g,3,2019-03-27,2023-04-27
121323,1,1.8,oz,51.00,g,3,2019-03-27,2024-07-11
121324,1,1.0,Roll,142.00,g,3,2019-03-27,2023-04-27
121326,1,1.0,hoagie,198.00,g,3,2019-03-27,2023-06-29
121328,1,1.0,Dinner Roll,28.00,g,3,2019-03-27,2024-12-19
121329,1,3.0,oz,85.00,g,3,2019-03-27,2024-12-19
121333,1,3.0,oz,85.00,g,3,2019-03-27,2023-10-26
121334,1,1.0,Hoagie Roll,51.00,g,3,2021-04-01,2023-04-27
121335,1,3.0,oz,85.00,g,3,2019-03-27,2024-12-19
121336,1,3.0,oz,85.00,g,3,2019-03-27,2024-11-14
121337,1,1.0,Hoagie,184.00,g,3,2019-03-27,2023-08-31
121338,1,1.0,oz,28.00,g,3,2019-03-27,2024-12-19
121339,1,2.0,oz,57.00,g,3,2019-03-27,2024-12-19
121341,1,1.0,Dinner Roll,57.00,g,3,2019-03-27,2024-12-19
121342,1,2.0,oz,57.00,g,3,2019-03-27,2024-12-19
121352,1,1.0,Hoagie,184.00,g,3,2019-03-27,2023-10-26
121353,1,1.0,Hoagie,85.00,g,3,2019-03-27,2023-08-31
121356,1,1.0,Roll,57.00,g,3,2019-03-27,2023-02-16
121357,1,1.0,Bun,28.00,g,3,2019-03-27,2024-12-19
121359,1,2.0,oz,57.00,g,3,2019-03-27,2024-08-15
121360,1,2.0,oz,57.00,g,3,2019-03-27,2024-08-15
121361,1,2.0,oz,57.00,g,3,2019-03-27,2025-01-23
121362,1,1.5,oz,43.00,g,3,2019-03-27,2024-07-11
121363,1,1.0,Hot Dog Bun,51.00,g,3,2019-03-27,2024-08-15
121364,1,3.0,"Sticks, 3.3 oz",94.00,g,3,2019-03-27,2024-08-15
121365,1,2.0,Sticks,84.00,g,3,2021-04-01,2024-10-31
121366,1,2.0,Sticks,85.00,g,3,2019-03-27,2024-10-31
121367,1,1.0,Hamburger Bun,57.00,g,3,2019-03-27,2024-08-15
121368,1,3.0,"Sticks, 3.3 oz",94.00,g,3,2019-03-27,2024-08-15
121369,1,1.0,Sandwich,91.00,g,3,2021-04-01,2024-07-11
121370,1,1.0,French Toast Stick,42.00,g,3,2019-03-27,2024-08-15
121371,1,2.0,French Toast Sticks,85.00,g,3,2019-03-27,2024-08-15
121372,1,2.2,oz,62.00,g,3,2021-04-01,2024-08-15
121378,1,1.0,Hot Dog Bun,58.00,g,3,2019-03-27,2024-08-15
121382,1,1.0,Hamburger Bun,57.00,g,3,2021-04-01,2024-07-11
121388,1,1.8,oz,51.00,g,3,2019-03-27,2024-07-11
121390,1,1.0,Hamburger Bun,51.00,g,3,2021-04-01,2024-08-15
121392,1,1.5,oz,43.00,g,3,2019-03-27,2024-07-11
121393,1,1.0,Bread Stick,28.00,g,3,2019-03-27,2024-07-11
121394,1,1.1,oz,31.00,g,3,2019-03-27,2024-08-15
121395,1,1.0,Pack,31.00,g,3,2019-03-27,2024-07-11
121396,1,1.0,Pack,31.00,g,3,2019-03-27,2024-03-14
121398,1,1.8,oz,51.00,g,3,2019-03-27,2024-08-15
121401,1,0.8,oz,23.00,g,3,2019-03-27,2023-06-29
121407,1,1.0,Bagel,79.00,g,3,2021-04-01,2024-08-15
121408,1,3.0,oz,85.00,g,3,2019-03-27,2023-02-16
121412,1,1.0,Sandwich,92.00,g,3,2019-03-27,2024-08-15
121413,1,1.0,Sandwich,91.00,g,3,2019-03-27,2024-08-15
121414,1,1.0,Sandwich,147.00,g,3,2019-03-27,2022-09-15
121415,1,1.0,Sandwich,67.00,g,3,2019-03-27,2023-02-16
121416,1,1.0,sandwich,142.00,g,3,2019-03-27,2023-02-16
121417,1,1.0,Sandwich,128.00,g,3,2021-04-01,2022-09-15
121418,1,1.0,Sandwich,128.00,g,3,2021-04-01,2022-09-15
121419,1,1.0,Sandwich,133.00,g,3,2021-04-01,2022-09-15
121420,1,1.0,Sandwich,122.00,g,3,2021-04-01,2022-04-01
121421,1,1.0,Sandwich,142.00,g,3,2019-03-27,2022-09-15
121422,1,1.0,Sandwich,85.00,g,3,2019-03-27,2024-10-31
121423,1,1.0,Sandwich,71.00,g,3,2019-03-27,2024-10-31
121424,1,1.0,Sandwich 3.15 oz,89.00,g,3,2019-03-27,2024-08-15
121425,1,1.0,Sandwich 4.15 oz,118.00,g,3,2019-03-27,2024-08-15
121428,1,1.0,Sandwich,128.00,g,3,2021-04-01,2024-08-15
121429,1,2.8,oz,79.00,g,3,2019-03-27,2023-02-16
121431,1,1.0,Bagel,57.00,g,3,2019-03-27,2025-01-23
121432,1,1.0,Bagel,57.00,g,3,2019-03-27,2025-01-23
121438,1,1.0,Biscuit,57.00,g,3,2019-03-27,2024-08-15
121461,1,1.0,Croffin,113.00,g,3,2019-03-27,2025-01-23
121481,1,1.0,Roll,43.00,g,3,2019-03-27,2022-04-01
121491,1,5.0,French Toast Sticks,110.00,g,3,2019-03-27,2024-08-15
121492,1,1.0,bagel,57.00,g,3,2021-04-01,2025-01-23
121499,1,2.0,oz,57.00,g,3,2019-03-27,2024-08-15
121501,1,2.0,oz,57.00,g,3,2019-03-27,2024-08-15
121502,1,1.0,Biscuit,57.00,g,3,2019-03-27,2025-01-23
121505,1,1.0,Sandwich,71.00,g,3,2019-03-27,2024-10-31
121506,1,1.0,Biscuit,57.00,g,3,2019-03-27,2024-08-15
121507,1,1.6,oz,45.00,g,3,2019-03-27,2023-06-29
121508,1,2.0,oz,57.00,g,3,2019-03-27,2025-01-23
121509,1,1.0,bagel,57.00,g,3,2021-04-01,2025-01-23
121510,1,1.0,Bagel,57.00,g,3,2019-03-27,2025-01-23
121511,1,1.0,Bagel,57.00,g,3,2019-03-27,2025-01-23
121516,1,1.0,Bagel,57.00,g,3,2019-03-27,2025-01-23
121518,1,1.0,Dinner Roll,62.00,g,3,2019-03-27,2024-08-15
121520,1,1.0,oz,28.00,g,3,2019-03-27,2024-12-19
121521,1,1.0,Bagel,57.00,g,3,2019-03-27,2025-01-23
121522,1,1.0,oz,28.00,g,3,2019-03-27,2024-12-19
121523,1,5.0,MEATBALLS,79.38,g,3,2019-03-27,2024-12-19
121525,1,4.0,MEATBALLS,73.71,g,3,2019-03-27,2024-08-15
121526,1,4.0,MEATBALLS,77.10,g,3,2019-03-27,2024-08-15
121527,1,5.0,Meatballs,70.87,g,3,2019-03-27,2024-10-31
121531,1,1.0,serving,73.71,g,3,2019-03-27,2023-11-16
121533,1,1.0,serving,114.00,g,3,2019-03-27,2024-08-15
121534,1,6.0,oz,170.10,g,3,2019-03-27,2024-10-31
121536,1,4.8,oz,136.08,g,3,2019-03-27,2024-08-15
121537,1,5.58,oz.,158.19,g,3,2019-03-27,2024-11-14
121538,1,2.9,oz.,82.21,g,3,2019-03-27,2024-10-31
121539,1,3.45,OZ,97.81,g,3,2019-03-27,2024-10-31
121540,1,3.17,oz.,89.87,g,3,2019-03-27,2024-10-31
121543,1,2.89,oz.,81.93,g,3,2019-03-27,2024-08-15
121544,1,3.0,TBSP.,97.81,g,3,2019-03-27,2024-08-15
121545,1,2.71,oz.,76.83,g,3,2019-03-27,2024-10-31
121546,1,3.0,oz,89.87,g,3,2019-03-27,2024-10-31
121547,1,2.94,oz.,83.35,g,3,2019-03-27,2024-10-31
121548,1,1.0,serving,92.42,g,3,2019-03-27,2024-08-15
121549,1,4.6,oz.,130.41,g,3,2019-03-27,2024-11-14
121552,1,5.0,oz.,141.75,g,3,2019-03-27,2024-08-15
121555,1,4.0,oz.,172.93,g,3,2019-03-27,2025-01-23
121559,1,3.63,oz.,102.91,g,3,2019-03-27,2024-10-31
121563,1,5.91,oz.,167.55,g,3,2019-03-27,2024-08-15
121565,1,1.0,serving,170.10,g,3,2019-03-27,2024-12-19
121566,1,5.64,oz,159.89,g,3,2019-03-27,2024-10-31
121567,1,5.6,oz.,158.76,g,3,2019-03-27,2025-01-23
121568,1,7.44,oz,210.92,g,3,2019-03-27,2024-10-31
121569,1,7.44,oz,210.92,g,3,2019-03-27,2024-10-31
121575,1,2.46,oz.,69.74,g,3,2019-03-27,2024-08-15
121576,1,1.0,PATTY,35.44,g,3,2019-03-27,2024-08-15
121577,1,1.0,PATTY,37.71,g,3,2019-03-27,2024-08-15
121580,1,1.0,PATTY,70.90,g,3,2019-03-27,2024-08-15
121581,1,1.0,PATTY,62.37,g,3,2019-03-27,2024-08-15
121584,1,1.0,PATTY,69.50,g,3,2019-03-27,2024-08-15
121587,1,1.0,serving,61.52,g,3,2019-03-27,2023-06-29
121588,1,1.0,Patty,63.79,g,3,2019-03-27,2025-01-23
121589,1,1.0,PATTY,85.05,g,3,2019-03-27,2025-01-23
121591,1,1.0,PATTY,79.38,g,3,2019-03-27,2024-12-19
121592,1,1.0,PATTY,95.00,g,3,2019-03-27,2024-12-19
121593,1,1.0,PATTY,95.00,g,3,2019-03-27,2024-08-15
121594,1,3.5,oz.,99.22,g,3,2019-03-27,2023-11-16
121595,1,1.0,oz,28.35,g,3,2019-03-27,2023-11-16
121596,1,1.82,oz.,51.60,g,3,2019-03-27,2024-12-19
121598,1,1.82,oz,51.60,g,3,2019-03-27,2024-12-19
121600,1,1.0,serving,35.44,g,3,2019-03-27,2023-11-16
121601,1,1.9,oz.,53.87,g,3,2019-03-27,2024-11-14
121602,1,2.0,oz.,56.70,g,3,2019-03-27,2023-11-16
121603,1,2.0,TABLESPOONS,30.00,g,3,2019-03-27,2023-11-16
121604,1,1.83,ounces,51.88,g,3,2019-03-27,2024-12-19
121605,1,1.89,oz,53.58,g,3,2019-03-27,2024-10-31
121606,1,2.0,oz.,56.70,g,3,2019-03-27,2025-01-23
121607,1,1.79,oz,50.75,g,3,2019-03-27,2024-12-19
121608,1,2.0,oz,56.70,g,3,2019-03-27,2025-01-23
121609,1,6.0,oz.,170.10,g,3,2019-03-27,2023-11-16
121610,1,6.0,oz.,170.10,g,3,2019-03-27,2023-08-31
121611,1,6.0,oz.,170.09,g,3,2019-03-27,2023-11-16
121612,1,6.0,oz.,170.10,g,3,2019-03-27,2023-11-16
121613,1,6.0,oz.,170.10,g,3,2019-03-27,2023-11-16
121614,1,6.0,oz.,170.10,g,3,2019-03-27,2024-11-14
121615,1,6.0,oz,170.10,g,3,2019-03-27,2023-11-16
121616,1,6.0,oz,170.10,g,3,2019-03-27,2024-04-18
121617,1,6.0,oz.,170.09,g,3,2019-03-27,2023-11-16
121618,1,6.0,oz.,170.10,g,3,2019-03-27,2024-08-15
121619,1,1.0,serving,170.10,g,3,2019-03-27,2023-11-16
121621,1,1.0,serving,170.10,g,3,2019-03-27,2023-11-16
121622,1,1.0,serving,170.10,g,3,2019-03-27,2023-11-16
121623,1,6.0,oz,170.10,g,3,2019-03-27,2023-11-16
121624,1,5.83,oz.,165.28,g,3,2019-03-27,2024-10-31
121626,1,2.44,oz.,69.17,g,3,2019-03-27,2024-08-15
121628,1,4.0,Bites,48.76,g,3,2019-03-27,2023-11-16
121632,1,5.0,MEATBALLS,79.38,g,3,2019-03-27,2024-08-15
121634,1,4.0,MEATBALLS,73.71,g,3,2019-03-27,2024-08-15
121635,1,4.0,MEATBALLS,77.10,g,3,2019-03-27,2024-08-15
121636,1,5.0,MEATBALLS,70.87,g,3,2019-03-27,2024-10-31
121640,1,4.8,oz,136.08,g,3,2019-03-27,2024-08-15
121641,1,6.0,oz,170.10,g,3,2019-03-27,2024-08-15
121642,1,5.58,oz.,158.19,g,3,2019-03-27,2024-11-14
121644,1,3.17,oz.,89.87,g,3,2019-03-27,2024-10-31
121646,1,2.89,oz.,81.93,g,3,2019-03-27,2024-08-15
121647,1,2.71,oz.,76.83,g,3,2019-03-27,2024-08-15
121648,1,3.17,oz,89.87,g,3,2019-03-27,2024-08-15
121649,1,2.94,oz.,83.35,g,3,2019-03-27,2024-08-15
121651,1,4.6,oz.,130.41,g,3,2019-03-27,2024-11-14
121652,1,5.15,oz.,146.00,g,3,2019-03-27,2024-10-31
121657,1,3.63,oz.,102.91,g,3,2019-03-27,2024-10-31
121658,1,1.0,serving,226.80,g,3,2019-03-27,2024-08-15
121659,1,1.0,serving,226.80,g,3,2019-03-27,2024-12-19
121661,1,5.91,oz.,167.55,g,3,2019-03-27,2024-11-14
121663,1,5.64,oz.,159.89,g,3,2019-03-27,2024-10-31
121664,1,5.6,oz.,158.76,g,3,2019-03-27,2025-01-23
121665,1,7.44,oz,210.92,g,3,2019-03-27,2024-10-31
121666,1,7.44,oz,210.92,g,3,2019-03-27,2024-10-31
121669,1,2.5,oz.,70.87,g,3,2019-03-27,2024-08-15
121678,1,1.0,PATTY,35.44,g,3,2019-03-27,2024-08-15
121679,1,1.0,PATTY,37.71,g,3,2019-03-27,2024-08-15
121682,1,1.0,PATTY,70.90,g,3,2019-03-27,2024-08-15
121683,1,1.0,PATTY,62.37,g,3,2019-03-27,2024-08-15
121686,1,1.0,PATTY,69.50,g,3,2019-03-27,2024-08-15
121690,1,2.17,oz.,61.52,g,3,2019-03-27,2024-08-15
121691,1,1.0,PATTY,63.79,g,3,2019-03-27,2025-01-23
121692,1,1.0,PATTY,85.05,g,3,2019-03-27,2024-08-15
121693,1,1.0,PATTY,79.00,g,3,2019-03-27,2024-12-19
121694,1,1.0,PATTY,95.00,g,3,2019-03-27,2024-12-19
121695,1,1.0,PATTY,95.00,g,3,2019-03-27,2024-08-15
121696,1,5.83,oz.,165.28,g,3,2019-03-27,2024-10-31
121699,1,2.44,oz.,69.17,g,3,2019-03-27,2024-08-15
121766,1,1.0,Calzone,155.00,g,3,2019-03-31,2022-04-01
121767,1,1.0,Calzone,155.00,g,3,2019-03-31,2023-06-29
121768,1,1.0,Calzone,155.00,g,3,2019-03-31,2023-06-29
121769,1,1.0,Calzone,155.00,g,3,2019-03-31,2023-06-29
121773,1,1.0,Bowl,113.00,g,3,2019-03-31,2023-06-29
121774,1,1.0,Bowl,113.00,g,3,2019-03-31,2023-06-29
121775,1,1.0,Calzone,156.00,g,3,2019-03-31,2023-06-29
121776,1,1.0,Bowl,113.00,g,3,2019-03-31,2023-06-29
121778,1,1.0,Muffin,85.00,g,3,2019-03-31,2023-11-16
121780,1,1.0,Muffin,51.00,g,3,2019-03-31,2023-11-16
121781,1,1.0,Muffin,85.00,g,3,2019-03-31,2023-04-27
121783,1,1.0,Cookie,34.00,g,3,2019-03-31,2023-06-29
121784,1,1.0,Cookie,34.00,g,3,2019-03-31,2023-11-16
121785,1,1.0,Cookie,52.00,g,3,2019-03-31,2023-11-16
121789,1,1.0,Empanada,91.00,g,3,2019-03-31,2023-06-29
121790,1,1.0,Bowl,108.00,g,3,2019-03-31,2023-06-29
121791,1,1.0,Bowl,108.00,g,3,2019-03-31,2023-11-16
121792,1,1.0,Bowl,108.00,g,3,2019-03-31,2023-08-31
121868,1,1.0,Bar (1.3oz),37.00,g,3,2019-04-01,2023-02-16
121869,1,1.0,Bar (1.3 oz),36.00,g,3,2019-04-01,2023-04-27
121878,1,0.125,Pizza,145.00,g,3,2019-04-02,2024-12-19
121879,1,0.125,Pizza,145.00,g,3,2019-04-02,2024-12-19
121887,1,1.0,Pizza,141.00,g,3,2019-04-02,2024-02-01
121893,1,1.0,Stick,28.00,g,3,2019-04-01,2024-12-19
121896,1,1.0,COOKIE,43.00,g,3,2019-04-01,2024-08-15
121908,1,4.0,pieces,113.00,g,3,2019-04-02,2024-10-31
121909,1,1.0,PIECE,102.00,g,3,2019-04-02,2024-07-11
121941,1,2.73,oz,77.00,g,3,2020-02-21,2024-08-15
121943,1,2.06,oz,58.00,g,3,2020-02-21,2023-07-13
121954,1,2.0,Waffles,40.00,g,3,2020-02-21,2023-03-16
121955,1,2.0,Waffles,40.00,g,3,2020-02-21,2023-04-27
121956,1,1.0,Serving,37.00,g,3,2020-02-21,2023-06-29
121957,1,1.0,Pancake,37.00,g,3,2020-02-21,2023-06-29
121958,1,1.0,pancake,37.00,g,3,2020-02-21,2023-04-27
121959,1,2.0,pancakes,74.00,g,3,2020-02-21,2023-02-16
121961,1,2.0,Waffles,74.00,g,3,2020-02-21,2023-02-16
121962,1,1.0,Donut,78.00,g,3,2020-02-21,2023-04-27
121963,1,1.0,Donut,78.00,g,3,2020-02-21,2023-04-27
121965,1,1.0,Cornbread Bowl,71.00,g,3,2020-02-21,2024-08-15
121966,1,1.0,Pack,28.00,g,3,2020-02-21,2025-01-23
121972,1,1.0,Sandwich,68.00,g,3,2020-02-21,2024-08-15
121985,1,2.0,Pack Hamburger Sliders,119.00,g,3,2021-04-01,2023-06-29
121986,1,2.0,Pack Cheeseburger Sliders,133.00,g,3,2021-04-01,2022-09-15
121987,1,2.0,Pack Hamburger Sliders,119.00,g,3,2021-04-01,2023-02-16
121988,1,2.0,Pack Cheeseburger Sliders,133.00,g,3,2021-04-01,2024-03-14
121989,1,3.0,French Toast Sticks,100.00,g,3,2020-02-21,2024-08-15
121990,1,1.0,Sandwich,81.00,g,3,2021-04-01,2024-10-31
121992,1,1.0,Muffin,113.00,g,3,2020-02-21,2024-08-15
121993,1,1.0,oz,28.00,g,3,2020-02-21,2023-02-16
121994,1,1.0,oz,28.00,g,3,2020-02-21,2023-02-16
122011,1,2.0,slices,28.00,g,3,2020-02-21,2023-03-16
122013,1,28.0,g,28.00,g,3,2020-02-21,2024-08-15
122016,1,28.0,g,28.00,g,3,2020-02-21,2024-08-15
122017,1,28.0,g,28.00,g,3,2020-02-21,2024-08-15
122018,1,28.0,g,28.00,g,3,2020-02-21,2024-08-15
122019,1,28.0,g,28.00,g,3,2020-02-21,2024-08-15
122020,1,28.0,g,28.00,g,3,2020-02-21,2024-08-15
122023,1,28.0,g,28.00,g,3,2020-02-21,2023-10-26
122024,1,28.0,g,28.00,g,3,2020-02-21,2024-08-15
122025,1,1.0,slice,22.00,g,3,2020-02-21,2024-08-15
122027,1,1.0,slice,22.00,g,3,2020-02-21,2024-08-15
122028,1,1.0,slice,22.00,g,3,2020-02-21,2024-08-15
122029,1,1.0,slice,22.00,g,3,2020-02-21,2024-08-15
122031,1,28.0,g,28.00,g,3,2020-02-21,2023-10-26
122032,1,28.0,g,28.00,g,3,2020-02-21,2024-08-15
122036,1,28.0,g,28.00,g,3,2020-02-21,2024-08-15
122037,1,28.0,g,28.00,g,3,2020-02-21,2024-08-15
122039,1,28.0,g,28.00,g,3,2020-02-21,2024-08-15
122040,1,1.0,Pocket,154.00,g,3,2020-02-21,2023-06-29
122041,1,1.0,Pocket,168.00,g,3,2020-02-21,2023-11-16
122042,1,1.0,Pocket,154.00,g,3,2021-04-01,2023-04-27
122052,1,1.0,Muffin,51.00,g,3,2021-04-01,2023-11-16
122063,1,1.0,Cookie,43.00,g,3,2020-02-21,2023-01-26
122065,1,1.0,Brookee,43.00,g,3,2020-02-21,2023-06-29
122068,1,1.0,Muffin,85.00,g,3,2020-02-21,2023-06-29
122070,1,1.0,Muffin,51.00,g,3,2020-02-21,2023-04-27
122075,1,1.0,Bowl,108.00,g,3,2020-02-21,2023-06-29
122076,1,1.0,Bowl,108.00,g,3,2020-02-21,2023-08-31
122077,1,1.0,Amount per serving,240.00,ml,3,2021-04-01,2024-12-19
122079,1,1.0,Amount per serving,240.00,ml,3,2021-04-01,2023-08-31
122080,1,1.0,Amount per serving,21.00,g,3,2021-04-01,2024-07-11
122081,1,1.0,PER SERVING,206.00,g,3,2020-02-21,2024-07-11
122089,1,1.0,Amount per serving,28.00,g,3,2021-04-01,2024-07-11
122090,1,1.0,Amount per serving,28.00,g,3,2021-04-01,2024-07-11
122092,1,1.0,Amount per serving,240.00,ml,3,2021-04-01,2023-06-29
122096,1,1.0,Amount per serving,120.00,ml,3,2020-02-21,2024-07-11
122109,1,5.75,ounces,163.00,g,3,2020-02-21,2024-05-16
122110,1,5.9,ounces,167.00,g,3,2020-02-21,2024-05-16
122111,1,2.0,OZ,57.00,g,3,2020-02-21,2023-08-31
122112,1,2.0,OZ,57.00,g,3,2020-02-21,2024-07-11
122113,1,8.9,ounces,252.00,g,3,2020-02-21,2024-05-16
122114,1,4.4,ounces,125.00,g,3,2020-02-21,2024-05-16
122115,1,6.0,ounces,170.00,g,3,2020-02-21,2024-05-16
122116,1,10.33,ounces,292.00,g,3,2020-02-21,2024-07-11
122117,1,11.0,ounces,311.00,g,3,2020-02-21,2024-07-11
122118,1,7.4,ounces,209.00,g,3,2020-02-21,2024-05-16
122120,1,6.32,ounces,179.00,g,3,2021-04-01,2024-05-16
122123,1,1.0,ounces,28.00,g,3,2020-02-21,2024-05-16
122124,1,4.3,g,122.00,g,3,2020-02-21,2023-10-26
122125,1,4.0,g,113.00,g,3,2020-02-21,2023-10-26
122126,1,4.1,g,116.00,g,3,2020-02-21,2023-10-26
122127,1,4.56,g,129.00,g,3,2020-02-21,2023-10-26
122128,1,4.5,g,127.00,g,3,2020-02-21,2023-04-27
122129,1,2.0,oz,57.00,g,3,2020-02-21,2023-04-27
122130,1,7.6,ounces,215.00,g,3,2020-02-21,2024-05-16
122131,1,7.6,Ounces,215.00,g,3,2020-02-21,2024-05-16
122132,1,1.1,ounces,31.00,g,3,2020-02-21,2024-05-16
122133,1,3.9,ounces,110.00,g,3,2020-02-21,2024-05-16
122134,1,3.9,ounces,111.00,g,3,2020-02-21,2024-05-16
122135,1,1.0,serving,114.00,g,3,2020-02-21,2024-08-15
122136,1,1.0,serving,103.48,g,3,2020-02-21,2024-08-15
122225,1,3.0,oz. cup,85.00,g,3,2020-02-21,2024-08-15
122226,1,1.33,oz box,37.24,g,3,2021-04-01,2023-05-25
122227,1,0.8,oz bag,23.00,g,3,2020-02-21,2024-08-15
122230,1,3.0,oz. cup,85.00,g,3,2020-02-21,2024-12-19
122243,1,0.167,Pizza,157.00,g,3,2020-02-21,2024-12-19
122244,1,1.0,Pizza,141.00,g,3,2020-02-21,2024-02-01
122245,1,0.5,Cup,125.00,g,3,2020-02-21,2024-12-19
122255,1,1.0,Slice,85.60,g,3,2020-02-21,2023-10-26
122266,1,1.0,PIECE,57.00,g,3,2020-02-21,2023-08-31
122267,1,3.0,pieces,113.00,g,3,2020-02-21,2024-07-11
122268,1,3.0,pieces,113.00,g,3,2020-02-21,2024-06-13
122271,1,3.15,oz.,88.00,g,3,2020-03-20,2023-10-26
122348,1,3.0,oz,85.00,g,3,2021-04-01,2023-02-16
122349,1,8.0,bites 3 oz,85.00,g,3,2021-04-01,2024-07-11
122350,1,1.0,package,31.00,g,3,2021-04-01,2024-08-15
122351,1,1.0,Muffin,51.00,g,3,2021-04-01,2024-08-15
122353,1,1.0,Breakfast Bun,91.00,g,3,2021-04-01,2024-08-15
122354,1,1.0,Snack Bar,34.00,g,3,2021-04-01,2023-06-29
122355,1,1.0,Snack Bar,34.00,g,3,2021-04-01,2024-09-13
122356,1,1.0,Snack Bar,34.00,g,3,2021-04-01,2023-02-16
122357,1,1.0,Snack Bar,34.00,g,3,2021-04-01,2024-07-11
122358,1,1.0,oz. portion,28.00,g,3,2021-04-01,2023-06-29
122359,1,1.0,Pack,28.00,g,3,2021-04-01,2025-01-23
122360,1,1.0,Pack,57.00,g,3,2021-04-01,2024-08-15
122361,1,1.0,Pack,57.00,g,3,2021-04-01,2025-01-23
122362,1,1.0,Pack,57.00,g,3,2021-04-01,2025-01-23
122363,1,1.0,oz. portion,28.00,g,3,2021-04-01,2023-06-29
122364,1,1.0,Muffin,69.00,g,3,2021-04-01,2023-04-27
122365,1,1.0,Breakfast Bun,65.00,g,3,2021-04-01,2023-02-16
122366,1,1.0,Donut,65.00,g,3,2021-04-01,2023-04-27
122367,1,1.0,Breakfast Bun,80.00,g,3,2021-04-01,2023-04-27
122368,1,1.0,Muffin,84.00,g,3,2021-04-01,2023-04-27
122369,1,2.0,Slices,57.00,g,3,2021-04-01,2024-08-15
122370,1,1.0,Roll,54.00,g,3,2021-04-01,2025-01-23
122371,1,1.0,Hoagie Roll,57.00,g,3,2021-04-01,2023-02-16
122372,1,1.0,Dinner Roll,28.00,g,3,2021-04-01,2023-04-27
122373,1,1.0,Dinner Roll,57.00,g,3,2021-04-01,2023-04-27
122385,1,1.0,Sandwich,126.00,g,3,2021-04-01,2024-08-15
122386,1,1.0,Sandwich,94.00,g,3,2021-04-01,2022-09-15
122387,1,1.0,Sandwich,99.00,g,3,2021-04-01,2023-04-27
122391,1,1.0,Sandwich,122.00,g,3,2021-04-01,2023-04-27
122392,1,1.0,Sandwich,113.00,g,3,2021-04-01,2023-02-16
122393,1,1.0,Cheeseburger,128.00,g,3,2021-04-01,2022-09-15
122394,1,1.0,Sandwich,131.00,g,3,2021-04-01,2023-02-16
122395,1,1.0,Sandwich,119.00,g,3,2021-04-01,2024-08-15
122409,1,1.0,Amount per serving,21.00,g,3,2021-04-01,2024-07-11
122417,1,2.0,g,57.00,g,3,2021-04-01,2023-04-27
122420,1,8.18,ounces,232.00,g,3,2021-04-01,2024-07-11
122421,1,11.65,oz,330.00,g,3,2021-04-01,2023-10-26
122423,1,11.5,ounces,326.00,g,3,2021-04-01,2024-10-31
122424,1,6.15,oz,172.20,g,3,2021-04-01,2023-06-29
122425,1,6.45,ounces,182.00,g,3,2021-04-01,2024-05-16
122426,1,6.66,ounces,188.00,g,3,2021-04-01,2024-05-16
122427,1,6.17,ounces,175.00,g,3,2021-04-01,2024-05-16
122428,1,6.32,ounces,179.00,g,3,2021-04-01,2024-05-16
122429,1,6.7,ounces,189.00,g,3,2021-04-01,2024-05-16
122430,1,8.5,oz,241.00,g,3,2021-04-01,2023-04-27
122431,1,9.5,g,269.00,g,3,2021-04-01,2023-06-29
122432,1,10.0,oz,245.00,g,3,2021-04-01,2023-06-29
122433,1,8.69,oz,245.00,g,3,2021-04-01,2023-04-27
122434,1,10.65,oz,298.20,g,3,2021-04-01,2023-08-31
122435,1,12.7,ounces,360.00,g,3,2021-04-01,2024-02-01
122436,1,1.0,Kit,382.70,g,3,2021-04-01,2023-06-29
122437,1,12.4,oz,351.50,g,3,2021-04-01,2023-06-29
122438,1,13.4,oz,380.00,g,3,2021-04-01,2023-06-29
122440,1,12.5,ounces,354.00,g,3,2021-04-01,2024-07-11
122441,1,12.82,ounces,363.00,g,3,2021-04-01,2024-07-11
122442,1,11.5,ounces,326.00,g,3,2021-04-01,2024-07-11
122443,1,9.33,oz,264.00,g,3,2021-04-01,2023-04-27
122444,1,9.43,ounces,267.00,g,3,2021-04-01,2024-07-11
122445,1,10.0,ounces,283.00,g,3,2021-04-01,2024-07-11
122446,1,6.1,ounces,173.00,g,3,2021-04-01,2024-05-16
122447,1,6.1,g,173.00,g,3,2021-04-01,2023-08-31
122448,1,5.75,oz,163.00,g,3,2021-04-01,2024-05-16
122449,1,6.1,ounces,173.00,g,3,2021-04-01,2024-05-16
122450,1,6.1,ounces,173.00,g,3,2021-04-01,2024-05-16
122451,1,6.1,oz,170.80,g,3,2021-04-01,2023-08-31
122452,1,5.9,oz,165.20,g,3,2021-04-01,2023-06-29
122453,1,5.9,ounces,167.00,g,3,2021-04-01,2024-05-16
122454,1,6.4,ounces,181.00,g,3,2021-04-01,2024-05-16
122455,1,6.66,ounces,188.00,g,3,2021-04-01,2024-05-16
122456,1,6.52,ounces,184.00,g,3,2021-04-01,2024-02-01
122457,1,3.41,ounces,96.00,g,3,2021-04-01,2024-05-16
122458,1,7.8,ounces,221.00,g,3,2021-04-01,2024-05-16
122459,1,7.65,ounces,216.00,g,3,2021-04-01,2024-05-16
122460,1,6.75,ounces,191.00,g,3,2021-04-01,2024-05-16
122461,1,7.85,ounces,222.00,g,3,2021-04-01,2024-05-16
122462,1,12.9,OZ,365.00,g,3,2021-04-01,2023-04-27
122463,1,12.85,ounces,364.00,g,3,2021-04-01,2024-05-16
122464,1,12.9,ounces,365.00,g,3,2021-04-01,2024-05-16
122488,1,4.5,oz. cup,128.00,g,3,2021-04-01,2024-08-15
122493,1,0.75,oz bag,21.00,g,3,2021-04-01,2024-07-11
122494,1,0.75,oz. pouch,21.00,g,3,2021-04-01,2024-07-11
122495,1,0.75,oz. pouch,21.00,g,3,2021-04-01,2024-08-15
122533,1,1.0,Piece,126.00,g,3,2021-04-01,2023-10-26
122534,1,1.0,Piece,126.00,g,3,2021-04-01,2023-10-26
122535,1,1.0,Piece,126.00,g,3,2021-04-01,2023-10-26
122546,1,1.0,Empanada,146.00,g,3,2021-04-01,2023-04-27
122547,1,1.0,Pocket,154.00,g,3,2021-04-01,2023-04-27
122548,1,1.0,Calzone,155.00,g,3,2021-04-01,2023-03-16
122549,1,1.0,Calzone,155.00,g,3,2021-04-01,2023-03-16
122551,1,1.0,Calzone,155.00,g,3,2021-04-01,2023-06-29
122552,1,1.0,Cookie,43.00,g,3,2021-04-01,2023-01-26
122554,1,2.0,ounces,56.00,g,3,2021-04-01,2023-06-29
122555,1,1.0,Cowboy Bread,96.00,g,3,2021-04-01,2023-06-29
122558,1,4.0,pieces,113.00,g,3,2021-04-01,2024-08-15
122560,1,0.5,cup,85.00,g,3,2021-04-01,2024-07-11
122630,1,1.0,Bar,34.00,g,3,2021-04-01,2024-02-01
122631,1,1.0,bag,25.20,g,3,2021-04-01,2023-04-27
122632,1,1.0,bag,25.20,g,3,2021-04-01,2023-04-27
122636,1,1.0,Bar,33.60,g,3,2021-04-01,2023-04-27
122637,1,1.0,Bar,33.60,g,3,2021-04-01,2023-04-27
122638,1,1.0,Pack,28.00,g,3,2021-04-01,2023-04-27
122639,1,1.0,Pack,28.00,g,3,2021-04-01,2023-04-27
122640,1,1.0,Pack,28.00,g,3,2021-04-01,2023-04-27
122641,1,1.0,Pack,28.00,g,3,2021-04-01,2023-04-27
122644,1,1.0,Cookie,39.20,g,3,2021-04-01,2023-04-27
122645,1,1.0,Cookie,39.20,g,3,2021-04-01,2023-04-27
122646,1,1.0,Bar,67.20,g,3,2021-04-01,2023-05-25
122647,1,1.0,Bar,67.20,g,3,2021-04-01,2023-04-27
122648,1,1.0,Bar,67.20,g,3,2021-04-01,2023-04-27
122649,1,1.0,Bar,67.20,g,3,2021-04-01,2023-04-27
122650,1,1.0,Bar,67.20,g,3,2021-04-01,2023-05-25
122651,1,1.0,Pack,25.20,g,3,2021-04-01,2023-04-27
122653,1,1.0,Pack,28.00,g,3,2021-04-01,2023-04-27
122684,1,0.25,cup,60.00,g,3,2021-04-01,2023-05-25
122707,1,1.0,serving,106.31,g,3,2021-04-01,2024-10-31
122708,1,1.0,frozen juice cup,132.00,ml,3,2021-04-01,2024-12-19
122709,1,1.0,frozen juice cup,132.00,ml,3,2021-04-01,2024-12-19
122710,1,1.0,frozen juice cup,132.00,ml,3,2021-04-01,2024-08-15
122711,1,1.0,frozen juice cup,132.00,ml,3,2021-04-01,2023-03-23
122712,1,1.0,frozen juice cup,132.00,ml,3,2021-04-01,2024-12-19
122713,1,1.0,frozen juice cup,132.00,ml,3,2021-04-01,2024-08-15
122714,1,1.0,frozen juice cup,132.00,ml,3,2021-04-01,2024-08-15
122715,1,1.0,frozen juice cup,132.00,ml,3,2021-04-01,2024-08-15
122716,1,1.0,frozen juice cup,132.00,ml,3,2021-04-01,2024-08-15
122717,1,1.0,frozen juice cup,132.00,ml,3,2021-04-01,2024-08-15
122718,1,3.71,ounce,105.00,g,3,2021-04-01,2023-06-29
122719,1,3.67,ounces,104.04,g,3,2021-04-01,2025-01-23
122722,1,5.38,oz.,153.00,g,3,2021-04-01,2023-06-29
122723,1,5.08,ounces,144.08,g,3,2021-04-01,2023-06-29
122724,1,5.08,OUNCES,144.02,g,3,2021-04-01,2023-06-29
122725,1,7.03,oz.,199.30,g,3,2021-04-01,2023-06-29
123144,1,4.0,ROLLS,113.00,g,3,2021-04-01,2023-06-29
123146,1,1.0,Bag,64.00,g,3,2021-04-01,2023-06-29
123169,1,1.0,PER SERVING,206.00,g,3,2022-04-01,2024-07-11
123170,1,1.0,Amount/serving,206.00,g,3,2022-04-01,2024-07-11
123173,1,1.0,Amount per serving,217.00,g,3,2022-04-01,2024-07-11
123174,1,1.0,Amount per serving,208.00,g,3,2022-04-01,2024-07-11
123178,1,1.0,Amount per serving,120.00,ml,3,2022-04-01,2023-10-26
123180,1,1.0,Amount per serving,120.00,ml,3,2022-04-01,2023-05-25
123181,1,1.0,Amount per serving,120.00,ml,3,2022-04-01,2023-03-16
123182,1,1.0,Amount per serving,120.00,ml,3,2022-04-01,2023-03-16
123189,1,1.0,Amount per serving,120.00,ml,3,2022-04-01,2024-07-11
123198,1,1.0,Piece,126.00,g,3,2022-04-01,2024-12-19
123200,1,0.125,Pizza,157.00,g,3,2022-04-01,2024-12-19
123202,1,1.0,Portion,80.00,g,3,2022-04-01,2024-02-01
123203,1,1.0,Portion,79.00,g,3,2022-04-01,2024-02-01
123204,1,1.0,Calzone,154.00,g,3,2022-04-01,2023-04-27
123205,1,1.0,Muffin,71.00,g,3,2022-04-01,2023-01-26
123210,1,1.0,Tray,213.00,g,3,2022-04-01,2023-09-14
123211,1,1.0,PITA,57.00,g,3,2022-04-01,2024-12-19
123212,1,1.0,PITA,56.00,g,3,2022-04-01,2023-08-31
123213,1,0.25,cup,44.00,g,3,2022-04-01,2024-12-19
123214,1,100.0,Gram,100.00,g,3,2022-04-01,2024-12-19
123215,1,1.0,Biscuit,28.00,g,3,2022-04-01,2023-04-27
123216,1,1.94,ounce,55.00,g,3,2022-04-01,2023-04-27
123217,1,1.0,BAG,43.00,g,3,2022-04-01,2023-06-29
123218,1,4.0,Piece,91.00,g,3,2022-04-01,2024-09-13
123219,1,1.0,LINK,21.00,g,3,2022-04-01,2024-12-19
123220,1,3.0,Piece,94.00,g,3,2022-04-01,2024-10-31
123221,1,1.0,PIECE,89.00,g,3,2022-04-01,2024-10-31
123222,1,1.0,Bar,34.00,g,3,2022-04-01,2022-04-01
123223,1,1.0,Bagel,113.00,g,3,2022-04-01,2023-04-27
123224,1,1.0,Bagel,113.00,g,3,2022-04-01,2023-04-27
123225,1,1.0,bagel,113.00,g,3,2022-04-01,2023-04-27
123228,1,0.5,cup,130.00,g,3,2022-04-01,2023-05-25
123229,1,1.0,Biscuit,62.00,g,3,2022-04-01,2025-01-23
123230,1,1.0,Bread Stick,51.00,g,3,2022-04-01,2024-02-15
123231,1,0.5,cup,130.00,g,3,2022-04-01,2025-01-23
123232,1,0.5,cup,130.00,g,3,2022-04-01,2025-01-23
123233,1,0.5,cup,130.00,g,3,2022-04-01,2025-01-23
123234,1,0.5,cup,130.00,g,3,2022-04-01,2025-01-23
123235,1,0.5,cup,130.00,g,3,2022-04-01,2025-01-23
123237,1,0.5,cup,130.00,g,3,2022-04-01,2025-01-23
123238,1,0.5,cup,130.00,g,3,2022-04-01,2025-01-23
123240,1,0.5,cup,130.00,g,3,2022-04-01,2024-12-19
123241,1,0.5,cup,130.00,g,3,2022-04-01,2025-01-23
123243,1,0.5,cup,130.00,g,3,2022-04-01,2025-01-23
123244,1,0.5,cup,130.00,g,3,2022-04-01,2025-01-23
123245,1,0.5,cup,130.00,g,3,2022-04-01,2025-01-23
123246,1,0.5,cup,130.00,g,3,2022-04-01,2025-01-23
123247,1,0.5,cup,130.00,g,3,2022-04-01,2025-01-23
123248,1,0.5,cup,130.00,g,3,2022-04-01,2025-01-23
123249,1,0.5,cup,130.00,g,3,2022-04-01,2025-01-23
123250,1,0.5,cup,130.00,g,3,2022-04-01,2024-12-19
123251,1,0.5,cup,130.00,g,3,2022-04-01,2025-01-23
123252,1,0.5,cup,130.00,g,3,2022-04-01,2025-01-23
123253,1,0.5,cup,130.00,g,3,2022-04-01,2024-05-16
123254,1,0.5,cup,130.00,g,3,2022-04-01,2025-01-23
123255,1,0.5,cup,130.00,g,3,2022-04-01,2025-01-23
123256,1,0.5,cup,130.00,g,3,2022-04-01,2025-01-23
123257,1,1.0,cup,235.00,g,3,2022-04-01,2025-01-23
123258,1,0.5,cup,130.00,g,3,2022-04-01,2025-01-23
123260,1,0.5,cup,130.00,g,3,2022-04-01,2025-01-23
123261,1,0.5,cup,130.00,g,3,2022-04-01,2025-01-23
123262,1,0.5,cup,130.00,g,3,2022-04-01,2025-01-23
123263,1,0.5,cup,130.00,g,3,2022-04-01,2025-01-23
123266,1,0.5,cup,130.00,g,3,2022-04-01,2025-01-23
123267,1,0.5,cup,130.00,g,3,2022-04-01,2025-01-23
123268,1,0.5,cup,130.00,g,3,2022-04-01,2025-01-23
123269,1,0.5,cup,130.00,g,3,2022-04-01,2025-01-23
123270,1,0.5,cup,130.00,g,3,2022-04-01,2025-01-23
123271,1,0.5,cup,130.00,g,3,2022-04-01,2025-01-23
123272,1,0.5,cup,130.00,g,3,2022-04-01,2025-01-23
123273,1,0.5,cup,130.00,g,3,2022-04-01,2025-01-23
123274,1,0.5,cup,130.00,g,3,2022-04-01,2024-12-19
123275,1,1.0,cup,235.00,g,3,2022-04-01,2025-01-23
123276,1,0.5,cup,130.00,g,3,2022-04-01,2024-05-16
123277,1,0.5,cup,130.00,g,3,2022-04-01,2025-01-23
123278,1,0.5,cup,130.00,g,3,2022-04-01,2025-01-23
123279,1,0.5,cup,130.00,g,3,2022-04-01,2025-01-23
123280,1,0.5,cup,130.00,g,3,2022-04-01,2025-01-23
123281,1,0.5,cup,130.00,g,3,2022-04-01,2025-01-23
123282,1,0.5,cup,130.00,g,3,2022-04-01,2025-01-23
123283,1,0.5,cup,130.00,g,3,2022-04-01,2025-01-23
123284,1,0.5,cup,130.00,g,3,2022-04-01,2023-10-26
123285,1,0.5,Cup,130.00,g,3,2022-04-01,2025-01-23
123286,1,0.5,cup,130.00,g,3,2022-04-01,2025-01-23
123287,1,0.5,cup,130.00,g,3,2022-04-01,2025-01-23
123288,1,0.5,cup,130.00,g,3,2022-04-01,2025-01-23
123289,1,0.5,cup,130.00,g,3,2022-04-01,2025-01-23
123290,1,0.5,cup,130.00,g,3,2022-04-01,2025-01-23
123291,1,0.5,cup,130.00,g,3,2022-04-01,2025-01-23
123292,1,0.5,cup,130.00,g,3,2022-04-01,2025-01-23
123293,1,0.5,cup,130.00,g,3,2022-04-01,2025-01-23
123294,1,0.5,cup,130.00,g,3,2022-04-01,2025-01-23
123295,1,0.5,cup,130.00,g,3,2022-04-01,2023-06-29
123296,1,0.5,cup,130.00,g,3,2022-04-01,2025-01-23
123297,1,0.5,cup,130.00,g,3,2022-04-01,2025-01-23
123298,1,0.5,cup,130.00,g,3,2022-04-01,2025-01-23
123299,1,0.5,cup,130.00,g,3,2022-04-01,2025-01-23
123300,1,0.5,cup,130.00,g,3,2022-04-01,2025-01-23
123301,1,0.5,cup,130.00,g,3,2022-04-01,2025-01-23
123302,1,0.5,Cup,130.00,g,3,2022-04-01,2025-01-23
123303,1,0.5,cup,130.00,g,3,2022-04-01,2025-01-23
123304,1,0.5,cup,130.00,g,3,2022-04-01,2025-01-23
123305,1,0.5,cup,130.00,g,3,2022-04-01,2025-01-23
123306,1,0.5,cup,130.00,g,3,2022-04-01,2025-01-23
123307,1,0.5,cup,130.00,g,3,2022-04-01,2025-01-23
123308,1,0.5,cup,130.00,g,3,2022-04-01,2025-01-23
123309,1,1.0,cup,235.00,g,3,2022-04-01,2025-01-23
123310,1,0.5,cup,130.00,g,3,2022-04-01,2025-01-23
123311,1,0.5,cup,130.00,g,3,2022-04-01,2025-01-23
123312,1,0.5,cup,130.00,g,3,2022-04-01,2025-01-23
123313,1,0.5,cup,130.00,g,3,2022-04-01,2025-01-23
123314,1,0.5,cup,130.00,g,3,2022-04-01,2025-01-23
123315,1,0.5,cup,130.00,g,3,2022-04-01,2025-01-23
123316,1,0.5,cup,130.00,g,3,2022-04-01,2025-01-23
123317,1,0.5,cup,130.00,g,3,2022-04-01,2025-01-23
123318,1,0.5,cup,130.00,g,3,2022-04-01,2025-01-23
123319,1,0.5,cup,130.00,g,3,2022-04-01,2025-01-23
123320,1,0.5,cup,130.00,g,3,2022-04-01,2025-01-23
123321,1,0.5,cup,130.00,g,3,2022-04-01,2025-01-23
123322,1,0.5,cup,130.00,g,3,2022-04-01,2025-01-23
123323,1,0.5,cup,130.00,g,3,2022-04-01,2024-12-19
123324,1,0.5,cup,130.00,g,3,2022-04-01,2025-01-23
123325,1,0.5,cup,130.00,g,3,2022-04-01,2025-01-23
123326,1,0.5,cup,130.00,g,3,2022-04-01,2025-01-23
123327,1,0.5,cup,130.00,g,3,2022-04-01,2025-01-23
123328,1,0.5,cup,130.00,g,3,2022-04-01,2025-01-23
123329,1,0.5,cup,130.00,g,3,2022-04-01,2025-01-23
123330,1,0.5,cup,130.00,g,3,2022-04-01,2025-01-23
123331,1,0.5,cup,130.00,g,3,2022-04-01,2025-01-23
123332,1,0.5,cup,130.00,g,3,2022-04-01,2025-01-23
123333,1,0.5,cup,130.00,g,3,2022-04-01,2025-01-23
123334,1,0.5,cup,130.00,g,3,2022-04-01,2025-01-23
123335,1,0.5,cup,130.00,g,3,2022-04-01,2025-01-23
123337,1,0.5,cup,130.00,g,3,2022-04-01,2025-01-23
123338,1,0.5,cup,130.00,g,3,2022-04-01,2025-01-23
123339,1,0.5,cup,130.00,g,3,2022-04-01,2025-01-23
123340,1,0.5,cup,130.00,g,3,2022-04-01,2025-01-23
123341,1,0.5,cup,130.00,g,3,2022-04-01,2024-05-16
123342,1,0.5,cup,130.00,g,3,2022-04-01,2025-01-23
123343,1,0.5,cup,130.00,g,3,2022-04-01,2025-01-23
123344,1,0.5,cup,130.00,g,3,2022-04-01,2025-01-23
123345,1,0.5,cup,130.00,g,3,2022-04-01,2025-01-23
123346,1,1.0,cup,235.00,g,3,2022-04-01,2025-01-23
123347,1,0.5,cup,130.00,g,3,2022-04-01,2025-01-23
123348,1,0.5,cup,130.00,g,3,2022-04-01,2025-01-23
123349,1,0.5,cup,130.00,g,3,2022-04-01,2025-01-23
123350,1,0.5,cup,130.00,g,3,2022-04-01,2025-01-23
123351,1,0.5,cup,130.00,g,3,2022-04-01,2025-01-23
123352,1,0.5,cup,130.00,g,3,2022-04-01,2025-01-23
123353,1,3.0,oz,85.00,g,3,2022-04-01,2024-12-19
123354,1,3.0,oz,85.00,g,3,2022-04-01,2024-12-19
123355,1,1.0,Patty,60.00,g,3,2022-04-01,2025-01-23
123356,1,6.0,ROLLS,128.00,g,3,2022-04-01,2023-11-16
123357,1,1.0,Egg Roll,85.00,g,3,2022-04-01,2024-08-15
123358,1,5.0,Nuggets,85.00,g,3,2022-04-01,2023-04-27
123359,1,1.0,Sandwich,141.00,g,3,2022-04-01,2023-04-27
123360,1,1.0,Sandwich,145.00,g,3,2022-04-01,2023-04-27
123361,1,3.0,Piece,94.00,g,3,2022-04-01,2024-09-13
123362,1,1.0,Cinnamon Swirl,71.00,g,3,2022-04-01,2024-09-13
123363,1,1.0,Cinnamon Roll,85.00,g,3,2022-04-01,2025-01-23
123364,1,3.0,oz,85.00,g,3,2022-04-01,2025-01-23
123365,1,3.0,oz,85.00,g,3,2022-04-01,2025-01-23
123366,1,3.46,oz,98.00,g,3,2022-04-01,2024-11-14
123367,1,3.3,oz,94.00,g,3,2022-04-01,2024-11-14
123368,1,3.3,oz,94.00,g,3,2022-04-01,2024-07-11
123369,1,4.1,oz,116.00,g,3,2022-04-01,2024-07-11
123370,1,2.9,oz,82.00,g,3,2022-04-01,2024-11-14
123371,1,2.9,oz,82.00,g,3,2022-04-01,2024-07-11
123372,1,1.0,Piece,74.00,g,3,2022-04-01,2024-10-31
123373,1,3.0,oz,85.00,g,3,2022-04-01,2025-01-23
123374,1,1.0,Croissant,85.00,g,3,2022-04-01,2024-08-15
123375,1,1.0,Croissant,62.00,g,3,2022-04-01,2024-08-15
123376,1,1.0,Croissant,62.00,g,3,2022-04-01,2023-04-27
123377,1,1.0,Croissant,68.00,g,3,2022-04-01,2023-04-27
123378,1,1.0,Croissant,68.00,g,3,2022-04-01,2023-04-27
123379,1,1.0,Croissant,43.00,g,3,2022-04-01,2023-04-27
123380,1,1.0,Croissant,62.00,g,3,2022-04-01,2024-08-15
123381,1,1.0,croissant,43.00,g,3,2022-04-01,2024-08-15
123382,1,1.0,Croissant,62.00,g,3,2022-04-01,2023-04-27
123383,1,1.0,Dinner Roll,33.00,g,3,2022-04-01,2023-04-27
123384,1,1.0,Dinner Roll,28.00,g,3,2022-04-01,2024-08-15
123385,1,1.0,Donut,91.00,g,3,2022-04-01,2024-07-11
123386,1,1.0,Donut,91.00,g,3,2022-04-01,2024-07-11
123387,1,1.0,Donut,91.00,g,3,2022-04-01,2024-07-11
123388,1,1.0,Donut,91.00,g,3,2022-04-01,2024-07-11
123389,1,0.5,cup,130.00,g,3,2022-04-01,2025-01-23
123390,1,1.0,COOKIE DOUGH PIECE,28.00,g,3,2022-04-01,2024-08-15
123391,1,3.0,oz,85.00,g,3,2022-04-01,2025-01-23
123392,1,3.0,oz,85.00,g,3,2022-04-01,2025-01-23
123393,1,3.0,oz,85.00,g,3,2022-04-01,2024-12-19
123394,1,3.0,oz (20 pieces,85.00,g,3,2022-04-01,2025-01-23
123395,1,3.0,oz,85.00,g,3,2022-04-01,2025-01-23
123396,1,1.0,COOKIE DOUGH PIECE,43.00,g,3,2022-04-01,2024-02-01
123397,1,1.0,COOKIE DOUGH PIECE,43.00,g,3,2022-04-01,2024-03-14
123399,1,1.0,COOKIE DOUGH PIECE,28.00,g,3,2022-04-01,2023-06-29
123400,1,1.0,COOKIE DOUGH PIECE,28.00,g,3,2022-04-01,2024-08-15
123402,1,1.0,COOKIE DOUGH PIECE,43.00,g,3,2022-04-01,2024-02-01
123403,1,1.0,oz = Approximately 2 tbsp,28.00,g,3,2022-04-01,2024-12-19
123404,1,1.0,PATTY,43.00,g,3,2022-04-01,2024-12-19
123405,1,1.0,PATTY,42.00,g,3,2022-04-01,2024-11-14
123406,1,1.0,LINK,40.00,g,3,2022-04-01,2024-12-19
123407,1,2.0,LINK,42.00,g,3,2022-04-01,2023-04-27
123408,1,1.0,LINK,28.00,g,3,2022-04-01,2023-04-27
123409,1,1.0,LINK,23.00,g,3,2022-04-01,2024-12-19
123410,1,1.0,LINK,28.00,g,3,2022-04-01,2024-12-19
123411,1,1.0,PATTY,42.00,g,3,2022-04-01,2023-04-27
123412,1,1.0,PATTY,28.00,g,3,2022-04-01,2024-12-19
123414,1,1.0,PATTY,28.00,g,3,2022-04-01,2024-12-19
123415,1,1.0,PATTY,42.00,g,3,2022-04-01,2024-12-19
123416,1,1.0,PATTY,56.00,g,3,2022-04-01,2024-12-19
123417,1,1.0,PATTY,42.00,g,3,2022-04-01,2024-12-19
123418,1,1.0,PATTY,42.00,g,3,2022-04-01,2024-12-19
123419,1,1.0,LINK,21.00,g,3,2022-04-01,2024-12-19
123420,1,1.0,Hamburger Bun,51.00,g,3,2022-04-01,2024-08-15
123421,1,3.0,oz,85.00,g,3,2022-04-01,2023-06-29
123423,1,1.0,Hoagie Roll,57.00,g,3,2022-04-01,2024-08-15
123424,1,1.0,Hoagie,85.00,g,3,2022-04-01,2025-01-23
123425,1,1.0,Hot Dog Bun,51.00,g,3,2022-04-01,2024-08-15
123426,1,1.0,Tray,195.00,g,3,2022-04-01,2023-09-14
123427,1,3.0,oz,85.00,g,3,2022-04-01,2023-02-16
123428,1,1.0,Pouch,28.00,g,3,2022-04-01,2024-07-11
123429,1,1.0,Tray,209.00,g,3,2022-04-01,2023-04-27
123430,1,1.0,bar,64.00,g,3,2022-04-01,2024-08-15
123432,1,1.0,Mini Bread Stick,28.00,g,3,2022-04-01,2024-08-15
123433,1,1.0,Tray,204.00,g,3,2022-04-01,2023-04-27
123434,1,1.0,MUFFIN,57.00,g,3,2022-04-01,2024-02-01
123435,1,1.0,MUFFIN,57.00,g,3,2022-04-01,2024-02-01
123436,1,1.0,MUFFIN,113.00,g,3,2022-04-01,2024-02-01
123437,1,1.0,MUFFIN,57.00,g,3,2022-04-01,2024-02-01
123438,1,1.0,MUFFIN,113.00,g,3,2022-04-01,2023-06-29
123439,1,1.0,MUFFIN,57.00,g,3,2022-04-01,2024-07-11
123440,1,1.0,MUFFIN,57.00,g,3,2022-04-01,2024-02-01
123441,1,2.0,oz,57.00,g,3,2022-04-01,2023-04-27
123442,1,1.0,FiestaBoli,139.00,g,3,2022-04-01,2023-10-26
123443,1,1.0,FiestaBoli,139.00,g,3,2022-04-01,2023-08-31
123444,1,1.0,MUFFIN,113.00,g,3,2022-04-01,2024-02-01
123445,1,1.0,Pancake,37.00,g,3,2022-04-01,2024-10-31
123446,1,1.0,Pancake,37.00,g,3,2022-04-01,2024-08-15
123447,1,1.0,Pizzaboli,142.00,g,3,2022-04-01,2023-08-31
123448,1,4.0,Pizzaboli Bites,168.00,g,3,2022-04-01,2023-08-31
123449,1,3.0,oz (14 pieces,85.00,g,3,2022-04-01,2025-01-23
123450,1,1.0,Box,37.70,g,3,2022-04-01,2024-12-19
123451,1,1.0,Sandwich,128.00,g,3,2022-04-01,2024-07-11
123452,1,1.0,Sandwich,128.00,g,3,2022-04-01,2022-09-15
123453,1,1.0,Sandwich,113.00,g,3,2022-04-01,2023-02-16
123454,1,1.0,Sandwich,113.00,g,3,2022-04-01,2024-08-15
123455,1,1.0,Sandwich,156.00,g,3,2022-04-01,2024-08-15
123456,1,1.0,Sandwich,88.00,g,3,2022-04-01,2023-04-27
123457,1,1.0,Sandwich,88.00,g,3,2022-04-01,2023-04-27
123458,1,1.0,Sandwich,74.00,g,3,2022-04-01,2023-04-27
123459,1,1.0,Sandwich,74.00,g,3,2022-04-01,2023-04-27
123460,1,1.0,Sandwich,147.00,g,3,2022-04-01,2025-01-23
123461,1,1.0,Sandwich,131.00,g,3,2022-04-01,2024-08-15
123462,1,1.0,Sandwich,131.00,g,3,2022-04-01,2023-02-16
123463,1,1.0,Sandwich,118.00,g,3,2022-04-01,2025-01-23
123464,1,1.0,sandwich,115.00,g,3,2022-04-01,2025-01-23
123465,1,1.0,Sandwich,128.00,g,3,2022-04-01,2023-02-16
123466,1,1.0,sandwich,115.00,g,3,2022-04-01,2024-08-15
123467,1,1.0,sandwich,115.00,g,3,2022-04-01,2025-01-23
123468,1,0.5,cup,130.00,g,3,2022-04-01,2025-01-23
123469,1,0.5,cup,130.00,g,3,2022-04-01,2025-01-23
123470,1,0.5,cup,130.00,g,3,2022-04-01,2025-01-23
123471,1,0.5,cup,130.00,g,3,2022-04-01,2025-01-23
123472,1,1.0,Slider Bun,28.00,g,3,2022-04-01,2025-01-23
123473,1,1.0,FiestaBoli,92.00,g,3,2022-04-01,2023-09-14
123474,1,1.0,FiestaBoli,92.00,g,3,2022-04-01,2024-10-31
123475,1,1.0,Tray,218.00,g,3,2022-04-01,2023-09-14
123478,1,3.0,OZ,85.00,g,3,2022-04-01,2024-07-11
123479,1,1.0,SweetBoli,82.00,g,3,2022-04-01,2023-10-26
123480,1,1.0,SweetBoli,82.00,g,3,2022-04-01,2023-04-27
123481,1,3.0,oz,85.00,g,3,2022-04-01,2025-01-23
123482,1,1.0,Breakfast Bun,85.00,g,3,2022-04-01,2023-04-27
123483,1,1.0,Egg Roll,85.00,g,3,2022-04-01,2024-08-15
123484,1,1.0,Bottle,295.00,ml,3,2022-04-01,2025-01-23
123485,1,1.0,Bottle,295.00,ml,3,2022-04-01,2025-01-23
123486,1,1.0,Bottle,295.00,ml,3,2022-04-01,2025-01-23
123487,1,1.0,Can,340.00,ml,3,2022-04-01,2024-08-15
123488,1,1.0,Can,340.00,ml,3,2022-04-01,2024-08-15
123489,1,1.0,Can,162.00,ml,3,2022-04-01,2024-08-15
123490,1,1.0,Can,162.00,ml,3,2022-04-01,2024-08-15
123491,1,1.0,Can,162.00,ml,3,2022-04-01,2024-08-15
123492,1,1.0,Muffin,93.00,g,3,2022-04-01,2023-04-27
123493,1,4.3,OZ,121.00,g,3,2022-04-01,2023-04-27
123494,1,5.34,oz,151.00,g,3,2022-04-01,2023-04-27
123495,1,4.36,OZ,123.00,g,3,2022-04-01,2023-04-27
123496,1,4.3,OZ,122.00,g,3,2022-04-01,2023-04-27
123497,1,4.36,OZ,123.00,g,3,2022-04-01,2023-04-27
123498,1,1.2,oz bag,34.00,g,3,2022-04-01,2024-12-19
123499,1,1.0,Pouch,50.00,g,3,2022-04-01,2024-07-11
123501,1,1.0,Burger,82.00,g,3,2022-04-01,2024-12-19
123502,1,1.0,Pouch,25.00,g,3,2022-04-01,2024-12-19
123505,1,1.0,Bar,12.00,g,3,2022-04-01,2024-12-19
123506,1,1.0,Package,22.00,g,3,2022-04-01,2024-12-19
123507,1,1.0,Package,22.00,g,3,2022-04-01,2024-12-19
123508,1,1.0,Container,28.00,g,3,2022-04-01,2024-12-19
123513,1,0.5,cup,120.00,g,3,2022-04-01,2024-12-19
123515,1,1.0,Sandwich,122.00,g,3,2023-05-27,2022-09-15
123516,1,6.0,Mini Donuts,91.00,g,3,2023-05-27,2022-09-15
123517,1,6.0,Mini Donuts,91.00,g,3,2023-05-27,2022-09-15
123520,1,1.0,Slice,173.00,g,3,2023-05-27,2022-12-07
123521,1,1.0,Slice,142.00,g,3,2023-05-27,2022-12-07
123522,1,1.0,Slice,142.00,g,3,2023-05-27,2022-12-07
123524,1,1.0,Muffin,99.00,g,3,2023-05-27,2023-11-16
123525,1,1.0,SandwichThin,57.00,g,3,2023-05-27,2023-11-16
123526,1,1.0,Crumble,96.00,g,3,2023-05-27,2023-01-26
123527,1,1.0,Cookie,34.00,g,3,2023-05-27,2023-11-16
123528,1,1.0,Muffin,85.00,g,3,2023-05-27,2023-01-26
123529,1,1.0,Cookie,34.00,g,3,2023-05-27,2023-01-26
123531,1,1.5,cups,140.00,g,3,2023-05-27,2023-10-26
123532,1,1.0,Muffin,85.00,g,3,2023-05-27,2023-01-26
123533,1,1.0,Calzone,142.00,g,3,2023-05-27,2023-06-29
123534,1,1.0,Cookie,28.00,g,3,2023-05-27,2023-11-16
123538,1,4.5,oz cup,128.00,g,3,2023-05-27,2023-10-26
123543,1,4.5,oz cup,128.00,g,3,2023-05-27,2023-10-26
123546,1,4.5,oz cup,128.00,g,3,2023-05-27,2023-06-29
123551,1,1.0,Bar,62.00,g,3,2023-05-27,2023-02-16
123552,1,1.0,Bar,62.00,g,3,2023-05-27,2023-02-16
123554,1,1.0,EA,106.00,g,3,2023-05-27,2023-02-16
123555,1,1.0,oz. bag,28.00,g,3,2023-05-27,2024-08-15
123556,1,4.5,oz. cup,128.00,g,3,2023-05-27,2024-08-15
123559,1,1.0,bowl,28.00,g,3,2023-05-27,2024-11-14
123561,1,1.0,Cookie,43.00,g,3,2023-05-27,2023-06-29
123568,1,1.0,Biscuit,60.00,g,3,2023-05-27,2023-10-26
123579,1,1.0,Amount per serving,17.50,g,3,2023-05-27,2023-10-26
123584,1,1.0,MUFFIN,113.00,g,3,2023-05-27,2024-02-01
123585,1,1.0,MUFFIN,113.00,g,3,2023-05-27,2024-02-01
123586,1,1.0,MUFFIN,113.00,g,3,2023-05-27,2023-06-29
123592,1,1.0,Amount per serving,30.00,g,3,2023-05-27,2023-10-26
123601,1,0.25,CUP,63.00,g,3,2023-05-27,2023-11-16
123608,1,1.0,serving,170.09,g,3,2023-05-27,2023-11-16
123609,1,1.0,OZ,28.35,g,3,2023-05-27,2023-08-31
123610,1,2.0,TABLESPOON,28.35,g,3,2023-05-27,2023-11-16
123611,1,2.0,TABLESPOONS,28.35,g,3,2023-05-27,2023-11-16
123612,1,2.0,TABLESPOON,28.35,g,3,2023-05-27,2023-11-16
123613,1,2.0,TABLESPOONS,28.35,g,3,2023-05-27,2023-11-16
123614,1,2.0,TABLESPOONS,28.35,g,3,2023-05-27,2023-11-16
123626,1,1.0,Amount per serving,163.00,g,3,2023-05-27,2023-03-16
123631,1,1.0,Amount per serving,120.00,ml,3,2023-05-27,2023-10-26
123632,1,1.0,Amount per serving,120.00,ml,3,2023-05-27,2023-03-16
123633,1,1.0,Amount per serving,120.00,ml,3,2023-05-27,2023-03-16
123645,1,2.0,slices,28.00,g,3,2023-05-27,2023-03-16
123677,1,1.0,Calzone,155.00,g,3,2023-05-27,2023-03-16
123678,1,1.0,Piece,102.00,g,3,2023-05-27,2023-06-29
123686,1,32.0,grams,32.00,g,3,2023-05-27,2023-06-29
123687,1,1.0,MUFFIN,113.00,g,3,2023-05-27,2024-02-01
123688,1,1.0,MUFFIN,113.00,g,3,2023-05-27,2024-02-01
123689,1,1.0,MUFFIN,113.00,g,3,2023-05-27,2023-06-29
123690,1,1.0,MUFFIN,113.00,g,3,2023-05-27,2024-02-01
123691,1,1.0,Egg Patty,23.00,g,3,2023-05-27,2024-07-11
123692,1,1.0,oz.,28.00,g,3,2023-05-27,2024-10-31
123693,1,100.0,Grams,100.00,g,3,2023-05-27,2024-07-11
123694,1,1.0,Roll,43.00,g,3,2023-05-27,2024-12-19
123695,1,1.0,Roll,57.00,g,3,2023-05-27,2024-12-19
123696,1,1.0,Roll,28.00,g,3,2023-05-27,2024-12-19
123697,1,1.0,Roll,43.00,g,3,2023-05-27,2024-12-19
123698,1,1.0,Roll,35.00,g,3,2023-05-27,2024-12-19
123699,1,2.0,Breadsticks,57.00,g,3,2023-05-27,2024-12-19
123700,1,2.0,Rolls,57.00,g,3,2023-05-27,2024-12-19
123701,1,1.0,Biscuit,64.00,g,3,2023-05-27,2024-11-14
123702,1,2.0,Rolls,57.00,g,3,2023-05-27,2024-12-19
123703,1,1.0,Biscuit,57.00,g,3,2023-05-27,2024-12-19
123704,1,1.0,Biscuit,35.00,g,3,2023-05-27,2024-12-19
123705,1,1.0,Biscuit,31.00,g,3,2023-05-27,2024-11-14
123706,1,1.0,Roll,68.00,g,3,2023-05-27,2024-12-19
123707,1,1.0,Biscuit,64.00,g,3,2023-05-27,2024-12-19
123708,1,1.0,Biscuit,64.00,g,3,2023-05-27,2024-12-19
123709,1,1.0,Biscuit,71.00,g,3,2023-05-27,2024-12-19
123710,1,1.0,Biscuit,71.00,g,3,2023-05-27,2024-12-19
123711,1,1.0,Biscuit,71.00,g,3,2023-05-27,2024-12-19
123712,1,2.0,Breadsticks,57.00,g,3,2023-05-27,2024-12-19
123713,1,2.0,Rolls,57.00,g,3,2023-05-27,2024-12-19
123714,1,1.0,Roll,57.00,g,3,2023-05-27,2024-11-14
123715,1,1.0,Biscuit,64.00,g,3,2023-05-27,2024-12-19
123716,1,1.0,Breadstick,28.00,g,3,2023-05-27,2024-12-19
123717,1,1.0,Roll,71.00,g,3,2023-05-27,2024-12-19
123718,1,1.0,Biscuit,35.00,g,3,2023-05-27,2024-12-19
123719,1,1.0,Roll,57.00,g,3,2023-05-27,2024-12-19
123720,1,3.95,oz.,111.98,g,3,2023-05-27,2024-08-15
123721,1,1.0,serving,89.87,g,3,2023-05-27,2024-10-31
123722,1,5.83,oz,137.21,g,3,2023-05-27,2024-11-14
123723,1,5.0,oz.,141.75,g,3,2023-05-27,2024-08-15
123724,1,3.44,oz.,97.52,g,3,2023-05-27,2024-10-31
123725,1,1.0,Amount/serving,120.00,ml,3,2023-05-27,2024-07-11
123726,1,1.0,Amount per serving,354.00,ml,3,2023-05-27,2023-03-16
123727,1,1.0,Amount per serving,340.00,ml,3,2023-05-27,2023-03-16
123728,1,1.0,Amount per serving,120.00,ml,3,2023-05-27,2024-07-11
123729,1,1.0,Amount per serving,120.00,ml,3,2023-05-27,2024-07-11
123730,1,1.0,Amount per serving,252.00,g,3,2023-05-27,2023-03-16
123731,1,2.0,slices,28.00,g,3,2023-05-27,2024-08-15
123732,1,2.0,slices,28.00,g,3,2023-05-27,2024-07-11
123733,1,2.0,slices,28.00,g,3,2023-05-27,2024-08-15
123734,1,2.0,slices,28.00,g,3,2023-05-27,2024-08-15
123735,1,2.0,slices,28.00,g,3,2023-05-27,2024-07-11
123736,1,2.0,slices,28.00,g,3,2023-05-27,2024-07-11
123737,1,6.0,slices,28.00,g,3,2023-05-27,2024-08-15
123738,1,1.0,slice,19.00,g,3,2023-05-27,2024-07-11
123739,1,2.0,slices,28.00,g,3,2023-05-27,2024-08-15
123740,1,2.0,slices,28.00,g,3,2023-05-27,2024-08-15
123741,1,2.0,slices,28.00,g,3,2023-05-27,2024-08-15
123742,1,2.0,slices,28.00,g,3,2023-05-27,2024-08-15
123743,1,2.0,slices,28.00,g,3,2023-05-27,2024-08-15
123744,1,2.0,slices,28.00,g,3,2023-05-27,2024-08-15
123745,1,2.0,slices,28.00,g,3,2023-05-27,2024-08-15
123746,1,28.0,g,28.00,g,3,2023-05-27,2024-08-15
123747,1,28.0,g,28.00,g,3,2023-05-27,2023-03-16
123748,1,28.0,g,28.00,g,3,2023-05-27,2023-03-16
123749,1,28.0,g,28.00,g,3,2023-05-27,2024-08-15
123750,1,28.0,g,28.00,g,3,2023-05-27,2024-08-15
123751,1,28.0,g,28.00,g,3,2023-05-27,2024-08-15
123752,1,28.0,g,28.00,g,3,2023-05-27,2024-08-15
123753,1,28.0,g,28.00,g,3,2023-05-27,2024-08-15
123754,1,12.3,OZ,348.00,g,3,2023-05-27,2023-10-26
123755,1,1.0,Amount per serving,17.50,g,3,2023-05-27,2023-10-26
123756,1,3.95,oz.,111.98,g,3,2023-05-27,2024-08-15
123757,1,1.0,serving,137.21,g,3,2023-05-27,2024-08-15
123758,1,2.5,oz,70.87,g,3,2023-05-27,2024-08-15
123759,1,4.5,oz. cup,128.00,g,3,2023-05-27,2024-07-11
123760,1,2.27,oz,65.00,g,3,2023-05-27,2024-12-19
123761,1,1.33,oz,37.00,g,3,2023-05-27,2024-12-19
123762,1,1.45,oz,41.00,g,3,2023-05-27,2024-08-15
123763,1,1.45,oz,41.00,g,3,2023-05-27,2024-08-15
123764,1,2.2,oz.bar,62.00,g,3,2023-05-27,2024-07-11
123765,1,2.2,oz. bar,62.00,g,3,2023-05-27,2024-07-11
123766,1,2.2,oz. bar,62.00,g,3,2023-05-27,2024-08-15
123767,1,2.2,oz. bar,62.00,g,3,2023-05-27,2024-12-19
123768,1,1.3,oz. bar,36.00,g,3,2023-05-27,2024-08-15
123770,1,1.3,oz. bar,36.00,g,3,2023-05-27,2024-08-15
123771,1,1.3,oz. bar,36.00,g,3,2023-05-27,2024-07-11
123772,1,1.3,oz. bar,36.00,g,3,2023-05-27,2024-08-15
123773,1,1.3,oz. bar,36.00,g,3,2023-05-27,2024-07-11
123774,1,1.45,oz,41.00,g,3,2023-05-27,2024-12-19
123775,1,1.0,Amount per serving,38.00,g,3,2023-05-27,2024-07-11
123779,1,0.5,cup,130.00,g,3,2023-05-27,2025-01-23
123782,1,0.5,cup,130.00,g,3,2023-05-27,2024-05-16
123783,1,0.5,cup,130.00,g,3,2023-05-27,2025-01-23
123784,1,0.5,cup,130.00,g,3,2023-05-27,2025-01-23
123785,1,0.5,cup,130.00,g,3,2023-05-27,2025-01-23
123788,1,0.5,cup,130.00,g,3,2023-05-27,2025-01-23
123789,1,0.5,cup,130.00,g,3,2023-05-27,2025-01-23
123790,1,0.5,cup,130.00,g,3,2023-05-27,2025-01-23
123791,1,0.5,cup,130.00,g,3,2023-05-27,2025-01-23
123792,1,0.5,cup,130.00,g,3,2023-05-27,2025-01-23
123793,1,0.5,cup,130.00,g,3,2023-05-27,2025-01-23
123794,1,0.5,cup,130.00,g,3,2023-05-27,2025-01-23
123795,1,0.5,cup,130.00,g,3,2023-05-27,2025-01-23
123797,1,0.5,cup,130.00,g,3,2023-05-27,2025-01-23
123798,1,0.5,cup,130.00,g,3,2023-05-27,2025-01-23
123799,1,0.5,cup,130.00,g,3,2023-05-27,2025-01-23
123801,1,0.5,cup,130.00,g,3,2023-05-27,2025-01-23
123802,1,0.5,cup,130.00,g,3,2023-05-27,2025-01-23
123804,1,0.5,cup,130.00,g,3,2023-05-27,2025-01-23
123805,1,0.5,cup,130.00,g,3,2023-05-27,2025-01-23
123807,1,0.5,cup,130.00,g,3,2023-05-27,2025-01-23
123808,1,0.5,cup,130.00,g,3,2023-05-27,2025-01-23
123809,1,0.5,cup,130.00,g,3,2023-05-27,2025-01-23
123810,1,0.5,cup,130.00,g,3,2023-05-27,2025-01-23
123811,1,0.5,cup,130.00,g,3,2023-05-27,2025-01-23
123813,1,0.5,cup,130.00,g,3,2023-05-27,2025-01-23
123814,1,0.5,cup,130.00,g,3,2023-05-27,2025-01-23
123819,1,0.5,cup,130.00,g,3,2023-05-27,2025-01-23
123820,1,0.5,cup,130.00,g,3,2023-05-27,2025-01-23
123821,1,0.5,cup,130.00,g,3,2023-05-27,2025-01-23
123823,1,0.5,cup,130.00,g,3,2023-05-27,2025-01-23
123824,1,0.5,cup,130.00,g,3,2023-05-27,2025-01-23
123825,1,0.5,cup,130.00,g,3,2023-05-27,2024-05-16
123826,1,0.5,cup,130.00,g,3,2023-05-27,2025-01-23
123827,1,0.5,cup,130.00,g,3,2023-05-27,2025-01-23
123830,1,0.5,cup,130.00,g,3,2023-05-27,2025-01-23
123831,1,0.5,cup,130.00,g,3,2023-05-27,2025-01-23
123832,1,0.5,cup,130.00,g,3,2023-05-27,2025-01-23
123833,1,1.0,frozen juice cup,132.00,ml,3,2023-05-27,2023-03-23
123835,1,0.5,cup,130.00,g,3,2023-05-27,2024-12-19
123836,1,1.0,cup,235.00,g,3,2023-05-27,2025-01-23
123837,1,0.5,cup,130.00,g,3,2023-05-27,2025-01-23
123838,1,1.0,cup,235.00,g,3,2023-05-27,2025-01-23
123839,1,0.5,cup,130.00,g,3,2023-05-27,2025-01-23
123840,1,0.5,cup,130.00,g,3,2023-05-27,2025-01-23
123841,1,0.5,cup,130.00,g,3,2023-05-27,2025-01-23
123842,1,0.5,cup,130.00,g,3,2023-05-27,2025-01-23
123843,1,0.5,cup,130.00,g,3,2023-05-27,2025-01-23
123845,1,0.5,cup,130.00,g,3,2023-05-27,2025-01-23
123847,1,0.5,cup,130.00,g,3,2023-05-27,2025-01-23
123850,1,0.5,cup,130.00,g,3,2023-05-27,2025-01-23
123855,1,0.5,cup,130.00,g,3,2023-05-27,2024-12-19
123856,1,0.5,cup,130.00,g,3,2023-05-27,2025-01-23
123857,1,0.5,cup,130.00,g,3,2023-05-27,2025-01-23
123858,1,0.5,cup,130.00,g,3,2023-05-27,2025-01-23
123859,1,4.0,Piece,67.00,g,3,2023-05-27,2024-09-13
123861,1,0.5,cup,130.00,g,3,2023-05-27,2025-01-23
123863,1,0.5,cup,130.00,g,3,2023-05-27,2025-01-23
123864,1,0.5,cup,130.00,g,3,2023-05-27,2024-05-16
123865,1,0.5,cup,130.00,g,3,2023-05-27,2024-05-16
123866,1,0.5,cup,130.00,g,3,2023-05-27,2025-01-23
123869,1,1.0,Bag,32.90,g,3,2023-05-27,2024-12-19
123871,1,0.5,cup,130.00,g,3,2023-05-27,2025-01-23
123872,1,0.5,cup,130.00,g,3,2023-05-27,2025-01-23
123873,1,0.5,cup,130.00,g,3,2023-05-27,2025-01-23
123876,1,0.5,cup,130.00,g,3,2023-05-27,2025-01-23
123877,1,0.5,cup,130.00,g,3,2023-05-27,2025-01-23
123878,1,0.5,cup,130.00,g,3,2023-05-27,2025-01-23
123879,1,0.5,cup,130.00,g,3,2023-05-27,2025-01-23
123880,1,0.5,cup,130.00,g,3,2023-05-27,2024-05-16
123882,1,0.5,cup,130.00,g,3,2023-05-27,2025-01-23
123883,1,0.5,cup,130.00,g,3,2023-05-27,2025-01-23
123886,1,0.5,cup,130.00,g,3,2023-05-27,2025-01-23
123887,1,0.5,cup,130.00,g,3,2023-05-27,2025-01-23
123889,1,0.5,cup,130.00,g,3,2023-05-27,2025-01-23
123890,1,1.0,cup,235.00,g,3,2023-05-27,2025-01-23
123891,1,0.5,cup,130.00,g,3,2023-05-27,2025-01-23
123892,1,0.5,cup,130.00,g,3,2023-05-27,2025-01-23
123893,1,0.5,cup,130.00,g,3,2023-05-27,2025-01-23
123896,1,0.5,cup,130.00,g,3,2023-05-27,2025-01-23
123897,1,0.5,cup,130.00,g,3,2023-05-27,2024-12-19
123898,1,0.5,cup,130.00,g,3,2023-05-27,2025-01-23
123899,1,0.5,cup,130.00,g,3,2023-05-27,2025-01-23
123900,1,0.5,cup,130.00,g,3,2023-05-27,2025-01-23
123902,1,0.5,cup,130.00,g,3,2023-05-27,2025-01-23
123903,1,0.5,cup,130.00,g,3,2023-05-27,2025-01-23
123904,1,0.5,cup,130.00,g,3,2023-05-27,2025-01-23
123905,1,0.5,cup,130.00,g,3,2023-05-27,2025-01-23
123907,1,0.5,cup,130.00,g,3,2023-05-27,2024-05-16
123908,1,0.5,cup,130.00,g,3,2023-05-27,2025-01-23
123909,1,0.5,cup,130.00,g,3,2023-05-27,2025-01-23
123910,1,0.5,cup,130.00,g,3,2023-05-27,2023-10-26
123911,1,100.0,gram,100.00,g,3,2023-05-27,2024-09-13
123912,1,0.5,cup,130.00,g,3,2023-05-27,2024-05-16
123913,1,0.5,cup,130.00,g,3,2023-05-27,2024-05-16
123914,1,0.5,cup,130.00,g,3,2023-05-27,2025-01-23
123915,1,1.0,cup,235.00,g,3,2023-05-27,2025-01-23
123916,1,0.5,cup,130.00,g,3,2023-05-27,2025-01-23
123917,1,0.5,cup,130.00,g,3,2023-05-27,2025-01-23
123918,1,0.5,Cup,126.00,g,3,2023-05-27,2024-12-19
123919,1,0.5,cup,130.00,g,3,2023-05-27,2025-01-23
123920,1,0.5,cup,130.00,g,3,2023-05-27,2025-01-23
123921,1,0.5,cup,130.00,g,3,2023-05-27,2025-01-23
123922,1,0.5,cup,130.00,g,3,2023-05-27,2025-01-23
123923,1,0.5,cup,130.00,g,3,2023-05-27,2025-01-23
123924,1,0.5,cup,130.00,g,3,2023-05-27,2025-01-23
123925,1,0.5,cup,130.00,g,3,2023-05-27,2025-01-23
123928,1,0.5,cup,130.00,g,3,2023-05-27,2025-01-23
123929,1,0.5,cup,130.00,g,3,2023-05-27,2025-01-23
123930,1,0.5,cup,130.00,g,3,2023-05-27,2025-01-23
123931,1,0.5,cup,130.00,g,3,2023-05-27,2025-01-23
123932,1,0.5,Cup,130.00,g,3,2023-05-27,2025-01-23
123933,1,0.5,cup,130.00,g,3,2023-05-27,2025-01-23
123935,1,0.5,cup,130.00,g,3,2023-05-27,2025-01-23
123936,1,0.5,cup,130.00,g,3,2023-05-27,2025-01-23
123939,1,0.5,Cup,130.00,g,3,2023-05-27,2025-01-23
123940,1,0.5,cup,130.00,g,3,2023-05-27,2025-01-23
123941,1,0.5,cup,130.00,g,3,2023-05-27,2025-01-23
123944,1,0.5,cup,130.00,g,3,2023-05-27,2025-01-23
123945,1,0.5,cup,130.00,g,3,2023-05-27,2025-01-23
123946,1,0.5,cup,130.00,g,3,2023-05-27,2025-01-23
123947,1,0.5,cup,130.00,g,3,2023-05-27,2025-01-23
123949,1,3.44,oz.,97.52,g,3,2023-05-27,2024-08-15
123961,1,53.0,fries,28.00,g,3,2023-05-27,2023-04-27
123962,1,1.0,PACKAGE,22.40,g,3,2023-05-27,2023-04-27
123963,1,1.0,PACKAGE,28.00,g,3,2023-05-27,2023-04-27
123964,1,1.0,Package,14.00,g,3,2023-05-27,2023-04-27
123966,1,1.0,PACKAGE,56.00,g,3,2023-05-27,2023-04-27
123967,1,1.0,EA,106.00,g,3,2023-05-27,2023-04-27
123968,1,1.0,EA,106.00,g,3,2023-05-27,2023-04-27
123969,1,1.0,EA,106.00,g,3,2023-05-27,2023-04-27
123970,1,1.0,EA,106.00,g,3,2023-05-27,2023-04-27
123971,1,0.5,cup,130.00,g,3,2023-05-27,2023-04-27
123972,1,0.5,cup,130.00,g,3,2023-05-27,2023-04-27
123973,1,0.5,cup,120.00,g,3,2023-05-27,2023-04-27
123974,1,0.5,cup,130.00,g,3,2023-05-27,2023-04-27
123975,1,0.5,cup,130.00,g,3,2023-05-27,2023-04-27
123976,1,0.5,cup,120.00,g,3,2023-05-27,2023-04-27
123977,1,0.5,cup,130.00,g,3,2023-05-27,2023-04-27
123978,1,0.5,cup,130.00,g,3,2023-05-27,2023-04-27
123979,1,0.5,cup,130.00,g,3,2023-05-27,2023-04-27
123980,1,0.5,cup,130.00,g,3,2023-05-27,2023-04-27
123985,1,1.0,Roll,28.00,g,3,2023-05-27,2023-04-27
123990,1,32.0,g,32.00,g,3,2023-05-27,2023-06-29
123991,1,27.0,Grams,27.00,g,3,2023-05-27,2023-08-31
123992,1,27.0,Grams,27.00,g,3,2023-05-27,2023-11-16
123993,1,27.0,Grams,27.00,g,3,2023-05-27,2023-11-16
123994,1,1.0,COOKIE DOUGH PIECE,52.00,g,3,2023-05-27,2024-08-15
123995,1,1.0,COOKIE DOUGH PIECE,52.00,g,3,2023-05-27,2024-08-15
123996,1,1.0,COOKIE DOUGH PIECE,52.00,g,3,2023-05-27,2024-05-16
123997,1,1.0,COOKIE DOUGH PIECE,52.00,g,3,2023-05-27,2023-06-29
123998,1,1.0,COOKIE DOUGH PIECE,28.00,g,3,2023-05-27,2024-08-15
124006,1,1.25,oz.,35.00,g,3,2023-05-27,2024-11-14
124007,1,1.0,Biscuit,64.00,g,3,2023-05-27,2024-11-14
124008,1,1.0,Roll,43.00,g,3,2023-05-27,2024-12-19
124009,1,1.0,Biscuit,71.00,g,3,2023-05-27,2024-12-19
124010,1,1.0,Biscuit,71.00,g,3,2023-05-27,2024-12-19
124011,1,1.0,Biscuit,64.00,g,3,2023-05-27,2024-12-19
124012,1,6.1,ounces,173.00,g,3,2023-05-27,2023-08-31
124013,1,4.5,ounces,128.00,g,3,2023-05-27,2023-04-27
124014,1,1.0,cup,128.00,g,3,2023-05-27,2023-04-27
124015,1,1.0,cup,128.00,g,3,2023-05-27,2023-04-27
124016,1,1.0,cup,128.00,g,3,2023-05-27,2023-04-27
124017,1,1.0,cup,128.00,g,3,2023-05-27,2023-04-27
124018,1,1.0,package,57.00,g,3,2023-05-27,2023-11-16
124019,1,0.5,Cup,121.00,g,3,2023-05-27,2024-11-14
124020,1,3.0,oz. cup,85.00,g,3,2023-05-27,2024-12-19
124021,1,3.0,oz. cup,85.00,g,3,2023-05-27,2024-12-19
124022,1,1.0,bag (1oz),28.00,g,3,2023-05-27,2024-08-15
124023,1,1.33,oz,37.00,g,3,2023-05-27,2023-04-27
124024,1,1.2,oz bag,35.00,g,3,2023-05-27,2024-07-11
124025,1,1.2,oz package,34.00,g,3,2023-05-27,2024-07-11
124026,1,1.33,oz,37.00,g,3,2023-05-27,2024-12-19
124027,1,2.2,oz. bar,62.00,g,3,2023-05-27,2024-08-15
124028,1,1.8,oz. bar,51.00,g,3,2023-05-27,2024-08-15
124029,1,1.0,oz bag,28.00,g,3,2023-05-27,2024-08-15
124030,1,1.0,COOKIE,37.24,g,3,2023-05-27,2023-06-29
124032,1,1.0,package,28.30,g,3,2023-05-27,2023-11-16
124033,1,13.0,chips,28.00,g,3,2023-05-27,2023-12-21
124037,1,1.0,Packet,48.00,g,3,2023-05-27,2023-10-26
124038,1,1.0,Package,50.00,g,3,2023-05-27,2023-12-21
124039,1,1.0,Packet,43.00,g,3,2023-05-27,2023-12-21
124040,1,1.0,Package,51.00,g,3,2023-05-27,2023-11-16
124041,1,0.5,cup,130.00,g,3,2023-05-27,2023-04-27
124042,1,1.0,Can,162.00,ml,3,2023-05-27,2023-06-29
124043,1,26.0,grams (approximately 0.9 oz),25.20,g,3,2023-05-27,2023-04-27
124044,1,1.0,bag,25.20,g,3,2023-05-27,2023-04-27
124045,1,26.0,grams (approximately 0.9 oz),25.20,g,3,2023-05-27,2023-04-27
124046,1,1.0,Bar,33.60,g,3,2023-05-27,2023-04-27
124047,1,1.0,Pack,28.00,g,3,2023-05-27,2023-04-27
124048,1,1.0,Pack,28.00,g,3,2023-05-27,2023-04-27
124049,1,1.0,Pack,51.80,g,3,2023-05-27,2023-04-27
124050,1,1.0,Pack,28.00,g,3,2023-05-27,2023-04-27
124051,1,1.0,Pack,51.80,g,3,2023-05-27,2023-04-27
124052,1,1.0,Pack,28.00,g,3,2023-05-27,2023-04-27
124053,1,1.0,Cookie,39.20,g,3,2023-05-27,2023-04-27
124054,1,1.0,Cookie,39.20,g,3,2023-05-27,2023-04-27
124055,1,1.0,Bar,67.20,g,3,2023-05-27,2023-04-27
124056,1,1.0,Bar,67.20,g,3,2023-05-27,2023-04-27
124057,1,1.0,Bar,67.20,g,3,2023-05-27,2023-04-27
124058,1,1.0,Pack,25.20,g,3,2023-05-27,2023-04-27
124059,1,1.0,Pack,25.20,g,3,2023-05-27,2023-04-27
124060,1,1.0,Pack,28.00,g,3,2023-05-27,2023-04-27
124061,1,1.0,Pack,51.80,g,3,2023-05-27,2023-06-29
124062,1,1.0,OZ,28.00,g,3,2023-05-27,2023-04-27
124063,1,1.0,Pack,28.00,g,3,2023-05-27,2023-04-27
124064,1,1.0,Pack,51.80,g,3,2023-05-27,2023-04-27
124065,1,1.0,Pack,28.00,g,3,2023-05-27,2023-04-27
124066,1,1.0,Pack,28.00,g,3,2023-05-27,2023-04-27
124067,1,1.0,Calzone,154.00,g,3,2023-05-27,2023-04-27
124068,1,1.0,Empanada,146.00,g,3,2023-05-27,2023-04-27
124069,1,1.0,Calzone,156.00,g,3,2023-05-27,2023-04-27
124070,1,1.0,Empanada,91.00,g,3,2023-05-27,2023-04-27
124073,1,1.0,oz. portion,28.00,g,3,2023-05-27,2023-06-29
124074,1,1.0,Waffle,67.20,g,3,2023-05-27,2023-08-31
124075,1,1.0,Waffle,67.20,g,3,2023-05-27,2023-08-31
124076,1,2.0,OZ,56.00,g,3,2023-05-27,2023-09-14
124077,1,13.0,Pieces,64.00,g,3,2023-05-27,2023-08-31
124078,1,1.0,Waffle,67.20,g,3,2023-05-27,2023-08-31
124081,1,2.85,oz,79.80,g,3,2023-05-27,2023-12-21
124082,1,3.2,OZ,89.60,g,3,2023-05-27,2023-04-27
124083,1,1.0,Bar,64.00,g,3,2023-05-27,2024-08-15
124084,1,1.0,Bar,64.00,g,3,2023-05-27,2024-12-19
124085,1,1.0,Bar,64.00,g,3,2023-05-27,2024-07-11
124086,1,8.0,Pieces,114.00,g,3,2023-05-27,2023-10-26
124087,1,1.0,MUFFIN,57.00,g,3,2023-05-27,2024-02-01
124088,1,1.0,MUFFIN,57.00,g,3,2023-05-27,2024-02-01
124089,1,1.0,MUFFIN,57.00,g,3,2023-05-27,2024-02-01
124090,1,1.0,MUFFIN,57.00,g,3,2023-05-27,2024-08-15
124091,1,1.0,MUFFIN,57.00,g,3,2023-05-27,2024-07-11
124092,1,1.0,MUFFIN,112.00,g,3,2023-05-27,2023-06-29
124093,1,1.0,COOKIE,37.24,g,3,2023-05-27,2023-06-29
124094,1,1.0,MUFFIN,57.00,g,3,2023-05-27,2024-09-13
124095,1,1.0,MUFFIN,113.00,g,3,2023-05-27,2024-02-01
124096,1,100.0,Gram,100.00,g,3,2023-05-27,2024-03-14
124097,1,1.0,PACKAGE,56.00,g,3,2023-05-27,2024-12-19
124098,1,1.0,pkg (2oz),56.00,g,3,2023-05-27,2024-12-19
124099,1,53.0,fries,28.00,g,3,2023-05-27,2023-04-27
124100,1,1.0,PACKAGE,22.40,g,3,2023-05-27,2023-04-27
124101,1,1.0,PACKAGE,28.00,g,3,2023-05-27,2023-04-27
124102,1,1.0,Package,14.00,g,3,2023-05-27,2023-04-27
124103,1,1.0,oz.,28.00,g,3,2023-05-27,2024-07-11
124104,1,1.0,oz.,28.00,g,3,2023-05-27,2024-07-11
124105,1,1.0,oz.,28.00,g,3,2023-05-27,2024-07-11
124106,1,2.0,oz.,57.00,g,3,2023-05-27,2024-07-11
124107,1,1.0,Patty (1.25 oz.),35.00,g,3,2023-05-27,2024-07-11
124108,1,1.0,oz.,28.00,g,3,2023-05-27,2024-07-11
124109,1,0.5,Cup,110.00,g,3,2023-05-27,2024-07-11
124111,1,1.0,Patty (1.25 oz./ 35g),35.00,g,3,2023-05-27,2024-07-11
124112,1,1.0,oz.,28.00,g,3,2023-05-27,2024-07-11
124113,1,1.0,cookie,36.40,g,3,2023-05-27,2023-04-27
124114,1,1.33,ounce carton,38.00,g,3,2023-05-27,2024-03-14
124115,1,1.0,Can,162.00,ml,3,2023-05-27,2023-06-29
124116,1,1.0,Can,162.00,ml,3,2023-05-27,2023-06-29
124117,1,1.0,Bottle,295.00,ml,3,2023-05-27,2024-02-01
124118,1,1.0,Bottle,295.00,ml,3,2023-05-27,2023-06-29
124119,1,1.0,Bottle,295.00,ml,3,2023-05-27,2023-11-16
124120,1,1.0,Can,340.00,ml,3,2023-05-27,2023-06-29
124121,1,1.0,Can,340.00,ml,3,2023-05-27,2023-06-29
124122,1,1.0,Flatbread,57.00,g,3,2023-05-27,2024-07-11
124123,1,1.0,Flatbread,56.00,g,3,2023-05-27,2023-08-31
124126,1,56.0,g,56.00,g,3,2023-05-27,2023-04-27
124127,1,56.0,g,56.00,g,3,2023-05-27,2023-04-27
124128,1,56.0,g,56.00,g,3,2023-05-27,2023-04-27
124129,1,56.0,g,56.00,g,3,2023-05-27,2023-04-27
124130,1,56.0,g,56.00,g,3,2023-05-27,2023-04-27
124131,1,56.0,g,56.00,g,3,2023-05-27,2023-04-27
124132,1,56.0,g,56.00,g,3,2023-05-27,2023-04-27
124133,1,56.0,g,56.00,g,3,2023-05-27,2023-04-27
124134,1,56.0,g,56.00,g,3,2023-05-27,2023-04-27
124135,1,48.0,g,56.00,g,3,2023-05-27,2023-04-27
124136,1,2.69,OZ,75.32,g,3,2023-05-27,2024-05-16
124137,1,0.5,cup dry,40.00,g,3,2023-05-27,2024-12-19
124138,1,32.0,g,32.00,g,3,2023-05-27,2024-12-19
124139,1,4.4,oz cup,124.74,g,3,2023-05-27,2024-12-19
124140,1,4.0,oz cup,113.40,g,3,2023-05-27,2024-12-19
124141,1,4.5,oz cup,128.00,g,3,2023-05-27,2024-12-19
124142,1,1.0,cup,140.00,g,3,2023-05-27,2024-12-19
124143,1,2.17,oz,60.76,g,3,2023-05-27,2023-04-27
124144,1,4.68,oz,131.04,g,3,2023-05-27,2023-04-27
124145,1,4.68,oz,131.04,g,3,2023-05-27,2023-04-27
124146,1,3.5,OZ,98.00,g,3,2023-05-27,2023-04-27
124147,1,4.32,oz,120.96,g,3,2023-05-27,2024-05-16
124148,1,4.52,oz,126.56,g,3,2023-05-27,2024-05-16
124149,1,6.5,OZ,182.00,g,3,2023-05-27,2023-04-27
124150,1,5.25,oz,147.00,g,3,2023-05-27,2023-04-27
124151,1,1.0,Kit,154.00,g,3,2023-05-27,2024-05-16
124152,1,4.5,oz,126.00,g,3,2023-05-27,2023-04-27
124153,1,4.5,oz,126.00,g,3,2023-05-27,2023-04-27
124154,1,3.65,OZ,102.20,g,3,2023-05-27,2023-04-27
124155,1,2.0,Shells,130.00,g,3,2023-05-27,2023-04-27
124156,1,4.4,OZ,123.20,g,3,2023-05-27,2023-04-27
124157,1,4.3,OZ,120.40,g,3,2023-05-27,2023-04-27
124158,1,4.45,oz,124.60,g,3,2023-05-27,2024-10-31
124159,1,4.87,oz,136.36,g,3,2023-05-27,2023-04-27
124160,1,2.0,oz,56.00,g,3,2023-05-27,2023-04-27
124161,1,3.1,oz,86.80,g,3,2023-05-27,2023-04-27
124162,1,4.6,oz,128.80,g,3,2023-05-27,2023-08-31
124163,1,4.6,oz,128.80,g,3,2023-05-27,2023-04-27
124164,1,2.52,oz,70.56,g,3,2023-05-27,2023-04-27
124165,1,4.4,oz,123.20,g,3,2023-05-27,2023-04-27
124166,1,1.0,oz,28.00,g,3,2023-05-27,2023-04-27
124167,1,4.5,oz,126.00,g,3,2023-05-27,2023-08-31
124168,1,2.8,OZ,78.40,g,3,2023-05-27,2023-04-27
124169,1,2.0,OZ,56.00,g,3,2023-05-27,2023-04-27
124170,1,3.34,oz,93.52,g,3,2023-05-27,2023-04-27
124171,1,4.23,oz,118.44,g,3,2023-05-27,2023-08-31
124172,1,5.0,oz,140.00,g,3,2023-05-27,2023-04-27
124173,1,2.0,ounce,56.00,g,3,2023-05-27,2023-04-27
124174,1,3.81,oz,106.68,g,3,2023-05-27,2023-04-27
124175,1,1.0,Waffle,67.20,g,3,2023-05-27,2023-08-31
124176,1,1.0,Waffle,67.20,g,3,2023-05-27,2023-04-27
124177,1,4.65,oz,130.20,g,3,2023-05-27,2023-08-31
124178,1,4.75,oz,133.00,g,3,2023-05-27,2023-08-31
124179,1,4.2,oz,117.60,g,3,2023-05-27,2023-08-31
124180,1,4.87,oz,136.36,g,3,2023-05-27,2023-08-31
124181,1,4.6,oz,128.80,g,3,2023-05-27,2023-08-31
124182,1,4.85,oz,135.80,g,3,2023-05-27,2023-04-27
124183,1,2.27,oz,63.56,g,3,2023-05-27,2023-06-29
124184,1,27.0,Grams,27.00,g,3,2023-05-27,2023-11-16
124185,1,27.0,Grams,27.00,g,3,2023-05-27,2023-11-16
124186,1,1.0,PACKAGE (1.66 ONZ / 47 GRM),46.48,g,3,2023-05-27,2024-08-15
124187,1,1.0,package,56.00,g,3,2023-05-27,2024-12-19
124188,1,19.0,Chips,28.00,g,3,2023-05-27,2024-08-15
124189,1,1.0,package,42.00,g,3,2023-05-27,2024-12-19
124190,1,22.0,Chips,28.00,g,3,2023-05-27,2024-12-19
124191,1,11.0,CHIPS,28.00,g,3,2023-05-27,2024-12-19
124192,1,22.0,chips,28.00,g,3,2023-05-27,2024-12-19
124193,1,1.0,PACKAGE,56.00,g,3,2023-05-27,2023-04-27
124194,1,2.16,oz,62.00,g,3,2023-05-27,2024-12-19
124195,1,0.75,oz pouch,21.00,g,3,2023-05-27,2024-08-15
124196,1,27.0,Grams,27.00,g,3,2023-05-27,2023-08-31
124197,1,27.0,Grams,27.00,g,3,2023-05-27,2023-08-31
124198,1,27.0,Grams,27.00,g,3,2023-05-27,2023-11-16
124199,1,0.5,Cup,55.00,g,3,2023-05-27,2023-10-26
124200,1,1.0,Burger,71.00,g,3,2023-05-27,2024-03-14
124201,1,1.0,Burger,82.00,g,3,2023-05-27,2023-10-26
124202,1,1.0,Pouch,25.00,g,3,2023-05-27,2023-10-26
124203,1,1.0,Pouch,28.00,g,3,2023-05-27,2023-10-26
124204,1,1.0,Pouch,28.00,g,3,2023-05-27,2023-10-26
124205,1,1.0,Pouch,27.00,g,3,2023-05-27,2023-10-26
124206,1,1.0,Package,22.00,g,3,2023-05-27,2023-10-26
124207,1,1.0,Package,22.00,g,3,2023-05-27,2023-10-26
124208,1,1.0,Pouch,50.00,g,3,2023-05-27,2023-10-26
124209,1,1.0,Pouch,50.00,g,3,2023-05-27,2023-10-26
124210,1,27.0,Grams,27.00,g,3,2023-05-27,2023-11-16
124211,1,27.0,Grams,27.00,g,3,2023-05-27,2023-11-16
124212,1,27.0,Grams,27.00,g,3,2023-05-27,2023-12-21
124213,1,0.5,Cup,130.00,g,3,2023-05-27,2024-12-19
124214,1,4.5,oz,128.00,g,3,2023-05-27,2024-12-19
124216,1,1.0,Bar,67.20,g,3,2023-05-27,2023-05-25
124217,1,1.0,Each,134.95,g,3,2023-05-27,2024-09-13
124218,1,1.0,Each,141.75,g,3,2023-05-27,2024-09-13
124220,1,1.0,Each,161.60,g,3,2023-05-27,2024-09-13
124221,1,2.0,slices,28.00,g,3,2023-05-27,2024-08-15
124222,1,1.0,Each,191.36,g,3,2023-05-27,2023-05-25
124223,1,1.0,Each,106.31,g,3,2023-05-27,2024-09-13
124224,1,2.0,slices,28.00,g,3,2023-05-27,2023-05-25
124225,1,1.0,Each,221.13,g,3,2023-05-27,2023-11-16
124228,1,1.0,Each,134.66,g,3,2023-05-27,2024-09-13
124231,1,3.81,oz,106.68,g,3,2023-05-27,2023-05-25
124233,1,1.0,Each,130.20,g,3,2023-05-27,2023-08-31
124234,1,1.0,Each,182.85,g,3,2023-05-27,2024-09-13
124235,1,1.0,Each,170.10,g,3,2023-05-27,2024-09-13
124236,1,1.0,Bar,33.60,g,3,2023-05-27,2023-05-25
124237,1,1.0,Each,102.06,g,3,2023-05-27,2025-01-23
124238,1,1.0,Each,70.88,g,3,2023-05-27,2024-09-13
124239,1,1.0,Each,123.32,g,3,2023-05-27,2024-09-13
124241,1,1.0,Each,70.88,g,3,2023-05-27,2024-09-13
124243,1,0.5,cup,130.00,g,3,2023-05-27,2023-05-25
124244,1,1.0,Each,131.83,g,3,2023-05-27,2024-09-13
124245,1,1.0,Each,154.51,g,3,2023-05-27,2024-09-13
124247,1,1.0,Per 28g,28.00,g,3,2023-05-27,2024-12-19
124248,1,1.0,Bar,33.60,g,3,2023-05-27,2023-05-25
124249,1,1.0,Each,178.60,g,3,2023-05-27,2024-09-13
124250,1,1.0,Each,111.98,g,3,2023-05-27,2024-09-13
124251,1,1.0,Each,56.70,g,3,2023-05-27,2024-09-13
124252,1,1.0,Each,125.87,g,3,2023-05-27,2024-09-13
124253,1,0.5,cup,125.00,g,3,2023-05-27,2023-05-25
124254,1,1.0,Each,106.31,g,3,2023-05-27,2024-09-13
124257,1,1.0,Amount per serving,163.00,ml,3,2023-05-27,2024-09-13
124259,1,1.0,Each,155.93,g,3,2023-05-27,2024-09-13
124260,1,1.0,Each,94.97,g,3,2023-05-27,2024-09-13
124261,1,1.0,Bar,33.60,g,3,2023-05-27,2023-05-25
124262,1,1.0,Each,163.10,g,3,2023-05-27,2024-09-13
124263,1,0.5,cup,125.00,g,3,2023-05-27,2023-05-25
124264,1,1.0,Each,102.06,g,3,2023-05-27,2024-09-13
124266,1,1.0,Each,199.87,g,3,2023-05-27,2024-09-13
124267,1,1.0,Each,141.75,g,3,2023-05-27,2024-09-13
124269,1,1.0,Each,92.14,g,3,2023-05-27,2024-09-13
124270,1,1.0,Pack,25.20,g,3,2023-05-27,2023-05-25
124271,1,1.0,Each,125.87,g,3,2023-05-27,2024-09-13
124273,1,1.0,Each,147.42,g,3,2023-05-27,2024-09-13
124275,1,1.0,Each,141.75,g,3,2023-05-27,2024-09-13
124276,1,1.0,Each,163.01,g,3,2023-05-27,2024-09-13
124277,1,1.0,Amount per serving,240.00,ml,3,2023-05-27,2023-10-26
124278,1,1.0,Pastry,48.00,g,3,2023-05-27,2023-10-26
124279,1,1.0,Each,56.70,g,3,2023-05-27,2024-09-13
124280,1,1.0,Each,92.14,g,3,2023-05-27,2024-09-13
124282,1,1.0,Each,84.00,g,3,2023-05-27,2023-06-29
124283,1,0.25,cup,60.00,g,3,2023-05-27,2023-05-25
124286,1,1.0,Each,147.42,g,3,2023-05-27,2024-09-13
124287,1,1.0,Each,217.16,g,3,2023-05-27,2024-09-13
124289,1,1.0,Amount per serving,163.00,ml,3,2023-05-27,2023-06-29
124290,1,1.0,Each,185.69,g,3,2023-05-27,2024-09-13
124291,1,2.0,slices,28.00,g,3,2023-05-27,2024-08-15
124292,1,1.0,Each,182.85,g,3,2023-05-27,2024-09-13
124293,1,1.0,Each,163.01,g,3,2023-05-27,2024-09-13
124294,1,1.0,each,106.31,g,3,2023-05-27,2024-09-13
124295,1,1.0,Each,151.67,g,3,2023-05-27,2023-05-25
124296,1,1.0,Burrito,182.00,g,3,2023-05-27,2023-06-29
124297,1,1.0,Each,56.70,g,3,2023-05-27,2024-09-13
124298,1,1.0,Each,155.93,g,3,2023-05-27,2024-09-13
124299,1,1.0,Each,151.67,g,3,2023-05-27,2024-09-13
124300,1,1.0,Each,151.67,g,3,2023-05-27,2024-09-13
124301,1,1.0,Each,217.16,g,3,2023-05-27,2024-09-13
124302,1,1.0,Each,147.42,g,3,2023-05-27,2024-09-13
124303,1,1.0,Each,56.70,g,3,2023-05-27,2024-09-13
124305,1,1.0,Pouch,96.00,g,3,2023-05-27,2023-10-26
124306,1,1.0,Each,70.88,g,3,2023-05-27,2024-09-13
124307,1,1.0,Each,147.42,g,3,2023-05-27,2025-01-23
124308,1,4.85,oz,135.80,g,3,2023-05-27,2023-08-31
124309,1,1.0,Each,147.42,g,3,2023-05-27,2023-05-25
124310,1,1.0,Pouch,75.00,g,3,2023-05-27,2023-10-26
124312,1,1.0,Each,147.42,g,3,2023-05-27,2024-09-13
124313,1,0.25,cup,60.00,g,3,2023-05-27,2023-05-25
124314,1,2.0,slices,28.00,g,3,2023-05-27,2024-08-15
124316,1,1.0,Each,106.31,g,3,2023-05-27,2024-09-13
124318,1,1.0,Each,134.66,g,3,2023-05-27,2024-09-13
124319,1,1.0,Each,134.95,g,3,2023-05-27,2024-09-13
124321,1,1.0,Each,96.39,g,3,2023-05-27,2024-09-13
124322,1,1.0,Amount per serving,340.00,ml,3,2023-05-27,2023-11-16
124323,1,1.0,Pastry,48.00,g,3,2023-05-27,2023-10-26
124324,1,1.0,Pastry,48.00,g,3,2023-05-27,2023-10-26
124326,1,1.0,Each,124.74,g,3,2023-05-27,2024-09-13
124327,1,0.5,cup,130.00,g,3,2023-05-27,2023-05-25
124328,1,1.0,Amount per serving,240.00,ml,3,2023-05-27,2023-06-29
124329,1,1.0,Pack,25.20,g,3,2023-05-27,2023-05-25
124330,1,1.0,Each,148.84,g,3,2023-05-27,2024-09-13
124331,1,1.0,Each,159.60,g,3,2023-05-27,2023-06-29
124332,1,1.0,Each,70.88,g,3,2023-05-27,2024-09-13
124333,1,1.0,Pastry,48.00,g,3,2023-05-27,2023-10-26
124335,1,1.0,Each,62.37,g,3,2023-05-27,2024-09-13
124336,1,100.0,gram,100.00,g,3,2023-05-27,2023-08-31
124337,1,1.0,Each,56.70,g,3,2023-05-27,2024-09-13
124338,1,1.0,Each,147.42,g,3,2023-05-27,2024-09-13
124340,1,1.0,Each,131.83,g,3,2023-05-27,2024-09-13
124341,1,1.0,Each,150.26,g,3,2023-05-27,2024-09-13
124342,1,1.0,Amount per serving,355.00,ml,3,2023-05-27,2023-06-29
124343,1,1.0,Each,70.00,g,3,2023-05-27,2023-06-29
124344,1,1.0,Each,154.51,g,3,2023-05-27,2024-09-13
124345,1,1.0,Bar,38.00,g,3,2023-05-27,2024-03-14
124347,1,1.0,Each,96.39,g,3,2023-05-27,2024-09-13
124349,1,1.0,Each,85.05,g,3,2023-05-27,2024-09-13
124355,1,1.0,PER SERVING,252.00,g,3,2023-05-27,2024-09-13
124356,1,1.0,Amount per serving,240.00,ml,3,2023-05-27,2024-09-13
124357,1,1.0,Each,102.06,g,3,2023-05-27,2024-09-13
124358,1,1.0,Each,163.01,g,3,2023-05-27,2024-09-13
124360,1,1.0,Bar,36.00,g,3,2023-05-27,2024-03-14
124365,1,1.0,Amount per serving,240.00,ml,3,2023-05-27,2024-09-13
124366,1,1.0,Each,147.42,g,3,2023-05-27,2024-09-13
124367,1,1.0,Each,63.79,g,3,2023-05-27,2024-09-13
124368,1,0.25,cup,60.00,g,3,2023-05-27,2023-05-25
124369,1,0.5,cup,130.00,g,3,2023-05-27,2023-05-25
124371,1,1.0,Each,150.26,g,3,2023-05-27,2024-09-13
124372,1,1.0,Each,70.88,g,3,2023-05-27,2024-09-13
124373,1,1.0,Pouch,96.00,g,3,2023-05-27,2023-10-26
124374,1,1.0,Amount per serving,340.00,ml,3,2023-05-27,2023-05-25
124377,1,1.0,Each,145.60,g,3,2023-05-27,2023-06-29
124378,1,1.0,Amount per serving,163.00,ml,3,2023-05-27,2023-06-29
124379,1,0.5,cup,125.00,g,3,2023-05-27,2023-10-26
124380,1,1.0,Each,124.60,g,3,2023-05-27,2023-08-31
124381,1,1.0,Amount per serving,120.00,ml,3,2023-05-27,2023-05-25
124382,1,1.0,Bar,67.20,g,3,2023-05-27,2023-05-25
124383,1,1.0,Each,147.42,g,3,2023-05-27,2024-09-13
124384,1,1.0,Each,106.40,g,3,2023-05-27,2023-08-31
124386,1,1.0,Each,62.37,g,3,2023-05-27,2024-09-13
124387,1,0.5,cup,125.00,g,3,2023-05-27,2023-05-25
124390,1,1.0,Each,136.08,g,3,2023-05-27,2024-09-13
124391,1,0.5,cup,125.00,g,3,2023-05-27,2023-05-25
124393,1,1.0,Each,147.42,g,3,2023-05-27,2024-09-13
124394,1,1.0,Each,171.51,g,3,2023-05-27,2024-09-13
124397,1,1.0,Each,171.52,g,3,2023-05-27,2024-09-13
124398,1,1.0,Each,144.59,g,3,2023-05-27,2024-09-13
124399,1,1.0,Each,134.66,g,3,2023-05-27,2024-09-13
124400,1,1.0,Each,83.63,g,3,2023-05-27,2024-09-13
124402,1,1.0,Bar,36.00,g,3,2023-05-27,2024-03-14
124403,1,1.0,Each,111.98,g,3,2023-05-27,2024-09-13
124405,1,0.25,cup,60.00,g,3,2023-05-27,2023-05-25
124406,1,1.0,Each,90.72,g,3,2023-05-27,2024-09-13
124408,1,1.0,Each,48.90,g,3,2023-05-27,2024-09-13
124409,1,1.0,cup,128.00,g,3,2023-05-27,2023-05-25
124411,1,1.0,Each,178.60,g,3,2023-05-27,2024-09-13
124448,1,1.4,oz.,40.00,g,3,2023-05-27,2024-07-11
124449,1,1.0,Slice (3 pieces/ 2.65 oz.),74.20,g,3,2023-05-27,2024-08-15
124450,1,1.0,Slice (2.9 oz.),81.20,g,3,2023-05-27,2024-08-15
124452,1,1.0,"slice, 3 pieces",81.20,g,3,2023-05-27,2024-05-16
124453,1,3.0,Pieces (2.90 oz.),81.20,g,3,2023-05-27,2024-08-15
124455,1,1.0,Roll,43.00,g,3,2023-05-27,2024-12-19
124456,1,1.0,Roll,57.00,g,3,2023-05-27,2024-08-15
124457,1,1.0,Biscuit,62.00,g,3,2023-05-27,2024-12-19
124458,1,1.0,Roll,64.00,g,3,2023-05-27,2024-12-19
124459,1,1.0,Roll,57.00,g,3,2023-05-27,2024-12-19
124460,1,0.083,of Sheet,57.00,g,3,2023-05-27,2024-12-19
124461,1,1.0,Roll,71.00,g,3,2023-05-27,2024-12-19
124462,1,1.0,Breadstick,32.00,g,3,2023-05-27,2024-12-19
124463,1,2.0,Rolls,57.00,g,3,2023-05-27,2024-12-19
124464,1,11.0,chips,28.00,g,3,2023-05-27,2024-12-19
124465,1,4.5,oz cup,128.00,g,3,2023-05-27,2024-12-19
124466,1,1.0,Pouch,28.00,g,3,2023-05-27,2023-10-26
124467,1,1.0,Pouch,21.00,g,3,2023-05-27,2023-10-26
124468,1,1.0,Container,28.00,g,3,2023-05-27,2023-11-16
124469,1,1.0,Pouch,28.00,g,3,2023-05-27,2023-11-16
124470,1,1.0,Pouch,28.00,g,3,2023-05-27,2023-11-16
124471,1,1.0,Pouch,28.00,g,3,2023-05-27,2023-11-16
124472,1,1.0,Bar,12.00,g,3,2023-05-27,2023-10-26
124473,1,1.0,Container,59.00,g,3,2023-05-27,2023-11-16
124474,1,1.0,Container,59.00,g,3,2023-05-27,2023-11-16
124475,1,1.0,Container,59.00,g,3,2023-05-27,2023-11-16
124476,1,1.0,Container,28.00,g,3,2023-05-27,2023-11-16
124477,1,1.0,Container,28.00,g,3,2023-05-27,2023-11-16
124478,1,1.0,Container,28.00,g,3,2023-05-27,2023-11-16
124479,1,1.0,Container,28.00,g,3,2023-05-27,2023-11-16
124480,1,3.55,oz.,99.00,g,3,2023-05-27,2023-10-26
124483,1,27.0,Grams,27.00,g,3,2023-05-27,2023-12-21
124484,1,4.0,Nuggets,86.00,g,3,2023-05-27,2024-02-01
124485,1,1.0,Bar,33.60,g,3,2024-01-22,2023-05-25
124486,1,1.0,Bar,33.60,g,3,2024-01-22,2023-05-25
124487,1,1.0,Pack,25.20,g,3,2024-01-22,2023-05-25
124488,1,1.0,Bar,33.60,g,3,2024-01-22,2023-05-25
124489,1,0.5,cup,93.00,g,3,2024-01-22,2023-06-29
124490,1,0.5,cup,120.00,g,3,2024-01-22,2023-06-29
124491,1,0.5,cup,93.00,g,3,2024-01-22,2023-06-29
124493,1,1.0,patty,35.00,g,3,2024-01-22,2024-12-19
124495,1,1.0,Calzone,156.00,g,3,2024-01-22,2023-08-31
124496,1,1.1,ounces,31.00,g,3,2024-01-22,2024-05-16
124497,1,1.0,Each,147.42,g,3,2024-01-22,2024-09-13
124498,1,1.0,oz,28.00,g,3,2024-01-22,2023-09-14
124499,1,1.0,oz,28.00,g,3,2024-01-22,2023-09-14
124505,1,0.5,Cup,56.00,g,3,2024-01-22,2024-07-11
124506,1,1.0,Patty,61.60,g,3,2024-01-22,2023-10-26
124507,1,6.1,ounces,173.00,g,3,2024-01-22,2023-10-26
124508,1,6.1,ounces,173.00,g,3,2024-01-22,2024-05-16
124509,1,213.0,Servings Per Container,84.00,g,3,2024-01-22,2024-11-14
124510,1,3.0,ounces,85.00,g,3,2024-01-22,2024-05-16
124511,1,0.9,OZ,26.00,g,3,2024-01-22,2023-10-26
124512,1,1.0,Slice (138g),136.36,g,3,2024-01-22,2024-11-14
124513,1,1.0,slice,137.00,g,3,2024-01-22,2023-10-26
124514,1,4.5,oz. cup,128.00,g,3,2024-01-22,2024-12-19
124515,1,4.5,oz cup,128.00,g,3,2024-01-22,2024-12-19
124516,1,4.5,oz cup,128.00,g,3,2024-01-22,2024-08-15
124517,1,1.3,oz. bar,36.00,g,3,2024-01-22,2024-12-19
124518,1,1.0,oz. bag,28.00,g,3,2024-01-22,2024-08-15
124519,1,1.28,oz,36.29,g,3,2024-01-22,2024-08-15
124520,1,1.28,oz bag,36.29,g,3,2024-01-22,2024-08-15
124521,1,1.28,oz. bag,36.29,g,3,2024-01-22,2024-08-15
124522,1,1.5,oz pouch,42.00,g,3,2024-01-22,2024-07-11
124523,1,1.5,oz pouch,42.00,g,3,2024-01-22,2024-08-15
124527,1,1.0,Amount per serving,120.00,ml,3,2024-01-22,2024-07-11
124528,1,1.0,Amount per serving,120.00,ml,3,2024-01-22,2024-07-11
124529,1,1.0,Amount per serving,120.00,ml,3,2024-01-22,2024-07-11
124530,1,1.0,Amount per serving,120.00,ml,3,2024-01-22,2023-10-26
124531,1,1.0,Amount per serving,120.00,ml,3,2024-01-22,2024-07-11
124532,1,1.0,Amount per serving,120.00,ml,3,2024-01-22,2024-07-11
124533,1,1.0,Amount per serving,120.00,ml,3,2024-01-22,2024-12-19
124551,1,1.0,Amount per serving,120.00,ml,3,2024-01-22,2024-07-11
124552,1,8.9,ounces,252.00,g,3,2024-01-22,2024-05-16
124553,1,11.9,OZ,337.00,g,3,2024-01-22,2023-10-26
124554,1,1.0,ounces,28.00,g,3,2024-01-22,2024-05-16
124555,1,1.0,Bar,37.00,g,3,2024-01-22,2023-10-26
124556,1,1.0,Bar,37.00,g,3,2024-01-22,2023-10-26
124557,1,1.0,Bar,37.00,g,3,2024-01-22,2023-10-26
124558,1,1.0,Bar,37.00,g,3,2024-01-22,2023-10-26
124569,1,4.5,oz cup,128.00,g,3,2024-01-22,2024-12-19
124570,1,4.5,oz cup,128.00,g,3,2024-01-22,2024-08-15
124571,1,5.15,oz.,146.00,g,3,2024-01-22,2024-08-15
124574,1,6.0,OZ,170.10,g,3,2024-01-22,2025-01-23
124575,1,1.0,serving,43.00,g,3,2024-01-22,2023-11-16
124576,1,1.0,serving,85.90,g,3,2024-01-22,2024-08-15
124577,1,1.0,COOKIE DOUGH PIECE,43.00,g,3,2024-01-22,2023-12-21
124578,1,1.0,Pattie,40.00,g,3,2024-01-22,2024-05-16
124579,1,57.0,GR,57.00,g,3,2024-01-22,2024-08-15
124580,1,84.0,GR,84.00,g,3,2024-01-22,2024-08-15
124581,1,4.0,OZ,112.00,g,3,2024-01-22,2024-05-16
124582,1,56.0,GR,56.00,g,3,2024-01-22,2024-08-15
124583,1,2.0,OZ,56.00,g,3,2024-01-22,2024-06-13
124584,1,3.3,oz,95.00,g,3,2024-01-22,2024-11-14
124585,1,2.0,Links,40.00,g,3,2024-01-22,2024-05-16
124586,1,3.15,Ounces,88.20,g,3,2024-01-22,2024-05-16
124587,1,3.58,oz,102.00,g,3,2024-01-22,2023-12-21
124588,1,3.5,oz,102.00,g,3,2024-01-22,2024-05-16
124589,1,3.58,oz,100.24,g,3,2024-01-22,2024-08-15
124590,1,2.0,OZ,45.00,g,3,2024-01-22,2024-10-31
124591,1,2.0,links,39.48,g,3,2024-01-22,2024-08-15
124592,1,1.0,Patty,39.48,g,3,2024-01-22,2024-05-16
124593,1,102.0,g,100.80,g,3,2024-01-22,2023-12-21
124594,1,3.35,oz,95.00,g,3,2024-01-22,2024-08-15
124595,1,1.5,oz pouch,42.50,g,3,2024-01-22,2024-08-15
124598,1,1.0,Package,75.00,g,3,2024-01-22,2023-12-21
124599,1,0.333,cup Dry,45.00,g,3,2024-01-22,2023-12-21
124600,1,0.5,Cup Dry,40.00,g,3,2024-01-22,2023-12-21
124601,1,0.5,cup dry,40.00,g,3,2024-01-22,2023-12-21
124602,1,0.5,cup dry,40.00,g,3,2024-01-22,2023-12-21
124603,1,1.0,Pizza,122.00,g,3,2024-01-22,2024-12-19
124604,1,1.0,package,31.80,g,3,2024-01-22,2023-12-21
124611,1,2.0,oz,56.00,g,3,2024-01-22,2024-10-31
124612,1,56.0,GR,56.00,g,3,2024-01-22,2024-05-16
124622,1,32.0,Chips,28.00,g,3,2024-01-22,2024-02-01
124626,1,1.0,Amount per serving,354.00,ml,3,2024-01-22,2024-07-11
124627,1,2.0,SLICES,28.00,g,3,2024-01-22,2024-02-01
124628,1,2.0,SLICES,28.00,g,3,2024-01-22,2024-02-01
124629,1,2.0,SLICES,28.00,g,3,2024-01-22,2024-02-01
124630,1,2.0,SLICES,28.00,g,3,2024-01-22,2024-02-01
124631,1,2.0,SLICES,28.00,g,3,2024-01-22,2024-02-01
124632,1,2.0,SLICES,25.00,g,3,2024-01-22,2024-02-01
124633,1,1.0,Pouch,75.00,g,3,2024-01-22,2024-02-01
124634,1,1.0,Bar,44.00,g,3,2024-01-22,2024-02-01
124635,1,1.0,Pouch,86.00,g,3,2024-01-22,2024-02-01
124636,1,1.0,Bar,44.00,g,3,2024-01-22,2024-02-01
124637,1,1.0,Bar,44.00,g,3,2024-01-22,2024-02-01
124638,1,1.0,Pouch,86.00,g,3,2024-01-22,2024-02-01
124639,1,1.0,Container,35.00,g,3,2024-01-22,2024-02-01
124640,1,1.0,Patty,38.00,g,3,2024-01-22,2024-02-01
124641,1,37.0,g,37.00,g,3,2024-01-22,2024-12-19
124642,1,37.0,grams,37.00,g,3,2024-01-22,2024-08-15
124643,1,2.0,oz,56.00,g,3,2024-01-22,2024-05-16
124644,1,2.0,oz,56.00,g,3,2024-01-22,2024-02-01
124645,1,2.0,oz,56.00,g,3,2024-01-22,2024-02-01
124646,1,2.4,ounces,68.00,g,3,2024-01-22,2024-05-16
124647,1,6.1,ounces,173.00,g,3,2024-01-22,2024-05-16
124665,1,1.0,Pouch,86.00,g,3,2024-01-22,2024-02-01
124688,1,1.0,Bottle,300.00,ml,3,2024-01-22,2024-02-01
124689,1,0.5,Cup,56.00,g,3,2024-01-22,2024-07-11
124690,1,6.1,ounces,173.00,g,3,2024-01-22,2024-05-16
124691,1,4.0,ounces,113.00,g,3,2024-01-22,2024-11-14
124692,1,6.1,ounces,174.00,g,3,2024-01-22,2024-05-16
124693,1,8.28,ounces,234.00,g,3,2024-01-22,2024-07-11
124694,1,5.9,ounces,167.00,g,3,2024-01-22,2024-05-16
124695,1,6.1,ounces,173.00,g,3,2024-01-22,2024-05-16
124697,1,1.0,Bar,34.00,g,3,2024-01-22,2024-02-01
124698,1,0.5,cup,120.00,g,3,2024-01-22,2024-02-15
124699,1,0.5,cup,130.00,g,3,2024-01-22,2024-12-19
124700,1,0.5,cup,125.00,g,3,2024-01-22,2024-12-19
124701,1,0.5,cup,125.00,g,3,2024-01-22,2024-12-19
124702,1,0.5,cup,120.00,g,3,2024-01-22,2024-12-19
124703,1,0.5,cup,120.00,g,3,2024-01-22,2024-12-19
124704,1,0.5,cup,125.00,g,3,2024-01-22,2024-12-19
124705,1,0.5,cup,120.00,g,3,2024-01-22,2024-12-19
124706,1,0.5,cup,125.00,g,3,2024-01-22,2024-12-19
124707,1,0.5,cup,120.00,g,3,2024-01-22,2024-12-19
124708,1,1.0,COOKIE DOUGH PIECE,43.00,g,3,2024-01-22,2024-06-13
124709,1,3.35,oz,95.00,g,3,2024-01-22,2024-05-16
124710,1,53.0,Servings Per Container,84.00,g,3,2024-12-19,2024-12-19
124711,1,4.5,oz,128.00,g,3,2024-12-19,2025-01-23
124712,1,1.0,Bar,44.00,g,3,2024-12-19,2024-12-19
124713,1,172.0,Servings Per Container,78.00,g,3,2024-12-19,2025-01-23
124714,1,1.0,Piece,69.00,g,3,2024-12-19,2024-12-19
124715,1,1.0,Piece,69.00,g,3,2024-12-19,2024-12-19
124716,1,343.0,Servings Per Container,37.00,g,3,2024-12-19,2025-01-23
124717,1,1.0,Portion,80.00,g,3,2024-12-19,2024-12-19
124718,1,1.0,Portion,79.00,g,3,2024-12-19,2024-12-19
124719,1,1.0,slice,22.00,g,3,2024-12-19,2024-12-19
124720,1,28.0,g,28.00,g,3,2024-12-19,2025-01-23
124721,1,2.0,slices,28.00,g,3,2024-12-19,2024-12-19
124722,1,2.0,slices,28.00,g,3,2024-12-19,2024-12-19
124723,1,2.0,slices,28.00,g,3,2024-12-19,2024-12-19
124724,1,2.0,slices,28.00,g,3,2024-12-19,2024-12-19
124725,1,2.0,slices,28.00,g,3,2024-12-19,2024-12-19
124726,1,2.0,slices,28.00,g,3,2024-12-19,2024-12-19
124727,1,1.0,slice,22.00,g,3,2024-12-19,2024-12-19
124728,1,1.0,slice,22.00,g,3,2024-12-19,2024-12-19
124729,1,1.0,slice,22.00,g,3,2024-12-19,2024-12-19
124730,1,28.0,g,28.00,g,3,2024-12-19,2024-12-19
124731,1,28.0,g,28.00,g,3,2024-12-19,2024-12-19
124732,1,28.0,g,28.00,g,3,2024-12-19,2024-12-19
124733,1,1.0,Tbsp,17.00,g,3,2024-12-19,2024-12-19
124734,1,1.0,Tbsp,17.00,g,3,2024-12-19,2024-12-19
124735,1,1.0,Pouch,21.00,g,3,2024-12-19,2024-12-19
124736,1,2.0,SLICES,28.00,g,3,2024-12-19,2024-12-19
124737,1,0.5,Cup,121.00,g,3,2024-12-19,2024-12-19
124738,1,0.25,cup,61.00,g,3,2024-12-19,2024-12-19
124739,1,1.5,oz,43.00,g,3,2024-12-19,2024-12-19
124740,1,1.0,Amount per serving,120.00,ml,3,2024-12-19,2024-12-19
124741,1,1.0,Amount per serving,240.00,ml,3,2024-12-19,2024-12-19
124742,1,8.0,Fluid Ounces,8.00,g,3,2024-12-19,2024-12-19
124743,1,1.0,Packet,7.00,g,3,2024-12-19,2024-12-19
124744,1,1.0,Tbsp,17.00,g,3,2024-12-19,2024-12-19
124745,1,2.0,Tbsp,36.00,g,3,2024-12-19,2024-12-19
124746,1,1.0,Cup,28.00,g,3,2024-12-19,2024-12-19
124747,1,1.0,Tbsp,17.00,g,3,2024-12-19,2024-12-19
124748,1,0.25,Cup,61.00,g,3,2024-12-19,2024-12-19
124749,1,0.5,Cup,121.00,g,3,2024-12-19,2024-12-19
124750,1,0.5,Cup,121.00,g,3,2024-12-19,2024-12-19
124751,1,0.25,Cup,61.00,g,3,2024-12-19,2024-12-19
124752,1,1.0,Tbsp,17.00,g,3,2024-12-19,2024-12-19
124753,1,1.0,Tbsp,17.00,g,3,2024-12-19,2024-12-19
124754,1,1.0,Tbsp,17.00,g,3,2024-12-19,2024-12-19
124755,1,1.0,Tbsp,17.00,g,3,2024-12-19,2024-12-19
124756,1,1.0,Packet,9.00,g,3,2024-12-19,2024-12-19
124757,1,1.0,Tbsp,17.00,g,3,2024-12-19,2024-12-19
124758,1,1.0,Tbsp,17.00,g,3,2024-12-19,2024-12-19
124759,1,1.0,Tbsp,17.00,g,3,2024-12-19,2024-12-19
124760,1,1.0,Tbsp,17.00,g,3,2024-12-19,2024-12-19
124761,1,1.0,oz,28.00,g,3,2024-12-19,2024-12-19
124762,1,1.0,oz.,28.00,g,3,2024-12-19,2024-12-19
124763,1,1.0,Tbsp,17.00,g,3,2024-12-19,2024-12-19
124764,1,1.0,Tbsp,17.00,g,3,2024-12-19,2024-12-19
124765,1,1.0,Tbsp,17.00,g,3,2024-12-19,2024-12-19
124766,1,1.0,Tbsp,17.00,g,3,2024-12-19,2024-12-19
124767,1,1.0,Tbsp,17.00,g,3,2024-12-19,2024-12-19
124768,1,1.0,Packet,9.00,g,3,2024-12-19,2024-12-19
124769,1,1.0,Packet,9.00,g,3,2024-12-19,2024-12-19
124770,1,1.0,Tbsp,17.00,g,3,2024-12-19,2024-12-19
124771,1,1.0,Tbsp,17.00,g,3,2024-12-19,2024-12-19
124772,1,1.25,oz.,35.00,g,3,2024-12-19,2024-12-19
124773,1,0.5,CUP,128.00,g,3,2024-12-19,2024-12-19
124774,1,1.0,oz,28.00,g,3,2024-12-19,2024-12-19
124775,1,2.0,Tbsp,29.00,g,3,2024-12-19,2024-12-19
124776,1,2.0,Tbsp,29.00,g,3,2024-12-19,2024-12-19
124777,1,2.0,Tbsp,29.00,g,3,2024-12-19,2024-12-19
124778,1,1.0,Tsp,5.00,g,3,2024-12-19,2024-12-19
124779,1,0.5,cup,125.00,g,3,2024-12-19,2024-12-19
124780,1,0.25,Cup,64.00,g,3,2024-12-19,2024-12-19
124781,1,0.5,Cup,123.00,g,3,2024-12-19,2024-12-19
124782,1,1.0,Tbsp,17.00,g,3,2024-12-19,2024-12-19
124783,1,8.0,Fluid Ounces,8.00,g,3,2024-12-19,2024-12-19
124784,1,2.0,Tbsp,33.00,g,3,2024-12-19,2024-12-19
124785,1,0.25,Cup,61.00,g,3,2024-12-19,2024-12-19
124786,1,0.5,Cup,121.00,g,3,2024-12-19,2024-12-19
124787,1,0.5,cup,128.00,g,3,2024-12-19,2024-12-19
124788,1,0.5,cup,125.00,g,3,2024-12-19,2024-12-19
124789,1,0.5,Cup,121.00,g,3,2024-12-19,2024-12-19
124790,1,0.25,Cup,63.00,g,3,2024-12-19,2024-12-19
124791,1,2.0,Tbsp,34.00,g,3,2024-12-19,2024-12-19
124792,1,0.25,Cup,61.00,g,3,2024-12-19,2024-12-19
124793,1,0.5,Cup,121.00,g,3,2024-12-19,2024-12-19
124794,1,0.25,Cup,63.00,g,3,2024-12-19,2024-12-19
124795,1,0.5,CUP,128.00,g,3,2024-12-19,2024-12-19
124796,1,0.5,Cup,125.00,g,3,2024-12-19,2024-12-19
124797,1,0.5,Cup,125.00,g,3,2024-12-19,2024-12-19
124798,1,0.5,Cup,125.00,g,3,2024-12-19,2024-12-19
124799,1,0.5,Cup,121.00,g,3,2024-12-19,2024-12-19
124800,1,2.0,Tbsp,33.00,g,3,2024-12-19,2024-12-19
124801,1,0.25,Cup,61.00,g,3,2024-12-19,2024-12-19
124802,1,0.5,Cup,121.00,g,3,2024-12-19,2024-12-19
124803,1,0.5,Cup,123.00,g,3,2024-12-19,2024-12-19
124804,1,8.0,Fluid Ounces,240.00,g,3,2024-12-19,2024-12-19
124805,1,8.0,Fluid Ounces,8.00,g,3,2024-12-19,2024-12-19
124806,1,8.0,Fluid Ounces,8.00,g,3,2024-12-19,2024-12-19
124807,1,8.0,Fluid Ounces,8.00,g,3,2024-12-19,2024-12-19
124808,1,0.25,Cup,61.00,g,3,2024-12-19,2024-12-19
124809,1,0.5,cUP,125.00,g,3,2024-12-19,2024-12-19
124810,1,0.25,CUP,60.00,g,3,2024-12-19,2024-12-19
124811,1,3.0,Fluid Ounces,3.00,g,3,2024-12-19,2024-12-19
124812,1,0.5,Cup,126.00,g,3,2024-12-19,2024-12-19
124813,1,0.5,Cup,121.00,g,3,2024-12-19,2024-12-19
124814,1,0.5,Cup,128.00,g,3,2024-12-19,2024-12-19
124815,1,101.0,Servings Per Container,118.00,g,3,2024-12-19,2025-01-23
124816,1,98.0,Servings Per Container,95.00,g,3,2024-12-19,2025-01-23
124817,1,1.0,Piece,128.00,g,3,2024-12-19,2024-12-19
124818,1,1.0,Piece,130.00,g,3,2024-12-19,2024-12-19
124819,1,1.0,Piece,127.00,g,3,2024-12-19,2024-12-19
124820,1,1.0,Piece,127.00,g,3,2024-12-19,2024-12-19
124821,1,1.0,Roll,28.00,g,3,2024-12-19,2025-01-23
124822,1,1.0,Bar,44.00,g,3,2024-12-19,2024-12-19
124823,1,1.0,Bar,44.00,g,3,2024-12-19,2024-12-19
124824,1,1.0,serving,51.60,g,3,2024-12-19,2024-12-19
124825,1,1.0,Cinnamon Roll,85.00,g,3,2024-12-19,2024-12-19
124826,1,1.0,Cinnamon Roll,71.00,g,3,2024-12-19,2024-12-19
124827,1,1.0,serving,51.88,g,3,2024-12-19,2024-12-19
124828,1,1.0,serving,56.70,g,3,2024-12-19,2024-12-19
124829,1,1.0,serving,28.35,g,3,2024-12-19,2024-12-19
124830,1,1.0,slice,141.00,g,3,2024-12-19,2025-01-23
124831,1,1.0,Bag,28.00,g,3,2024-12-19,2024-12-19
124832,1,2.0,Tbsp,34.00,g,3,2024-12-19,2024-12-19
124833,1,336.0,Servings Per Container,40.00,g,3,2024-12-19,2025-01-23
124834,1,173.0,Servings Per Container,85.00,g,3,2024-12-19,2024-12-19
124835,1,120.0,Servings Per Container,112.00,g,3,2024-12-19,2025-01-23
124836,1,1.0,Pouch,28.00,g,3,2024-12-19,2024-12-19
124837,1,192.0,Servings Per Container,70.00,g,3,2024-12-19,2024-12-19
124838,1,226.0,Servings Per Container,59.00,g,3,2024-12-19,2025-01-23
124839,1,1.0,Portion,80.00,g,3,2024-12-19,2024-12-19
124840,1,7.2,fl oz,213.00,ml,3,2024-12-19,2024-12-19
124841,1,4.0,oz cup,113.00,g,3,2024-12-19,2024-12-19
124842,1,4.0,oz cup,113.00,g,3,2024-12-19,2024-12-19
124843,1,1.0,Pastry,48.00,g,3,2024-12-19,2024-12-19
124844,1,1.0,Pastry,48.00,g,3,2024-12-19,2024-12-19
124845,1,1.0,Pastry,48.00,g,3,2024-12-19,2024-12-19
124846,1,1.0,Pouch,96.00,g,3,2024-12-19,2024-12-19
124847,1,1.0,Pouch,96.00,g,3,2024-12-19,2024-12-19
124848,1,1.0,Pouch,96.00,g,3,2024-12-19,2024-12-19
124849,1,1.0,Tbsp,17.00,g,3,2024-12-19,2024-12-19
124850,1,1.0,Tsp,5.00,g,3,2024-12-19,2024-12-19
124851,1,0.5,cup,125.00,g,3,2024-12-19,2024-12-19
124852,1,0.25,Cup,61.00,g,3,2024-12-19,2024-12-19
124853,1,0.25,Cup,61.00,g,3,2024-12-19,2024-12-19
124854,1,1.0,Tbsp,17.00,g,3,2024-12-19,2024-12-19
124855,1,0.5,cup,125.00,g,3,2024-12-19,2024-12-19
124856,1,0.5,Cup,125.00,g,3,2024-12-19,2024-12-19
124857,1,0.5,Cup,125.00,g,3,2024-12-19,2024-12-19
124858,1,3.0,Fluid Ounces,3.00,g,3,2024-12-19,2024-12-19
124859,1,0.5,cUP,125.00,g,3,2024-12-19,2024-12-19
124860,1,0.5,Cup,122.00,g,3,2024-12-19,2024-12-19
124861,1,0.5,Cup,122.00,g,3,2024-12-19,2024-12-19
124862,1,0.5,CUP,126.00,g,3,2024-12-19,2024-12-19
124863,1,0.5,CUP,126.00,g,3,2024-12-19,2024-12-19
124864,1,156.0,Servings Per Container,86.00,g,3,2024-11-14,2025-01-23
124865,1,1.0,Servings Per Container,136.00,g,3,2024-11-14,2024-11-14
124866,1,96.0,Servings Per Container,56.00,g,3,2024-11-14,2024-11-14
124867,1,1.0,Bar,44.00,g,3,2024-12-19,2024-12-19
124868,1,1.0,Bar,44.00,g,3,2024-12-19,2024-12-19
124869,1,1.0,Bar,44.00,g,3,2024-12-19,2024-12-19
124870,1,1.0,Bar,44.00,g,3,2024-12-19,2024-12-19
124871,1,1.0,Bar,44.00,g,3,2024-12-19,2024-12-19
124872,1,1.0,Bar,44.00,g,3,2024-12-19,2024-12-19
124873,1,1.0,Patty,38.00,g,3,2024-12-19,2024-12-19
124874,1,4.0,Nuggets,86.00,g,3,2024-12-19,2024-12-19
124875,1,250.0,Servings Per Container,56.00,g,3,2024-11-14,2024-11-14
124876,1,160.0,Servings Per Container,84.00,g,3,2024-11-14,2024-11-14
124877,1,100.0,Servings Per Container,91.00,g,3,2024-11-14,2024-11-14
124878,1,2.0,SLICES,28.00,g,3,2024-12-19,2024-12-19
124879,1,2.0,SLICES,28.00,g,3,2024-12-19,2024-12-19
124880,1,2.0,SLICES,28.00,g,3,2024-12-19,2024-12-19
124881,1,2.0,SLICES,28.00,g,3,2024-12-19,2024-12-19
124882,1,2.0,SLICES,25.00,g,3,2024-12-19,2024-12-19
124883,1,49.0,Servings Per Container,91.00,g,3,2024-11-14,2024-11-14
124884,1,58.0,Servings Per Container,78.00,g,3,2024-11-14,2024-11-14
124885,1,1.0,Piece,126.00,g,3,2024-12-19,2024-12-19
124886,1,1.0,Piece,126.00,g,3,2024-12-19,2024-12-19
124887,1,1.0,Piece,126.00,g,3,2024-12-19,2024-12-19
124888,1,1.0,Pizza,141.00,g,3,2024-12-19,2024-12-19
124889,1,1.0,Pizza,141.00,g,3,2024-12-19,2024-12-19
124890,1,1.33,oz,38.00,g,3,2024-11-14,2024-11-14
124891,1,85.0,Servings Per Container,108.00,g,3,2024-11-14,2025-01-23
124892,1,100.0,Servings Per Container,91.00,g,3,2024-11-14,2024-11-14
124893,1,133.0,Servings Per Container,101.00,g,3,2024-11-14,2025-01-23
124894,1,143.0,Servings Per Container,94.00,g,3,2024-11-14,2025-01-23
124895,1,192.0,Servings Per Container,70.00,g,3,2024-11-14,2024-11-14
124896,1,72.0,Servings Per Container,107.00,g,3,2024-11-14,2024-11-14
124897,1,72.0,Servings Per Container,62.00,g,3,2024-11-14,2024-11-14
124898,1,144.0,Servings Per Container,61.00,g,3,2024-11-14,2024-11-14
124899,1,72.0,Servings Per Container,107.00,g,3,2024-11-14,2024-11-14
124900,1,108.0,Servings Per Container,85.00,g,3,2024-11-14,2024-11-14
124901,1,144.0,Servings Per Container,61.00,g,3,2024-11-14,2025-01-23
124902,1,108.0,Servings Per Container,80.00,g,3,2024-11-14,2024-11-14
124903,1,1.0,Servings Per Container,133.00,g,3,2024-11-14,2024-11-14
124904,1,1.0,Servings Per Container,133.00,g,3,2024-12-19,2024-12-19
124905,1,1.0,Servings Per Container,136.00,g,3,2024-12-19,2024-12-19
124906,1,27.0,Servings Per Container,84.00,g,3,2024-12-19,2024-12-19
124907,1,27.0,Servings Per Container,84.00,g,3,2024-11-14,2025-01-23
124908,1,1.0,Servings Per Container,145.00,g,3,2024-12-19,2024-12-19
124909,1,1.0,Servings Per Container,145.00,g,3,2024-11-14,2024-11-14
124910,1,320.0,Servings Per Container,56.00,g,3,2024-11-14,2024-11-14
124911,1,160.0,Servings Per Container,84.00,g,3,2024-11-14,2025-01-23
124912,1,53.0,Servings Per Container,84.00,g,3,2024-11-14,2025-01-23
124913,1,92.0,Servings Per Container,94.00,g,3,2024-11-14,2025-01-23
124914,1,154.0,Servings Per Container,88.00,g,3,2024-11-14,2025-01-23
124915,1,160.0,Servings Per Container,84.00,g,3,2024-11-14,2024-11-14
124916,1,119.0,Servings Per Container,77.00,g,3,2024-11-14,2025-01-23
124917,1,95.0,Servings Per Container,92.00,g,3,2024-11-14,2024-11-14
124918,1,215.0,Servings Per Container,63.00,g,3,2024-11-14,2025-01-23
124919,1,95.0,Servings Per Container,92.00,g,3,2024-11-14,2024-11-14
124920,1,160.0,Servings Per Container,84.00,g,3,2024-11-14,2025-01-23
124921,1,89.0,Servings Per Container,102.00,g,3,2024-11-14,2025-01-23
124922,1,123.0,Servings Per Container,84.00,g,3,2024-11-14,2025-01-23
124923,1,134.0,Servings Per Container,88.00,g,3,2024-11-14,2025-01-23
124924,1,137.0,Servings Per Container,92.00,g,3,2024-11-14,2025-01-23
124925,1,180.0,Servings Per Container,76.00,g,3,2024-11-14,2025-01-23
124926,1,103.0,Servings Per Container,114.00,g,3,2024-11-14,2025-01-23
124927,1,144.0,Servings Per Container,95.00,g,3,2024-11-14,2025-01-23
124928,1,150.0,Servings Per Container,92.00,g,3,2024-11-14,2025-01-23
124929,1,158.0,Servings Per Container,87.00,g,3,2024-11-14,2025-01-23
124930,1,100.0,Servings Per Container,90.00,g,3,2024-11-14,2025-01-23
124931,1,173.0,Servings Per Container,85.00,g,3,2024-11-14,2024-11-14
124932,1,150.0,Servings Per Container,95.00,g,3,2024-11-14,2024-11-14
124933,1,152.0,Servings Per Container,88.00,g,3,2024-11-14,2024-11-14
124934,1,132.0,Servings Per Container,105.00,g,3,2024-11-14,2025-01-23
124935,1,240.0,Servings Per Container,58.00,g,3,2024-11-14,2024-11-14
124936,1,170.0,Servings Per Container,86.00,g,3,2024-11-14,2024-11-14
124937,1,47.0,Servings Per Container,95.00,g,3,2024-11-14,2025-01-23
124938,1,214.0,Servings Per Container,62.00,g,3,2024-11-14,2025-01-23
124939,1,165.0,Servings Per Container,84.00,g,3,2024-11-14,2025-01-23
124940,1,149.0,Servings Per Container,91.00,g,3,2024-11-14,2024-11-14
124941,1,132.0,Servings Per Container,105.00,g,3,2024-11-14,2024-11-14
124942,1,173.0,Servings Per Container,85.00,g,3,2024-11-14,2025-01-23
124943,1,175.0,Servings Per Container,84.00,g,3,2024-11-14,2024-11-14
124944,1,149.0,Servings Per Container,96.00,g,3,2024-11-14,2025-01-23
124945,1,158.0,Servings Per Container,85.00,g,3,2024-11-14,2025-01-23
124946,1,242.0,Servings Per Container,57.00,g,3,2024-11-14,2025-01-23
124947,1,144.0,Servings Per Container,94.00,g,3,2024-11-14,2025-01-23
124948,1,163.0,Servings Per Container,82.00,g,3,2024-11-14,2025-01-23
124949,1,154.0,Servings Per Container,87.00,g,3,2024-11-14,2025-01-23
124950,1,48.0,Servings Per Container,112.00,g,3,2024-11-14,2025-01-23
124951,1,167.0,Servings Per Container,84.00,g,3,2024-11-14,2025-01-23
124952,1,196.0,Servings Per Container,69.00,g,3,2024-11-14,2024-11-14
124953,1,154.0,Servings Per Container,88.00,g,3,2024-11-14,2024-11-14
124954,1,120.0,Servings Per Container,112.00,g,3,2024-11-14,2025-01-23
124955,1,109.0,Servings Per Container,84.00,g,3,2024-11-14,2024-11-14
124956,1,141.0,Servings Per Container,99.00,g,3,2024-11-14,2025-01-23
124957,1,142.0,Servings Per Container,101.00,g,3,2024-11-14,2025-01-23
124958,1,161.0,Servings Per Container,84.00,g,3,2024-11-14,2024-11-14
124959,1,149.0,Servings Per Container,91.00,g,3,2024-11-14,2025-01-23
124960,1,133.0,Servings Per Container,96.00,g,3,2024-11-14,2025-01-23
124961,1,160.0,Servings Per Container,88.00,g,3,2024-11-14,2025-01-23
124962,1,161.0,Servings Per Container,84.00,g,3,2024-11-14,2024-11-14
124963,1,118.0,Servings Per Container,84.00,g,3,2024-11-14,2025-01-23
124964,1,91.0,Servings Per Container,84.00,g,3,2024-11-14,2025-01-23
124965,1,54.0,Servings Per Container,84.00,g,3,2024-11-14,2024-11-14
124966,1,1.0,Amount per serving,163.00,ml,3,2024-11-14,2024-11-14
124967,1,8.0,bites,68.00,g,3,2024-11-14,2024-11-14
124968,1,1.0,Cup,113.00,g,3,2024-11-14,2024-11-14
124969,1,1.0,Pastry,48.00,g,3,2024-12-19,2024-12-19
124970,1,1.0,Pouch,28.00,g,3,2024-12-19,2024-12-19
124971,1,0.5,Cup,121.00,g,3,2024-12-19,2024-12-19
124972,1,0.5,Cup,121.00,g,3,2024-11-14,2024-11-14
124973,1,0.25,Cup,60.00,g,3,2024-11-14,2024-11-14
124974,1,1.0,Tbsp,17.00,g,3,2024-11-14,2024-11-14
124975,1,1.0,Bottle,296.00,ml,3,2024-11-14,2024-11-14
124976,1,1.0,Croissant,34.00,g,3,2024-11-14,2024-11-14
124977,1,0.5,Cup,121.00,g,3,2024-11-14,2024-11-14
124978,1,0.25,Cup,63.00,g,3,2024-11-14,2024-11-14
124979,1,0.25,cup,61.00,g,3,2024-11-14,2024-11-14
124980,1,2.0,Tbsp,36.00,g,3,2024-11-14,2024-11-14
124981,1,2.0,Tbsp,32.00,g,3,2024-12-19,2024-12-19
124982,1,2.0,Tbsp,33.00,g,3,2024-11-14,2024-11-14
124983,1,2.0,Tbsp,33.00,g,3,2024-12-19,2024-12-19
124984,1,1.0,Pouch,28.00,g,3,2024-12-19,2024-12-19
124985,1,1.0,Pouch,28.00,g,3,2024-12-19,2024-12-19
124986,1,1.5,oz. bar,43.00,g,3,2024-11-14,2024-11-14
124987,1,1.0,Amount per serving,120.00,ml,3,2024-11-14,2024-11-14
124988,1,1.0,Amount per serving,120.00,ml,3,2024-11-14,2024-11-14
124989,1,1.0,Amount per serving,120.00,ml,3,2024-11-14,2024-11-14
124990,1,1.0,Amount per serving,120.00,ml,3,2024-11-14,2024-11-14
124991,1,0.25,Cup,63.00,g,3,2024-12-19,2024-12-19
124992,1,0.25,Cup,63.00,g,3,2024-12-19,2024-12-19
124993,1,0.25,Cup,61.00,g,3,2024-12-19,2024-12-19
124994,1,1.0,Tbsp,17.00,g,3,2024-12-19,2024-12-19
124995,1,0.25,Cup,63.00,g,3,2024-12-19,2024-12-19
124996,1,2.0,Tbsp,36.00,g,3,2024-12-19,2024-12-19
124997,1,0.5,Cup,121.00,g,3,2024-12-19,2024-12-19
124998,1,1.0,Tbsp,17.00,g,3,2024-12-19,2024-12-19
124999,1,1.0,Tbsp,17.00,g,3,2024-12-19,2024-12-19
125000,1,1.0,Tbsp,17.00,g,3,2024-12-19,2024-12-19
125001,1,1.0,Tbsp,17.00,g,3,2024-12-19,2024-12-19
125002,1,1.0,Tbsp,17.00,g,3,2024-12-19,2024-12-19
125003,1,1.0,Tbsp,17.00,g,3,2024-12-19,2024-12-19
125004,1,1.0,Tbsp,17.00,g,3,2024-12-19,2024-12-19
125005,1,1.0,Tbsp,17.00,g,3,2024-12-19,2024-12-19
125006,1,1.0,Tbsp,17.00,g,3,2024-12-19,2024-12-19
125007,1,1.0,Packet,7.00,g,3,2024-12-19,2024-12-19
125008,1,1.0,Tsp,5.00,g,3,2024-11-14,2024-11-14
125009,1,1.0,Tsp,5.00,g,3,2024-11-14,2024-11-14
125010,1,0.5,Cup,123.00,g,3,2024-12-19,2024-12-19
125011,1,8.0,Fluid Ounces,8.00,g,3,2024-12-19,2024-12-19
125012,1,0.25,Cup,63.00,g,3,2024-12-19,2024-12-19
125013,1,0.25,Cup,63.00,g,3,2024-12-19,2024-12-19
125014,1,0.5,Cup,121.00,g,3,2024-12-19,2024-12-19
125015,1,0.5,Cup,121.00,g,3,2024-12-19,2024-12-19
125016,1,0.5,Cup,121.00,g,3,2024-12-19,2024-12-19
125017,1,0.5,Cup,121.00,g,3,2024-12-19,2024-12-19
125018,1,0.25,Cup,64.00,g,3,2024-12-19,2024-12-19
125019,1,0.5,Cup,123.00,g,3,2024-12-19,2024-12-19
125020,1,8.0,Fluid Ounces,240.00,g,3,2024-12-19,2024-12-19
125021,1,8.0,Fluid Ounces,8.00,g,3,2024-12-19,2024-12-19
125022,1,8.0,Fluid Ounces,8.00,g,3,2024-12-19,2024-12-19
125023,1,8.0,Fluid Ounces,8.00,g,3,2024-12-19,2024-12-19
125024,1,0.5,cup,128.00,g,3,2024-12-19,2024-12-19
125025,1,0.25,Cup,61.00,g,3,2024-12-19,2024-12-19
125026,1,0.5,Cup,121.00,g,3,2024-12-19,2024-12-19
125027,1,0.5,Cup,121.00,g,3,2024-12-19,2024-12-19
125028,1,1.0,Slice,69.00,g,3,2024-11-14,2024-11-14
125029,1,1.0,Slice,75.00,g,3,2024-11-14,2024-11-14
125030,1,1.0,Slice,132.00,g,3,2024-11-14,2024-11-14
125031,1,1.0,Slice,129.00,g,3,2024-11-14,2024-11-14
125032,1,1.0,Slice,129.00,g,3,2024-11-14,2024-11-14
125033,1,160.0,Servings Per Container,84.00,g,3,2024-10-31,2024-10-31
125034,1,1.0,Slice,136.00,g,3,2024-11-14,2024-11-14
125035,1,1.0,Stick,55.00,g,3,2024-11-14,2024-11-14
125036,1,1.0,Slice,136.00,g,3,2024-11-14,2024-11-14
125037,1,1.0,Slice,136.00,g,3,2024-11-14,2024-11-14
125038,1,3.0,Triangles,114.00,g,3,2024-11-14,2024-11-14
125039,1,1.0,Slice,137.00,g,3,2024-11-14,2024-11-14
125040,1,1.0,slice (132g),130.76,g,3,2024-11-14,2024-11-14
125041,1,1.0,Slice,142.00,g,3,2024-11-14,2024-11-14
125042,1,1.0,Slice,140.00,g,3,2024-11-14,2024-11-14
125043,1,1.0,Calzone,133.00,g,3,2024-10-31,2024-10-31
125044,1,1.0,Calzone,133.00,g,3,2024-10-31,2024-10-31
125045,1,1.0,Piece,126.00,g,3,2024-10-31,2025-01-23
125046,1,1.0,PER SERVING,252.00,g,3,2024-10-31,2024-10-31
125047,1,1.0,Slice,142.00,g,3,2024-10-31,2024-10-31
125048,1,1.0,Calzone,133.00,g,3,2024-10-31,2024-10-31
125049,1,4.5,oz cup,128.00,g,3,2024-10-31,2025-01-23
125050,1,1.0,Chocolate Swirl,85.00,g,3,2024-10-31,2024-10-31
125051,1,1.0,Garlic Knot,37.00,g,3,2024-10-31,2024-10-31
125052,1,1.0,Garlic Knot,57.00,g,3,2024-10-31,2024-10-31
125053,1,1.0,serving,170.00,g,3,2024-10-31,2024-10-31
125054,1,1.0,Pouch,27.00,g,3,2024-12-19,2024-12-19
125055,1,1.0,Slice (19 slices per loaf),51.00,g,3,2024-10-31,2024-10-31
125056,1,1.0,Sandwich,82.00,g,3,2024-10-31,2024-10-31
125057,1,1.0,Per Serving,300.00,ml,3,2024-10-31,2024-10-31
125058,1,1.0,Slice,132.00,g,3,2024-10-31,2024-10-31
125059,1,4.5,oz cup,128.00,g,3,2024-10-31,2024-10-31
125060,1,28.0,g,28.00,g,3,2024-10-31,2024-10-31
125061,1,1.0,Slice,132.00,g,3,2024-10-31,2024-10-31
125062,1,4.5,oz cup,128.00,g,3,2024-10-31,2024-10-31
125063,1,4.5,oz cup,128.00,g,3,2024-10-31,2025-01-23
125064,1,4.5,oz cup,128.00,g,3,2024-10-31,2024-10-31
125065,1,4.5,oz cup,128.00,g,3,2024-10-31,2024-10-31
125066,1,4.5,oz cup,128.00,g,3,2024-10-31,2024-10-31
125067,1,4.5,oz cup,128.00,g,3,2024-10-31,2024-10-31
125068,1,4.5,oz cup,128.00,g,3,2024-10-31,2024-10-31
125069,1,4.5,oz cup,128.00,g,3,2024-10-31,2024-10-31
125070,1,4.5,oz cup,128.00,g,3,2024-10-31,2024-10-31
125071,1,8.0,Fluid Ounces,8.00,g,3,2024-12-19,2024-12-19
125072,1,1.0,Bar,37.00,g,3,2024-12-19,2024-12-19
125073,1,1.0,Bar,37.00,g,3,2024-12-19,2024-12-19
125074,1,1.0,Bar,37.00,g,3,2024-12-19,2024-12-19
125075,1,1.0,Bar,37.00,g,3,2024-12-19,2024-12-19
125076,1,0.5,Cup,55.00,g,3,2024-12-19,2024-12-19
125077,1,1.0,Bar,37.00,g,3,2024-12-19,2024-12-19
125078,1,1.0,Bar,37.00,g,3,2024-12-19,2024-12-19
125079,1,1.0,Stick,55.00,g,3,2024-10-31,2024-10-31
125080,1,1.0,Slice,132.00,g,3,2024-10-31,2024-10-31
125081,1,1.0,Slice,129.00,g,3,2024-10-31,2024-10-31
125082,1,1.0,Breadstick,65.00,g,3,2024-10-31,2024-10-31
125083,1,1.0,Slice,133.00,g,3,2024-10-31,2024-10-31
125084,1,3.0,Triangles,116.00,g,3,2024-10-31,2024-10-31
125085,1,1.0,Stick,55.00,g,3,2024-10-31,2024-10-31
125086,1,1.0,Slice,136.00,g,3,2024-10-31,2024-10-31
125087,1,1.0,slice,137.00,g,3,2024-10-31,2024-10-31
125088,1,1.0,Slice,137.00,g,3,2024-10-31,2024-10-31
125089,1,1.0,Slice,141.00,g,3,2024-10-31,2024-10-31
125090,1,1.0,Each,85.05,g,3,2024-09-13,2024-09-13
125091,1,1.0,Each,113.40,g,3,2024-09-13,2024-09-13
125092,1,1.0,Each,85.05,g,3,2024-09-13,2024-09-13
125093,1,1.0,Each,141.75,g,3,2024-09-13,2024-09-13
125094,1,1.0,Each,113.40,g,3,2024-09-13,2024-09-13
125095,1,1.0,Each,141.75,g,3,2024-09-13,2024-09-13
125096,1,1.0,Each,141.75,g,3,2024-09-13,2024-09-13
125097,1,1.0,Each,85.05,g,3,2024-09-13,2024-09-13
125098,1,1.0,Each,113.40,g,3,2024-09-13,2024-09-13
125099,1,1.0,Each,113.40,g,3,2024-09-13,2024-09-13
125100,1,1.0,Each,141.75,g,3,2024-09-13,2024-09-13
125101,1,1.0,Each,163.01,g,3,2024-09-13,2024-09-13
125102,1,1.0,Each,141.75,g,3,2024-09-13,2024-09-13
125103,1,1.0,Each,85.05,g,3,2024-09-13,2024-09-13
125104,1,1.0,Each,113.40,g,3,2024-09-13,2024-09-13
125105,1,1.0,Each,141.75,g,3,2024-09-13,2024-09-13
125106,1,1.0,Each,113.40,g,3,2024-09-13,2024-09-13
125107,1,1.0,Slice (142g),140.00,g,3,2024-10-31,2024-10-31
125108,1,1.0,Each,141.75,g,3,2024-09-13,2024-09-13
125109,1,1.0,Each,113.40,g,3,2024-09-13,2024-09-13
125110,1,1.0,Each,144.59,g,3,2024-09-13,2024-09-13
125111,1,1.0,Stick,55.00,g,3,2024-10-31,2024-10-31
125112,1,1.0,Package,51.00,g,3,2024-09-13,2024-09-13
125113,1,1.0,Package,50.00,g,3,2024-09-13,2024-09-13
125114,1,1.0,Sandwich,75.00,g,3,2024-09-13,2024-09-13
125115,1,1.0,Slice,138.00,g,3,2024-10-31,2024-10-31
125116,1,2.0,slices,28.00,g,3,2024-09-13,2024-09-13
125117,1,2.0,slices,28.00,g,3,2024-09-13,2024-09-13
125118,1,2.0,slices,28.00,g,3,2024-09-13,2024-09-13
125119,1,28.0,g,28.00,g,3,2024-09-13,2024-09-13
125120,1,28.0,g,28.00,g,3,2024-09-13,2024-09-13
125121,1,28.0,g,28.00,g,3,2024-09-13,2024-09-13
125122,1,6.0,slices,28.00,g,3,2024-09-13,2024-09-13
125123,1,2.0,slices,28.00,g,3,2024-09-13,2024-09-13
125124,1,2.0,slices,28.00,g,3,2024-09-13,2024-09-13
125125,1,4.5,oz cup,128.00,g,3,2024-10-31,2024-10-31
125126,1,1.0,Amount per serving,240.00,ml,3,2024-09-13,2024-09-13
125127,1,1.0,Amount per serving,240.00,ml,3,2024-09-13,2024-09-13
125128,1,1.0,Chocolate Swirl,71.00,g,3,2024-09-13,2024-09-13
125129,1,1.0,Cinnamon Roll,85.00,g,3,2024-09-13,2024-09-13
125130,1,1.0,MUFFIN,57.00,g,3,2024-09-13,2024-09-13
125131,1,1.0,Bottle,295.00,ml,3,2024-09-13,2025-01-23
125132,1,1.0,Bottle,295.00,ml,3,2024-09-13,2025-01-23
125133,1,0.8,oz bag,23.00,g,3,2024-10-31,2024-10-31
125134,1,1.0,Tbsp,17.00,g,3,2024-12-19,2024-12-19
125135,1,1.0,Tbsp,17.00,g,3,2024-12-19,2024-12-19
125136,1,1.0,Pouch,27.00,g,3,2024-12-19,2024-12-19
125137,1,1.0,Pouch,90.00,g,3,2024-09-13,2024-09-13
125138,1,92.0,Servings Per Container,94.00,g,3,2024-10-31,2024-10-31
125139,1,88.0,Servings Per Container,103.00,g,3,2024-10-31,2024-10-31
125140,1,1.0,Pouch,90.00,g,3,2024-12-19,2024-12-19
125141,1,1.0,Cup,113.00,g,3,2024-12-19,2024-12-19
125142,1,1.0,Bag,10.00,g,3,2024-12-19,2024-12-19
125143,1,1.0,Bag,10.00,g,3,2024-12-19,2024-12-19
125144,1,1.0,Bottle,296.00,ml,3,2024-12-19,2024-12-19
125145,1,1.0,Bottle,296.00,ml,3,2024-12-19,2024-12-19
125146,1,1.0,Pouch,90.00,g,3,2024-12-19,2024-12-19
125147,1,1.0,Juice Box,200.00,ml,3,2024-12-19,2024-12-19
125148,1,1.0,Cup,128.00,g,3,2024-12-19,2024-12-19
125149,1,1.0,Cup,113.00,g,3,2024-12-19,2024-12-19
125150,1,2.85,oz,81.00,g,3,2024-08-15,2024-08-15
125151,1,0.5,Cup,110.00,g,3,2024-08-15,2024-08-15
125152,1,1.0,oz.,28.00,g,3,2024-08-15,2024-08-15
125153,1,3.6,oz,102.00,g,3,2024-08-15,2024-08-15
125155,1,1.0,egg,55.00,g,3,2024-08-15,2024-08-15
125156,1,1.0,Hot Dog Bun,35.00,g,3,2024-08-15,2024-08-15
125157,1,1.0,Bar,12.00,g,3,2024-12-19,2024-12-19
125158,1,1.0,Bar,37.00,g,3,2024-12-19,2024-12-19
125159,1,1.0,Bar,37.00,g,3,2024-12-19,2024-12-19
125160,1,0.25,cup,30.00,g,3,2024-12-19,2024-12-19
125161,1,1.0,Servings Per Container,144.00,g,3,2024-08-15,2024-08-15
125162,1,1.0,Servings Per Container,144.00,g,3,2024-08-15,2024-08-15
125165,1,1.0,Bar,37.00,g,3,2024-12-19,2024-12-19
125166,1,1.0,Bar,37.00,g,3,2024-12-19,2024-12-19
125167,1,0.25,cup,30.00,g,3,2024-12-19,2024-12-19
125168,1,0.25,cup,30.00,g,3,2024-12-19,2024-12-19
125169,1,1.0,Pouch,86.00,g,3,2024-12-19,2024-12-19
125170,1,1.0,Pouch,86.00,g,3,2024-12-19,2024-12-19
125171,1,1.0,Pouch,86.00,g,3,2024-12-19,2024-12-19
125172,1,1.0,Pouch,75.00,g,3,2024-12-19,2024-12-19
125173,1,1.0,Pouch,75.00,g,3,2024-12-19,2024-12-19
125174,1,1.0,Pouch,50.00,g,3,2024-12-19,2024-12-19
125175,1,1.0,Amount per serving,35.40,g,3,2024-08-15,2024-08-15
125176,1,1.0,Amount per serving,240.00,ml,3,2024-07-11,2024-07-11
125177,1,1.0,Amount per serving,240.00,ml,3,2024-07-11,2024-07-11
125178,1,1.0,Amount per serving,21.00,g,3,2024-07-11,2024-07-11
125179,1,2.0,slices,28.00,g,3,2024-07-11,2024-07-11
125180,1,0.25,CUP,44.00,g,3,2024-12-19,2024-12-19
125181,1,1.0,bag (approx 8 bites),68.00,g,3,2024-07-11,2024-07-11
125182,1,0.333,cup Dry,45.00,g,3,2024-07-11,2024-07-11
125183,1,2.2,oz,62.00,g,3,2024-07-11,2024-07-11
125184,1,1.0,Amount per serving,30.00,ml,3,2024-07-11,2024-07-11
125185,1,19.0,Chips,28.00,g,3,2024-08-15,2024-08-15
125186,1,1.0,Pouch,50.00,g,3,2024-07-11,2024-07-11
125187,1,1.0,Pouch,86.00,g,3,2024-12-19,2024-12-19
125188,1,1.0,Amount per serving,30.00,g,3,2024-07-11,2024-07-11
125189,1,10.4,OZ,291.20,g,3,2024-07-11,2024-07-11
125190,1,4.5,oz cup,128.00,g,3,2024-12-19,2024-12-19
125191,1,1.0,Pouch,96.00,g,3,2024-12-19,2024-12-19
125192,1,1.0,Pouch,96.00,g,3,2024-12-19,2024-12-19
125193,1,1.0,egg,50.00,g,3,2024-07-11,2024-07-11
125194,1,1.0,Amount per serving,240.00,ml,3,2024-07-11,2024-07-11
125195,1,1.0,Amount per serving,85.00,g,3,2024-07-11,2024-07-11
125196,1,1.0,Amount per serving,354.00,ml,3,2024-07-11,2024-07-11
125197,1,1.0,Amount per serving,120.00,ml,3,2024-07-11,2024-07-11
125198,1,1.0,Amount per serving,120.00,ml,3,2024-07-11,2024-07-11
125199,1,1.0,Amount per serving,120.00,ml,3,2024-07-11,2024-07-11
125200,1,1.0,Amount per serving,120.00,ml,3,2024-07-11,2024-07-11
125201,1,1.0,Amount per serving,60.00,ml,3,2024-07-11,2024-07-11
125202,1,1.0,Amount per serving,127.00,g,3,2024-07-11,2024-07-11
125203,1,1.0,Amount per serving,30.00,ml,3,2024-07-11,2024-07-11
125204,1,1.0,Amount per serving,120.00,ml,3,2024-07-11,2024-07-11
125205,1,1.0,Amount per serving,120.00,ml,3,2024-07-11,2024-07-11
125206,1,1.0,Amount per serving,120.00,ml,3,2024-07-11,2024-07-11
125207,1,1.0,Amount per serving,120.00,ml,3,2024-07-11,2024-07-11
125208,1,1.0,Amount per serving,120.00,ml,3,2024-07-11,2024-07-11
125209,1,1.0,Amount per serving,120.00,ml,3,2024-07-11,2024-07-11
125210,1,1.0,PER SERVING,206.00,g,3,2024-07-11,2024-07-11
125211,1,1.0,Amount per serving,120.00,ml,3,2024-07-11,2024-07-11
125212,1,1.0,Amount per serving,38.00,g,3,2024-07-11,2024-07-11
125213,1,1.0,Amount per serving,35.40,g,3,2024-07-11,2024-07-11
125214,1,1.0,Amount per serving,35.40,g,3,2024-07-11,2024-07-11
125215,1,1.0,Amount per serving,35.40,g,3,2024-07-11,2024-07-11
125216,1,1.0,Amount per serving,120.00,ml,3,2024-07-11,2024-07-11
125217,1,1.0,Amount per serving,120.00,ml,3,2024-07-11,2024-07-11
125218,1,1.0,Amount per serving,120.00,ml,3,2024-07-11,2024-07-11
125219,1,1.0,Amount per serving,120.00,ml,3,2024-07-11,2024-07-11
125220,1,1.0,Amount per serving,21.00,g,3,2024-07-11,2024-07-11
125221,1,1.0,Amount per serving,21.00,g,3,2024-07-11,2024-07-11
125222,1,1.0,Amount per serving,240.00,ml,3,2024-07-11,2024-07-11
125223,1,1.0,Amount per serving,30.00,g,3,2024-07-11,2024-07-11
125224,1,1.0,Amount per serving,26.00,g,3,2024-07-11,2024-07-11
125225,1,1.0,Amount per serving,28.00,g,3,2024-07-11,2024-07-11
125226,1,1.0,Amount per serving,240.00,ml,3,2024-07-11,2024-07-11
125227,1,1.0,Amount per serving,240.00,ml,3,2024-07-11,2024-07-11
125228,1,1.0,Amount per serving,85.00,g,3,2024-07-11,2024-07-11
125229,1,1.0,Amount per serving,127.00,g,3,2024-07-11,2024-07-11
125230,1,1.0,Amount per serving,354.00,ml,3,2024-07-11,2024-07-11
125231,1,1.0,Amount per serving,120.00,ml,3,2024-07-11,2024-07-11
125232,1,1.0,Amount per serving,120.00,ml,3,2024-07-11,2024-07-11
125233,1,1.0,Amount per serving,120.00,ml,3,2024-07-11,2024-07-11
125234,1,1.0,Amount per serving,120.00,ml,3,2024-07-11,2024-07-11
125235,1,1.0,Amount per serving,120.00,ml,3,2024-07-11,2024-07-11
125236,1,1.0,Amount per serving,120.00,ml,3,2024-07-11,2024-07-11
125237,1,1.0,Amount/serving,120.00,ml,3,2024-07-11,2024-07-11
125238,1,1.0,Amount per serving,120.00,ml,3,2024-07-11,2024-07-11
125239,1,1.0,Amount per serving,120.00,ml,3,2024-07-11,2024-07-11
125240,1,1.0,Amount per serving,120.00,ml,3,2024-07-11,2024-07-11
125241,1,1.0,Amount per serving,195.00,g,3,2024-07-11,2024-07-11
125242,1,1.0,Amount per serving,217.00,g,3,2024-07-11,2024-07-11
125243,1,1.0,Amount per serving,208.00,g,3,2024-07-11,2024-07-11
125244,1,1.0,Amount per serving,60.00,ml,3,2024-07-11,2024-07-11
125245,1,1.0,PER SERVING,206.00,g,3,2024-07-11,2024-07-11
125246,1,1.0,Amount/serving,206.00,g,3,2024-07-11,2024-07-11
125247,1,1.0,PER SERVING,206.00,g,3,2024-07-11,2024-07-11
125248,1,1.0,PER SERVING,206.00,g,3,2024-07-11,2024-07-11
125249,1,1.0,Amount per serving,21.00,g,3,2024-07-11,2024-07-11
125250,1,1.0,Amount per serving,21.00,g,3,2024-07-11,2024-07-11
125251,1,1.0,Amount per serving,21.00,g,3,2024-07-11,2024-07-11
125252,1,1.0,Amount per serving,21.00,g,3,2024-07-11,2024-07-11
125253,1,1.0,Amount per serving,26.00,g,3,2024-07-11,2024-07-11
125254,1,1.0,Amount per serving,28.00,g,3,2024-07-11,2024-07-11
125255,1,1.0,Amount per serving,28.00,g,3,2024-07-11,2024-07-11
125256,1,1.0,Container,35.00,g,3,2024-12-19,2024-12-19
125257,1,0.5,cup,125.00,g,3,2024-07-11,2024-07-11
125258,1,28.0,g,28.00,g,3,2024-07-11,2024-07-11
125259,1,1.0,Bar,40.00,g,3,2024-12-19,2024-12-19
125260,1,1.0,Bar,45.00,g,3,2024-12-19,2024-12-19
125261,1,1.0,package,28.30,g,3,2024-07-11,2024-07-11
125262,1,1.0,Container,28.00,g,3,2024-12-19,2024-12-19
125263,1,1.0,Container,28.00,g,3,2024-12-19,2024-12-19
125264,1,1.0,Pouch,86.00,g,3,2024-12-19,2024-12-19
125265,1,1.0,Pouch,86.00,g,3,2024-12-19,2024-12-19
125266,1,1.0,Pouch,86.00,g,3,2024-12-19,2024-12-19
125267,1,1.0,Pouch,86.00,g,3,2024-12-19,2024-12-19
125268,1,1.0,Pouch,86.00,g,3,2024-12-19,2024-12-19
125269,1,1.0,Pouch,75.00,g,3,2024-12-19,2024-12-19
125270,1,1.0,Pouch,75.00,g,3,2024-12-19,2024-12-19
125271,1,1.0,Container,28.00,g,3,2024-12-19,2024-12-19
125272,1,1.0,Container,28.00,g,3,2024-12-19,2024-12-19
125273,1,1.0,Container,28.00,g,3,2024-12-19,2024-12-19
125274,1,1.0,Container,28.00,g,3,2024-12-19,2024-12-19
125275,1,1.0,Container,59.00,g,3,2024-12-19,2024-12-19
125276,1,1.0,Container,59.00,g,3,2024-12-19,2024-12-19
125277,1,1.0,Container,28.00,g,3,2024-12-19,2024-12-19
125278,1,1.0,Container,28.00,g,3,2024-12-19,2024-12-19
125279,1,1.0,Pastry,48.00,g,3,2024-12-19,2024-12-19
125280,1,1.0,Pastry,48.00,g,3,2024-12-19,2024-12-19
125281,1,1.0,Pastry,48.00,g,3,2024-12-19,2024-12-19
125282,1,1.0,Pouch,96.00,g,3,2024-12-19,2024-12-19
125283,1,1.0,Pouch,96.00,g,3,2024-12-19,2024-12-19
125284,1,1.0,Bar,37.00,g,3,2024-12-19,2024-12-19
125285,1,1.0,Bar,37.00,g,3,2024-12-19,2024-12-19
125286,1,1.0,Container,59.00,g,3,2024-12-19,2024-12-19
125287,1,1.0,Container,59.00,g,3,2024-12-19,2024-12-19
125288,1,1.0,Container,59.00,g,3,2024-12-19,2024-12-19
125289,1,1.0,Container,59.00,g,3,2024-12-19,2024-12-19
125290,1,1.0,Pouch,28.00,g,3,2024-12-19,2024-12-19
125291,1,1.0,Pouch,28.00,g,3,2024-12-19,2024-12-19
125292,1,1.0,Pouch,86.00,g,3,2024-12-19,2024-12-19
125293,1,1.0,Pouch,28.00,g,3,2024-12-19,2024-12-19
125294,1,1.0,Pouch,50.00,g,3,2024-12-19,2024-12-19
125295,1,1.0,Container,28.00,g,3,2024-12-19,2024-12-19
125296,1,1.0,Pastry,48.00,g,3,2024-12-19,2024-12-19
125297,1,1.0,Pastry,48.00,g,3,2024-12-19,2024-12-19
125298,1,1.0,Pouch,96.00,g,3,2024-12-19,2024-12-19
125299,1,1.0,Pouch,96.00,g,3,2024-12-19,2024-12-19
125300,1,1.0,Pouch,96.00,g,3,2024-12-19,2024-12-19
125301,1,1.0,Pouch,96.00,g,3,2024-12-19,2024-12-19
125302,1,1.0,Container,35.00,g,3,2024-12-19,2024-12-19
125303,1,1.0,Bar,40.00,g,3,2024-12-19,2024-12-19
125304,1,1.0,Bar,40.00,g,3,2024-12-19,2024-12-19
125305,1,1.0,Bar,45.00,g,3,2024-12-19,2024-12-19
125306,1,1.0,Bar,45.00,g,3,2024-12-19,2024-12-19
125307,1,1.0,Pastry,48.00,g,3,2024-12-19,2024-12-19
125308,1,1.0,Pastry,48.00,g,3,2024-12-19,2024-12-19
125309,1,1.0,Pastry,48.00,g,3,2024-12-19,2024-12-19
125310,1,1.0,Pouch,21.00,g,3,2024-12-19,2024-12-19
125311,1,1.0,Package,22.00,g,3,2024-12-19,2024-12-19
125312,1,1.0,Package,22.00,g,3,2024-12-19,2024-12-19
125313,1,1.0,Pouch,25.00,g,3,2024-12-19,2024-12-19
125314,1,1.0,Pouch,28.00,g,3,2024-07-11,2024-07-11
125315,1,1.0,Pouch,28.00,g,3,2024-07-11,2024-07-11
125316,1,1.0,Pouch,28.00,g,3,2024-07-11,2024-07-11
125317,1,1.0,Burger,71.00,g,3,2024-12-19,2024-12-19
125318,1,1.0,slice,19.00,g,3,2024-07-11,2024-07-11
125319,1,32.0,g,32.00,g,3,2024-12-19,2024-12-19
125320,1,1.0,Empanada 2.8 oz.,79.00,g,3,2024-07-11,2024-07-11
125321,1,1.0,Pouch,28.00,g,3,2024-12-19,2024-12-19
125322,1,1.0,Croissant,57.00,g,3,2024-07-11,2024-07-11
125323,1,1.0,English Muffin,57.00,g,3,2024-07-11,2024-07-11
125324,1,1.0,Hot Dog Bun,57.00,g,3,2024-07-11,2024-07-11
125325,1,0.5,Cup,125.00,g,3,2024-12-19,2024-12-19
125326,1,2.0,Pancakes,85.00,g,3,2024-07-11,2024-07-11
125327,1,1.0,Slice (132g),130.76,g,3,2024-07-11,2024-07-11
125328,1,1.0,Slice,133.00,g,3,2024-07-11,2025-01-23
125329,1,2.0,OZ,57.00,g,3,2024-05-16,2024-05-16
125330,1,1.0,Each,170.10,g,3,2024-05-16,2025-01-13
125331,1,11.0,CHIPS,28.00,g,3,2024-12-19,2024-12-19
125332,1,10.4,ounces,291.20,g,3,2024-05-16,2024-05-16
125333,1,32.0,Tbsp,32.00,g,3,2024-12-19,2024-12-19
125334,1,32.0,Tbsp,32.00,g,3,2024-12-19,2024-12-19
125335,1,32.0,Tbsp,32.00,g,3,2024-12-19,2024-12-19
125336,1,1.0,Pouch,96.00,g,3,2024-12-19,2024-12-19
125337,1,0.75,Cup,89.00,g,3,2024-12-19,2024-12-19
125338,1,0.667,cup,93.00,g,3,2024-12-19,2024-12-19
125339,1,1.0,Apple Fritter,85.00,g,3,2024-08-15,2024-08-15
125340,1,1.0,Muffin Top,57.00,g,3,2024-08-15,2025-01-23
125341,1,1.0,Croissant,62.00,g,3,2024-08-15,2024-08-15
125342,1,1.0,oz. portion,28.00,g,3,2024-08-15,2024-08-15
125343,1,1.0,Hamburger Bun,57.00,g,3,2024-08-15,2024-08-15
125344,1,4.0,Garlic Mozzarella Dippinz Bites,117.00,g,3,2024-08-15,2024-08-15
125345,1,1.0,Pull Apart,116.00,g,3,2024-08-15,2024-08-15
125346,1,4.0,Bites,117.00,g,3,2024-08-15,2024-08-15
125347,1,1.0,Pull Apart,116.00,g,3,2024-08-15,2024-08-15
125348,1,3.6,oz,102.00,g,3,2024-08-15,2024-08-15
125349,1,1.0,Muffin Top,57.00,g,3,2024-08-15,2024-08-15
125350,1,8.0,bites,68.00,g,3,2024-08-15,2024-08-15
125351,1,1.0,bag (approx 8 bites),68.00,g,3,2024-08-15,2024-08-15
125352,1,1.0,Slice 5.1 oz,145.00,g,3,2024-08-15,2024-08-15
125353,1,1.0,Slice 5.88 oz,167.00,g,3,2024-08-15,2024-08-15
125354,1,1.0,Slice 5.1 oz,145.00,g,3,2024-08-15,2025-01-23
125355,1,1.0,Slice 5.88 oz,167.00,g,3,2024-08-15,2024-08-15
125356,1,1.0,Slice 5.60 oz,159.00,g,3,2024-08-15,2024-08-15
125357,1,1.0,Slice 4.40 oz,125.00,g,3,2024-08-15,2025-01-23
125358,1,1.0,Slice 5.0 oz,142.00,g,3,2024-08-15,2024-08-15
125359,1,1.0,Slice 4.40 oz,125.00,g,3,2024-08-15,2025-01-23
125360,1,1.0,Slice 5.0 oz,142.00,g,3,2024-08-15,2025-01-23
125361,1,1.0,sandwich 3.0oz,85.00,g,3,2024-08-15,2024-08-15
125362,1,1.0,sandwich 2.5oz,71.00,g,3,2024-08-15,2024-08-15
125363,1,1.0,sandwich 2.5oz,71.00,g,3,2024-08-15,2024-08-15
125364,1,1.0,sandwich,115.00,g,3,2024-08-15,2024-08-15
125365,1,1.0,sandwich,115.00,g,3,2024-08-15,2025-01-23
125366,1,28.0,g,28.00,g,3,2024-08-15,2024-08-15
125367,1,28.0,g,28.00,g,3,2024-08-15,2024-08-15
125368,1,28.0,g,28.00,g,3,2024-08-15,2024-08-15
125369,1,28.0,g,28.00,g,3,2024-08-15,2024-08-15
125370,1,28.0,g,28.00,g,3,2024-08-15,2024-08-15
125371,1,2.0,slices,28.00,g,3,2024-08-15,2024-08-15
125372,1,28.0,g,28.00,g,3,2024-08-15,2024-08-15
125373,1,28.0,g,28.00,g,3,2024-08-15,2024-08-15
125374,1,28.0,g,28.00,g,3,2024-08-15,2024-08-15
125375,1,28.0,g,28.00,g,3,2024-08-15,2024-08-15
125376,1,2.0,slices,28.00,g,3,2024-08-15,2024-08-15
125377,1,0.25,"cup (Dry), 1/2 cup, cooked, drained",49.00,g,3,2024-12-19,2024-12-19
125378,1,0.25,"cup (Dry), 1/2 cup, cooked, drained",49.00,g,3,2024-12-19,2024-12-19
125379,1,1.0,Packet,43.00,g,3,2024-08-15,2024-08-15
125380,1,0.5,cup,130.00,g,3,2024-05-16,2025-01-23
125381,1,0.5,cup,130.00,g,3,2024-05-16,2025-01-23
125382,1,2.0,tbsp,30.00,g,3,2024-05-16,2025-01-23
125383,1,2.0,tbsp,30.00,g,3,2024-05-16,2025-01-23
125384,1,2.0,tbsp,30.00,g,3,2024-05-16,2025-01-23
125385,1,2.0,tbsp,30.00,g,3,2024-05-16,2025-01-23
125386,1,1.0,cup,140.00,g,3,2024-12-19,2024-12-19
125387,1,0.5,cup,125.00,g,3,2024-12-19,2024-12-19
125388,1,1.0,Per Serving,300.00,ml,3,2024-03-14,2024-03-14
125389,1,1.0,Bar,36.00,g,3,2024-12-19,2024-12-19
125390,1,1.0,Bar,36.00,g,3,2024-12-19,2024-12-19
125391,1,1.0,Bar,36.00,g,3,2024-12-19,2024-12-19
125392,1,1.0,Bar,36.00,g,3,2024-12-19,2024-12-19
125393,1,1.0,Bar,36.00,g,3,2024-12-19,2024-12-19
125394,1,1.0,Bar,36.00,g,3,2024-12-19,2024-12-19
125395,1,1.0,Bar,38.00,g,3,2024-12-19,2024-12-19
125396,1,1.0,Bar,38.00,g,3,2024-12-19,2024-12-19
125397,1,1.0,Bar,38.00,g,3,2024-12-19,2024-12-19
125398,1,0.5,cup,125.00,g,3,2024-12-19,2024-12-19
125399,1,37.0,g,37.00,g,3,2024-08-15,2024-08-15
125400,1,0.667,cup,90.00,g,3,2024-12-19,2024-12-19
125401,1,0.5,cup,120.00,g,3,2024-12-19,2024-12-19
125402,1,0.5,Cup Dry,40.00,g,3,2024-08-15,2024-08-15
125403,1,32.0,grams,32.00,g,3,2024-12-19,2024-12-19
125404,1,0.5,Cup,120.00,g,3,2024-12-19,2024-12-19
125405,1,0.25,cup,30.00,g,3,2024-12-19,2024-12-19
125406,1,0.5,cup,120.00,g,3,2024-12-19,2024-12-19
125407,1,0.5,Cup,125.00,g,3,2024-12-19,2024-12-19
125408,1,0.5,cup,130.00,g,3,2024-12-19,2024-12-19
125409,1,0.667,cup,165.00,g,3,2024-12-19,2024-12-19
125410,1,0.5,cup,125.00,g,3,2024-12-19,2024-12-19
125411,1,0.25,cup,30.00,g,3,2024-12-19,2024-12-19
125412,1,0.5,cup,125.00,g,3,2024-12-19,2024-12-19
125413,1,0.5,cup,120.00,g,3,2024-12-19,2024-12-19
125414,1,0.25,cup,30.00,g,3,2024-12-19,2024-12-19
125415,1,0.25,cup,30.00,g,3,2024-12-19,2024-12-19
125416,1,0.5,cup dry,40.00,g,3,2024-08-15,2024-08-15
125417,1,1.0,Per Serving,75.00,g,3,2024-08-15,2024-08-15
125418,1,0.5,cup dry,40.00,g,3,2024-08-15,2024-08-15
125419,1,5.0,oz.,142.00,g,3,2024-08-15,2024-08-15
125420,1,5.0,oz.,142.00,g,3,2024-08-15,2024-08-15
125421,1,5.0,oz.,142.00,g,3,2024-08-15,2024-08-15
125422,1,5.0,oz.,141.00,g,3,2024-08-15,2024-08-15
125423,1,8.0,oz,226.80,g,3,2024-08-15,2024-08-15
125424,1,1.0,serving,141.75,g,3,2024-08-15,2024-08-15
125426,1,5.0,Prunes,40.00,g,3,2024-12-19,2024-12-19
125427,1,0.5,cup,38.00,g,3,2024-12-19,2024-12-19
125428,1,1.0,Pizza,143.00,g,3,2024-08-15,2024-08-15
125429,1,1.0,frozen juice cup,132.00,ml,3,2024-08-15,2024-08-15
125430,1,1.0,frozen juice cup,132.00,ml,3,2024-08-15,2024-08-15
125431,1,1.0,frozen juice cup,132.00,ml,3,2024-08-15,2024-08-15
125432,1,1.0,frozen juice cup,132.00,ml,3,2024-08-15,2024-08-15
125433,1,1.0,frozen juice cup,132.00,ml,3,2024-08-15,2024-08-15
125434,1,1.0,frozen juice cup,132.00,ml,3,2024-08-15,2024-08-15
125435,1,1.0,frozen juice cup,132.00,ml,3,2024-08-15,2024-08-15
125436,1,1.0,frozen juice cup,132.00,ml,3,2024-08-15,2024-08-15
125437,1,1.0,frozen juice cup,132.00,ml,3,2024-08-15,2024-08-15
125438,1,1.0,Slice (127g),126.00,g,3,2024-08-15,2024-08-15
125439,1,4.5,oz cup,128.00,g,3,2024-12-19,2024-12-19
125440,1,4.5,oz cup,128.00,g,3,2024-12-19,2024-12-19
125441,1,4.5,oz cup,128.00,g,3,2024-12-19,2024-12-19
125442,1,4.5,oz cup,128.00,g,3,2024-12-19,2024-12-19
125443,1,4.5,oz cup,128.00,g,3,2024-12-19,2024-12-19
125444,1,4.5,oz cup,128.00,g,3,2024-12-19,2024-12-19
125445,1,1.0,serving,113.00,g,3,2024-08-15,2024-08-15
125446,1,4.5,oz cup,128.00,g,3,2024-12-19,2024-12-19
125447,1,4.5,oz cup,128.00,g,3,2024-12-19,2024-12-19
125448,1,4.5,oz cup,128.00,g,3,2024-08-15,2024-08-15
125449,1,4.5,oz cup,128.00,g,3,2024-12-19,2024-12-19
125450,1,4.5,oz cup,37.00,g,3,2024-12-19,2024-12-19
125451,1,1.0,Pizza (143g),141.40,g,3,2024-08-15,2024-08-15
125452,1,1.0,Breadstick,63.00,g,3,2024-08-15,2024-08-15
125453,1,1.0,breadstick (62g),61.88,g,3,2024-08-15,2024-08-15
125454,1,1.0,breadstix,85.00,g,3,2024-08-15,2024-08-15
125455,1,1.0,Pizza (90g),89.32,g,3,2024-08-15,2024-08-15
125456,1,1.0,Slice,106.00,g,3,2024-08-15,2024-08-15
125457,1,0.25,cup,40.00,g,3,2024-12-19,2024-12-19
125458,1,5.0,dates,40.00,g,3,2024-12-19,2024-12-19
125459,1,0.25,cup,40.00,g,3,2024-08-15,2024-08-15
125460,1,1.33,oz. package,37.70,g,3,2024-12-19,2024-12-19
125461,1,0.5,Cup,100.00,g,3,2024-12-19,2024-12-19
125462,1,0.5,Cup,128.00,g,3,2024-12-19,2024-12-19
125463,1,0.5,cups,100.00,g,3,2024-12-19,2024-12-19
125464,1,1.0,pouch,32.00,g,3,2024-12-19,2024-12-19
125465,1,32.0,g,32.00,g,3,2024-12-19,2024-12-19
125466,1,1.0,pouch,32.00,g,3,2024-12-19,2024-12-19
125467,1,1.0,PACKAGE (1.66 ONZ / 47 GRM),46.48,g,3,2024-08-15,2024-08-15
125468,1,1.0,package,42.00,g,3,2024-12-19,2024-12-19
125469,1,0.5,cup dry,40.00,g,3,2024-12-19,2024-12-19
125470,1,22.0,Chips,28.00,g,3,2024-12-19,2024-12-19
125471,1,1.0,Per 28g,28.00,g,3,2024-12-19,2024-12-19
125472,1,1.0,Bag,32.90,g,3,2024-12-19,2024-12-19
125473,1,1.0,Juice Box,200.00,ml,3,2024-12-19,2024-12-19
125474,1,22.0,chips,28.00,g,3,2024-12-19,2024-12-19
125475,1,1.0,package,56.00,g,3,2024-12-19,2024-12-19
125476,1,1.0,PACKAGE,56.00,g,3,2024-12-19,2024-12-19
125477,1,11.0,Chips,28.00,g,3,2024-12-19,2024-12-19
125478,1,1.0,PACKAGE,56.00,g,3,2024-12-19,2024-12-19
125479,1,1.0,Pouch,86.00,g,3,2024-04-18,2024-04-18
125480,1,1.00,Pull Apart,116.000,g,3,2025-01-23,2025-01-23
125481,1,1.00,Pull Apart,116.000,g,3,2025-01-23,2025-01-23
125482,1,5.00,Piece,92.000,g,3,2025-01-23,2025-01-23
125483,1,16.90,fl oz (500 mL) Per Serving,507.000,ml,3,2025-01-23,2025-01-23
125484,1,0.50,cup,125.000,g,3,2025-01-23,2025-01-23
125485,1,41.00,"Gr, 3 slices",41.000,g,3,2025-01-23,2025-01-23
